# address	name	signature	note
00401000	read_symbol_table	void read_symbol_table(void)	= shcmdl read_symbol_table 0040aad0 (same field order as shcmdl write_symbol_file 00404240). Called by shcgen_main 0041a860. Clears g_function_count, allocates g_symbol_table ((request +0xb0) + 0xb7) * 0x30 via malloc 0043a550 (fatal 0xbcd) and zeroes it (0042b250), then loops while the 2-byte symbol index read from g_sym_file is nonzero: index + 0xb6, flags |= 0x80, class byte, the class-dependent short for classes 3/4/9/11 (discarded), name (read_symbol_name), type byte, aggregate size when (type & 0xe0) == 0x60/0x80, bytes +03 +04 +05, short +06, reg +1e. Functions (type & 0xf8 == 0x48): class 1/3 -> read_function_info, others -> size = lookup_builtin_function_id(name) and flags |= 0x10 when nonzero. Class 1/3 non-functions with a name failing 0042b950 -> message 0x7e4. Class 10 -> read_scope_info; class 9 reads an int into +10. Classes 1..4 and 9 get their storage ea (+20): reg == -1 -> EAABS (0xd) with an 8-byte label_ref of the symbol (alloc_zeroed(8), 0042b1c0), else EAREGD reg (0042b180). At the end request->aux_count = g_function_count
00401470	read_function_info	void read_function_info(sym_entry *sym)	= shcmdl read_function_info 0040b130 (shape: return type, size, byte, parameter list, scope list). Only caller read_symbol_table (class 1/3 functions). sym +1c = g_function_count++ (the function's aux record index); reads the return type byte into +18, a 4-byte size when (type & 0xe0) == 0x60 (discarded), byte +19, then +0c = read_parameter_list(), +10 = read_function_scope_list(), +14 = read_symbol_extension(sym). param_1 was int; every access is a sym_entry field
00401500	read_parameter_list	void *read_parameter_list(void)	only caller read_function_info (result -> sym_entry +0c). Reads a 1-byte count, then per parameter a 2-byte symbol number (+0xb6) and a flag byte; a nonzero flag sets flags 0x20 on that parameter's sym_entry (shcmdl read_function_info: each parameter's byte goes to that symbol's +3). Stored 4 per 0x24-byte block (malloc ((n+3)>>2)*0x24, zeroed; {next +0, flag bytes +4..+7, shorts +8..+0e, 0x14 unused}), 0xffff after the last entry of a partial block, blocks chained through +0; NULL for count 0. Ghidra returns int *: the first block (struct sym_param_block in types_proposal.h)
00401670	read_function_scope_list	void *read_function_scope_list(void)	only caller read_function_info (result -> sym_entry +10). Reads a 2-byte count and that many 2-byte symbol numbers (+0xb6), 2 per 8-byte block (malloc ((n+1)/2)*8, zeroed; {next, short[2]}), 0xffff terminator in a partial last block, chained through +0; NULL for count 0. = the second list of shcmdl read_function_info ("scopes, see append_callee_scopes"). Returns the first block (struct sym_pair_block in types_proposal.h)
00401780	read_symbol_extension	unsigned char *read_symbol_extension(sym_entry *sym)	= shcmdl read_symbol_extension 0040aed0 (same flag logic). Only caller read_function_info (result -> sym_entry +14), so shcgen reads extensions only for class 1/3 functions. When sym_flags (+04) & 0x10: malloc 0xc, zeroed; flag byte at +0; flag & 2: +4 gets 4 bytes, or with flag & 4 a 2-byte symbol number (+0xb6) whose sym_entry gets flags |= 0x08; flag & 1: 4 bytes into +8. NULL when there is no extension (or on allocation failure, fatal 0xbcd). param_1 was int (reads +04 of it); returns byte * = types.h sym_entry.ext unsigned char *
00401850	read_scope_info	void read_scope_info(sym_entry *sym)	= shcmdl read_scope_info 0040b320 (class 10 symbols: two lists). Only caller read_symbol_table (class 10). sym +0c = read_scope_child_list(), +10 = read_scope_member_list(). param_1 was int
00401870	read_scope_child_list	void *read_scope_child_list(void)	only caller read_scope_info (-> sym_entry +0c of a class 10 symbol). Reads a 2-byte count and that many 2-byte symbol numbers (+0xb6), 6 per 0x10-byte block ({next, short[6]}; malloc ((n+5)/6)*0x10, zeroed), 0xffff terminator, chained through +0. The first list of shcmdl read_scope_info (the child-scope list, symbol numbers only; shcmdl write_symbol_class10_lists writes it first). NOTE types.h calls class-10 sym_entry +0c "member blocks (00401870)": by shcmdl's naming this is the child-scope list and 004019a0 reads the members
004019a0	read_scope_member_list	void *read_scope_member_list(void)	only caller read_scope_info (-> sym_entry +10 of a class 10 symbol). Reads a 2-byte count, then per member a 2-byte symbol number (+0xb6) and a flag byte (nonzero sets the member's sym_entry flags 0x20), 4 per 0x10-byte block ({next, flag bytes +4..+7, shorts +8..+0e}; malloc ((n+3)/4)*0x10, zeroed), 0xffff terminator, chained through +0. = the member list of shcmdl read_scope_info ("each member's byte goes to its +3")
00401b20	read_symbol_name	char *read_symbol_name(void)	only caller read_symbol_table (-> sym_entry +08). Reads a length byte and that many bytes from g_sym_file into a stack buffer, copies them NUL-terminated into the 0x100-byte string pool (g_string_pool_block / g_string_pool_cursor; a new malloc(0x100) block when the current one cannot hold len + 1; fatal 0xbcd) and returns the copy; NULL for length 0. shcmdl read_symbol_name 0040b040 reads the same bytes (calloc, length as a parameter); the pool scheme is shcpep read_asa_counted_string's
00401c00	lookup_builtin_function_id	int lookup_builtin_function_id(char *name)	callers read_symbol_table (non-class-1/3 function symbols: result -> sym_entry +0c, flags 0x10 when nonzero) and 0042b950. If name starts with "_builtin_" (strncmp 9 with 004413b0) compares the rest with each g_builtin_function_names entry (00441220: set_imask, get_imask, set_cr, get_cr, set_gbr, get_gbr, ...) and returns that entry's short id (+6, DAT_00441226); 0 when not found
00401c90	prepare_comparison_node	void prepare_comparison_node(gen_node *node)	PARAMS: Ghidra's // sig line says (void) but the body reads the node from the stack (00401c92 MOV ESI,[ESP+0xc] after two pushes) and the late-handler call passes it: one parameter. Late handler (g_late_handler_kind 3) of IL_EQ/IL_NE/IL_LT/IL_LE/IL_GT/IL_GE (indexes 35..40 of g_late_handler_table), called by dispatch_and_finalize_code_node. Picks the compare template with 00422180 (g_compare_eq_select for IL_EQ/IL_NE, else g_compare_rel_select). Usage 1 (condition): a scratch register from the chooser 0041fa30 goes to cond_regs[0] (+0x38) (none for float compares without FPU). Other usages: the T-bit result gets a register (dest +74 when it is EAREGD, else target_regs via 00430f00, else the chooser with pref_regs) written as value +68 EAREGD, opnd_class 0/1, busy/temp regs and g_used_gpr_mask updated
00401f30	prepare_logical_not_node	void prepare_logical_not_node(gen_node *node)	late handler of IL_NOT (index 5). Swaps the operand's true/false labels (desc +0c/+0e; makes a new label 0042b1e0 first when usage != 1 and the parent is not IL_NOT); a comparison / IL_AND / IL_OR / IL_NOT / built-in 0x10/0x14 call operand gets the destination passed through, otherwise a template is chosen through g_not_select (00423410) and 00431950; copies busy regs, frame top and preferences to the operand and runs dispatch_and_finalize_code_node on it; usage 1 marks the node handled (flags3 0x80 | 0x08); a constant operand is folded (0040ba90); value usage runs the template (00424c80) or takes the operand's value ea
00402200	prepare_unary_plus_node	void prepare_unary_plus_node(gen_node *node)	late handler of IL_PLUS (index 1, unary +). Passes the node's destination (dest +74, target_regs, ftarget_regs, the stack-push flag 0x08, the memory-result flag3 0x20) down to its operand, generates the operand (dispatch_and_finalize_code_node) and, when nothing was forwarded, takes the operand's value ea (+5c / +74 / g_ea_pop / +68) and opnd_class; flags3 |= 0x80 | 0x08
00402560	prepare_dereference_node	void prepare_dereference_node(gen_node *node)	late handler of IL_ASTER (index 3, unary *). Generates the address operand, then: aggregate results (type kind 0x80) take the operand's value; an address in a register / @(R0,Rn) becomes @Rn or @(disp,Rn) (EAIDREG / EADISP, opnd_class 3), @Rn+ / @-Rn (EAPOINC 4 / EAPRDEC 3) when the operand is IL_POI / IL_PRD on a register (0040d7d0); otherwise loads the address into a register chosen by 0041fa30 / 0041fc40 / 0041fde0 (float) via 00429060; function-typed results (0x48) get ea type bit 0x40; flags2 |= 0x02
00402d90	prepare_address_of_node	void prepare_address_of_node(gen_node *node)	late handler of IL_AMPER (index 4, unary &). Generates the operand, then: aggregates take the operand's value; an EAABS operand whose symbol has attr bit 0 clear becomes the immediate address (EAIMM, opnd_class 2/3); @Rn / @(0,Rn) not on the frame become the register (EAREGD); otherwise the template aamper002 (00455488, absolute) or aamper001 (00455418) is run (00424c80); an IL_ID operand goes to 0042fe80 afterwards
004031a0	prepare_member_node	void prepare_member_node(gen_node *node)	PARAMS: the // sig line says (void) but the body reads a stack parameter (004031a2 MOV ESI,[ESP+0xc]); one parameter. Late handler of IL_QUALIFY (index 8, struct member access). Generates the base operand; for a memory use (usage 3) of @Rn / @(disp,Rn) whose displacement plus the member offset (node +1c) is beyond the @(disp,Rn) range (> 15 byte, > 30 word, > 60 long, float on FPU targets) runs aqual001 (00455358) / aqual002 (004553b8) to get the address into a register and addresses @(R0,Rn) (EAINDEX); otherwise takes the operand's value ea and adds the member offset to its disp; aggregate results become the address immediate or are marked with ea bit 0x40
004034e0	prepare_bit_field_node	void prepare_bit_field_node(gen_node *node)	PARAMS: the // sig line says (void) but the body reads a stack parameter (004034e2 MOV ESI,[ESP+0xc]); one parameter. Late handler of IL_B_QUALIFY (index 9). Copies bit_offset / bit_width (node +01 / +04) into desc +04 / +05, takes the template 00430490 picks (00431950), generates the containing operand with pref_regs 4, flags2 |= 0x10; non-memory uses run the template (00424c80); memory uses (usage 3) pass the bit fields to the parent (an IL_ASSIGN parent takes the operand's address + member offset) or run the template and keep a copy of the value in saved_ea +60 (r2 @(disp) when the template has flag 0x20)
004037e0	prepare_cast_node	void prepare_cast_node(gen_node *node)	late handler of IL_CAST (index 0; the index table also maps ops 0x03..0x1f to it but only 0x20..0x7f are dispatched). Compares operand and result sizes (0042b820): a narrowing cast of a memory operand reads it in place (disp adjusted by the size difference unless request +0x2a), conversions select the cast templates through g_cast_select (00422180 / 00423410 + 00424c80, flags7 |= 0x02), a constant operand is folded (0040ba90), a same-size cast forwards the destination like prepare_unary_plus_node. An operand of an IL_MUL parent with short/char operand types may take the operand's type (00421e00)
004042e0	prepare_identifier_node	void prepare_identifier_node(gen_node *node)	PARAMS: the // sig line says (void) but the body reads a stack parameter (004042e2 MOV ESI,[ESP+0xc]); one parameter. Late handler of IL_ID (index 44). A variable cached in a scratch register (004300d0) uses it (EAREGD; reg_content flag 0x80, reused_regs). lreg 0x8000: r15 (0x1f / 0x2e for the FPU modes). Other lreg: the ea of its g_lreg_table record (+0x18 of the 0x24-byte entry). Otherwise the symbol's storage ea (sym_entry +20; class 2 sets sym flags 0x08); functions (0x48) become immediate addresses, with request->pic loaded by template aid001 (004552f8), and a built-in (sym flags 0x10) used other than as a callee reports 0x7e4; EAABS operands may reuse an address cached in a register (0042ff60). opnd_class 1 for a register, else 3
00404830	prepare_constant_node	void prepare_constant_node(gen_node *node)	late handler of IL_CONST (index 45). Pointer constant with a symbol (type 0x40, val2 != 0): EAIMM with an 8-byte label_ref of symbol val2 + 0xb6, opnd_class 3; float (0x30): ea type 0xe with both words; else EAIMM val, opnd_class 2. flags3 |= 0x80. Then, unless the parent's template takes the immediate itself (template flags2 0x40 / 0x20 / 0x10 by operand position) or it is the right operand of IL_ADD / IL_SUB with an immediate or register left operand, reuses a register already holding the constant (0042ff60) as its value (EAREGD) and updates busy/temp/reused masks; g_content_hit is restored afterwards
00404b20	new_label_operand	ea *new_label_operand(short labno)	19 calls (00404b90, 00404dd0, 00404ed0, 004053a0, 00411910, 00412390, 004141b0, 00426d00, 004297f0, 00429990, 00429b80, 00429d60): alloc_zeroed(8) label_ref filled with labno (0042b1c0(ref, labno, 0)), returns 004213a0(EAIMM 7, 0xff, 0xff, 0, 0, ref): the operand of JUMP / JUMPT / JUMPF / CALL records. Fatal 0xbcd with g_msg_* on allocation failure. param_1 was undefined2 (2 bytes kept)
00404b90	emit_logical_and_or_node	void emit_logical_and_or_node(gen_node *node)	emission handler of IL_AND / IL_OR (g_emit_handler_by_op entries 0x68 / 0x69). Emits both operands (emit_node_code); unless handled in place (flags3 0x80): usage 1 places the left operand's label (true for IL_OR, false for IL_AND) as a LABEL record (g_psd_record, 0042b0e0, 0042ab90); usage 2 (value) emits MOVI of g_ea_imm1 / g_ea_imm0 to the value, JUMP to a new label (new_label_operand), the other label, MOVI of the other constant, the new label; other usages place the label when the parent's op differs
00404d90	emit_comma_node	void emit_comma_node(gen_node *node)	PARAMS: the // sig line says (void) but the body reads a stack parameter (00404d91 MOV ESI,[ESP+8]); one parameter. Emission handler of IL_COMMA (entry 0x6c): emit_node_code on the first operand and on its next sibling (NULL when there is no first operand)
00404dd0	emit_conditional_node	void emit_conditional_node(gen_node *node)	emission handler of IL_COND (entry 0x7f, ?:). Emits the condition and the second operand, a JUMP (0x24) to a new end label, the condition's false label (first operand desc +0e) with g_cur_sptravel / g_max_sp_travel reset to their values before the second operand, the third operand (004335f0(node, 3)), the end label; g_max_sp_travel keeps the larger arm
00404ed0	emit_comparison_node	void emit_comparison_node(gen_node *node)	PARAMS: the // sig line says (void) but the body reads a stack parameter (00404ed7 MOV EBP,[ESP+0x1c]); one parameter. Emission handler of IL_EQ..IL_GE (entries 0x60 / 0x61 / 0x64..0x67). Runs the compare template (00414400); unless handled in place: usage 1 emits JUMPT (0x25) / JUMPF (0x26) to the true or false label (new_label_operand, register cond_regs[0]) by op, operand signedness and float mode (CMP/EQ #0,R0 first for float compares done by a runtime routine); usage 2 (value) materializes T through 00411b40 (XOR #1,R0 variant for the float routine case)
00405310	emit_logical_not_node	void emit_logical_not_node(gen_node *node)	PARAMS: the // sig line says (void) but the body reads a stack parameter (00405312 MOV EDI,[ESP+0xc]); one parameter. Emission handler of IL_NOT (entry 0x2c; this is the address entries.tsv records as the only .text pointer that is not a known function entry). Handled in place (flags3 0x80 and 0x08): emits the operand only; else runs the template (00414400) and, for a float operand without SH-4 that has a false label, emits XOR #1,R0 (0x82, g_ea_imm1, g_ea_r0)
004053a0	emit_call_node	void emit_call_node(gen_node *node)	emission handler of op 0x78 IL_ARG (entry 0x78), the argument list node under an IL_CALL (node->parent is the IL_CALL, parent->child the callee). Built-in calls (desc +06 != 0) write one 0x10 record (0042b110) with the arguments' values and return. Otherwise: reserves the struct return area (ADD #-size,R15, or MOVI + ADD for >= 0x80) or 8 bytes for a double result without FPU, emits the arguments (children 1..n-1) with g_pushing_operands set, moves register arguments into place (0042f500 + emit_template_record_sequence_for_node), emits the call: CALL (0x23) to the runtime label 0x49/0x4a for _builtin_strcmp, a 0x10 record for sym_flags 0x40 callees (004336a0 / 004336e0, error 0x1248), or JSR (0x95) through a register (error 0x1201 for frame-based operands); OP 0x2e for desc fpu_mode_flags 1; pops the pushed bytes (ADD #n,R15, MOVI + ADD for >= 0x80) and records the SP change (00420d10)
00406340	emit_node_code	void emit_node_code(gen_node *node)	16 calls (the emission handlers, 00412390, 00414400, 0041abe0, 0042a180): the emission dispatcher. Skips usage-0 nodes without side effect (flags2 0x40) unless the parent is IL_COMMA; ops outside 0x20..0x7f and missing handlers report 0x11fe. Calls g_emit_handler_by_op[op] (004415a0; 00414400 runs the template for most ops); an IL_ARG of a built-in other than 0x1d goes to 00414400, float multiply-add pairs (flags7 0x80, IL_ADD / IL_A_ADD with FPU) to 0042a180. Afterwards stores the value to dest (00413d80) or the memory result (00413bf0 + 00413d00), branches for condition usage (004141b0) except after , ?: compares && ||, loads a volatile value used for its side effect only (0042f500 + emit_template_record_sequence_for_node), and emits the ADD #8,R15 that drops a pushed 8-byte value (template flag 0x10)
00406830	alloc_zeroed	void *alloc_zeroed(unsigned int size)	= shcpep alloc_zeroed 00407890 (same code: size 1..0x400 and a multiple of 4, size-class tables of 32 on g_alloc_size_classes (malloc 0x108), alloc_from_chunks, zero fill; error 0xbcd through 00422100 = shcpep report_compiler_message). 69 calls (read_symbol_table, prepare_constant_node, new_label_operand, 0041b070 for the 0x84 node_desc, ...). Freed by pool_free
004069c0	alloc_from_chunks	void *alloc_from_chunks(alloc_chunk **head, int size)	= shcpep alloc_from_chunks 00407b80 (bump allocation in the class's 0x414-byte chunks, then their free lists, then a new chunk pushed at the head). Only caller alloc_zeroed. head takes alloc_chunk ** (types_proposal.h, shcpep's struct); without it void **
00406a40	pool_new_chunk	alloc_chunk *pool_new_chunk(void)	= shcpep pool_new_chunk 00407c00: malloc(0x414) chunk {next 0, cursor +14, end +414, free list 0, free count 0}. RETURN: Ghidra's sig says void (undefined) but both call sites in alloc_from_chunks use EAX (004069d2 MOV [ESI],EAX; 00406a1c TEST EAX,EAX): it must get the pointer return or the rebuild breaks (shcpep needed the same fix)
00406a70	pool_free	void pool_free(void *ptr, int size)	= shcpep pool_free 00407c30: finds the size class in g_alloc_size_classes (error 0x12e8 when none) and calls pool_free_in_chunk_list. 29 calls (0041be70 frees the 0x84 node_desc, 004182c0 label lists, 0041e150 ea, ...). param_1 was undefined4 *
00406b00	pool_free_in_chunk_list	void pool_free_in_chunk_list(alloc_chunk **chunk_list, void *ptr, int size)	= shcpep pool_free_in_chunk_list 00407cc0: finds the chunk holding ptr (error 0x12ea), double-free check (0x12eb), pushes ptr on its free list, frees the chunk (0043a610) when all 0x400/size blocks are free again. Only caller pool_free
00406bc0	generate_statement	void generate_statement(gen_node *stmt)	9 callers (generate_if_statement, generate_for_statement, 00407640 DO, 00407860 WHILE, 00407af0 block, 00415ec0, 00420220 SWITCH, 0042a790 labels). Sets g_msg_filn / g_msg_line from the node, writes an OP_LINE (0x1d) psd with a statement kind (IL_BLOCK 0, IF 1, WHILE 2, FOR 3, DO 4, SWITCH 5, GOTO 6, BREAK 7, CONTINUE 8, RETURN 9, expression 10, GLABEL / CLABEL / DLABEL 0xb..0xd; none for IL_EMPTY), then dispatches: IL_BLOCK fold_reg_constraints_into_global_masks, IL_SWITCH 00420220, IL_IF generate_if_statement, IL_FOR generate_for_statement, IL_WHILE 00407860, IL_DO 00407640, IL_RETURN 0042a5b0, IL_BREAK 0042aab0, IL_CONTINUE 0042a930, IL_GOTO 0042a9d0, labels 0042a790; any other op is an expression statement: its tree is read from g_ilb_file (00435480, error 0xce6) and generated (0041abe0). Sets g_last_stmt_jumps; for ops 0x10..0x1b invalidates r0..r3 / fr0..fr3 (0042fcb0(0xf000f)) and on SH-4 resets g_fpscr_pr to 2; sets / clears g_after_break. param_1 was byte *
00406ed0	generate_if_statement	void generate_if_statement(gen_node *stmt)	only caller generate_statement (IL_IF). Reads the condition tree (00435480, error 0xce6) and generates it with a new false label (0041abe0(cond, 0, label)); saves the register contents (00430220; SH-4 PR state 004220a0); drops the first child's operands, reads the then-statement (00433720) and generates it (generate_statement); reads the next record: IL_EMPTY -> LABEL false; else JUMP to a new end label (op 0x24 via 0042af80), LABEL false, invalidate r0..r3 / fr0..fr3, restore the contents (00430320, 004220d0), generate the else statement, LABEL end; pops the saved contents (004303e0, 004220e0) and frees the nodes (004333d0). param_1 was int
004071c0	generate_for_statement	void generate_for_statement(gen_node *stmt)	only caller generate_statement (IL_FOR). Generates the init expression unless IL_NULL (0x6f), JUMP to a new test label, LABEL body; saves and clears g_break_label / g_continue_label (IL_BREAK 0042aab0 / IL_CONTINUE 0042a930 make them on first use), reads and generates the body (generate_statement), places the continue label if one was made, generates the increment expression, LABEL test, then the condition: IL_NULL -> JUMP body, else 0041abe0(cond, body label, 0); places the break label if made and restores both; invalidates r0..r3 / fr0..fr3 and the SH-4 PR state at the labels. param_1 was int
00407640	generate_do_statement	void generate_do_statement(gen_node *node)	IL_DO (0x17) case of the statement generator 00406bc0. Makes a new label (0042b1e0) and emits LABEL (0x18) for the loop top; saves and clears g_break_label / g_continue_label; reads the body statement from the .ilb (00433720(g_ilb_file), error 0xce6 at EOF) and generates it (00406bc0); frees the old operands of node->child and sets its op to 0x71, reads the condition tree (00435480(NULL, g_ilb_file)); emits LABEL g_continue_label if a `continue` made one; generates the condition with true_label = the top label (0041abe0(cond, top, 0)); emits LABEL g_break_label if a `break` made one; restores both labels, frees the trees and clears node->child. Invalidates r0..r3/fr0..fr3 contents (0042fcb0(0xf000f)) at each label, resets g_fpscr_pr to 2 on SH-4.
00407860	generate_while_statement	void generate_while_statement(gen_node *node)	IL_WHILE (0x16) case of 00406bc0. Makes the condition label (also the continue label) and emits JUMP (0x24) to it, with a scratch register from 0041fa30(0,0,0) in psd +03 and 0041bae0 marking it (same sequence as the break / continue generators 0042aab0 / 0042a930); emits LABEL for the body top (second new label); generates the body read from the .ilb (00406bc0); emits LABEL condition; generates the condition read by 00435480 with true_label = body top (0041abe0(cond, top, 0)); emits LABEL g_break_label if used; saves/restores g_break_label (0045ee9c) and g_continue_label (0045fa04). Same tree handling as generate_do_statement (child op set to 0x6f here).
00407af0	generate_block_statement	void generate_block_statement(gen_node *node)	PROPOSED RENAME of fold_reg_constraints_into_global_masks: it is the IL_BLOCK (0x08) case of the statement generator 00406bc0 (the only call). Emits BBGN (0x16) when request +4 (optimize) is 0 and blkflg (node +0x18) bit 0 is clear; saves g_var_gpr_mask / g_var_fpr_mask and adds the registers of the block's sclass-6 symbols whose storage is EAREGD (walks g_symbol_table[node->symx + 0xb6].list_10, 0x10-byte blocks {next, ?, short symx[4]} ending at -1; register < 0x10 general, 0x10..0x1f float single, 0x20.. float pair); generates statements read from the .ilb (00433720 / 00406bc0, freeing node->child each time) until IL_E_BLOCK (0x09); emits a LINE record (0x1d) for the closing brace when the E_BLOCK's grandparent is IL_FUNC; restores the masks; emits BEND (0x17) under the same condition as BBGN. The "fold" is only the register-variable masks (the old name's part).
00407d80	write_asa_record	void write_asa_record(short kind, short symx)	dispatches one .asa (g_asa_file 0045f988) symbol record by kind: 1..5 write_asa_symbol_record, 6 write_asa_tag6_record, 7/8/9/0x10 write_asa_global_records, 0xd write_asa_label_count_record, 0xe write_asa_trailer_record; other kinds error 0x123e. The kinds are the tags shcpep load_symbol_aux_record_stream reads (shcpep's .asb writers are the same set: write_asb_symbol_record / tag6 / function_aux / label_count / trailer). Callers 00407f10, 00409b50, 00415460, 00415cd0, 0041ab90, 0042ab90
00407e20	write_asa_symbol_record	void write_asa_symbol_record(short kind, short symx)	.asa tags 1..5: {kind byte (0x81 for kind 1 of an sclass-1 symbol), symx (2), g_current_section->id (2), section +8 (4)}, then for kind 5 the name (write_asa_symbol_name). = shcpep write_asb_symbol_record's 9-byte record (shcpep reads type>4 names). Caller write_asa_record
00407ee0	write_asa_tag6_record	void write_asa_tag6_record(char kind)	writes the single byte kind (always 6 from write_asa_record) to g_asa_file (0042b6f0). = shcpep write_asb_tag6_record (load_symbol_aux_record_stream case 6 reads nothing more)
00407f10	write_asa_global_records	void write_asa_global_records(short kind, short symx)	kinds 7/8/9: one data symbol (write_asa_data_symbol_record). Kind 0x10: walks every symbol from 0xb7 to request +0xb0 + 0xb6 and writes the function / external records: sclass 1 (counted in g_asa_defined_count 0045d80c) and 3 with function type (type & 0xf8 == 0x48) and attr bit 7 clear -> kind 0xc; sclass 2 (counted in g_asa_external_count 0045d810) unless a function with flags 0x10 (built-in) -> kind 0xb (function) / 0xa (data) via write_asa_global_symbol_record; then the trailer (write_asa_record(0xe, 0)). Caller write_asa_record
00408040	write_asa_data_symbol_record	void write_asa_data_symbol_record(short kind, short symx)	.asa tags 7 (const), 8 (data), 9 (bss): {kind (|0x80 for sclass 1), symx (2), g_current_section->id (2), the section's location counter (4: +0x0c / +0x10 / +0x14 by kind, +0x10 when attr & 3)}, name (write_asa_symbol_name), attribute byte (write_asa_attribute_byte), sym_entry.reg. Matches shcpep load_symbol_aux_record_stream tags > 6 (name, attribute bits, one byte)
00408180	write_asa_global_symbol_record	void write_asa_global_symbol_record(short kind, short symx)	.asa tags 0xa / 0xb (external data / function: zero section and value, name, attribute byte, reg) and 0xc (defined function: the aux record of sym_entry +1c from g_aux_records: +0 frame size, +0xc, +0x24, +6, +4, +0x17, +8, range count +0x14 and each range {before reg, after reg, start, end} from the +0x18 list, the +0xa 0x8000 flag, the extension-record (sym_flags 0x10) bytes, name, aux +0x20, attribute byte, then aux +0x2c (0x17 bytes) and +0x28). Field for field the record shcpep load_symbol_aux_record_stream case 0xc reads; kind byte |0x80 for sclass 1/2, |0xc0 for sclass 2 without flags 0x08. Caller write_asa_global_records
004087a0	write_asa_trailer_record	void write_asa_trailer_record(char kind)	tag 0xe: kind byte, g_asa_defined_count (2), g_asa_external_count (2, first increased by the number of bits set in g_used_routine_bits), the 0x20 bytes of g_used_routine_bits (0045f960). = shcpep write_asb_trailer_record (shcpep's g_asa_trailer_value1/2/bytes)
00408830	write_asa_label_count_record	void write_asa_label_count_record(char kind)	tag 0xd: kind byte + the low 2 bytes of request->label_count. = shcpep write_asb_label_count_record (the terminator load_symbol_aux_record_stream stops at)
00408880	write_asa_symbol_name	void write_asa_symbol_name(char *name)	length byte + name bytes to g_asa_file; NULL writes a 0 length byte. = shcpep write_asb_symbol_name (read back by read_asa_counted_string)
004088f0	string_length	int string_length(char *str)	strlen without the NULL test of shcpep string_length 0040f070. RETURN: Ghidra's sig says undefined (void) but EAX holds the count (00408901 RET after INC EAX loop) and write_asa_symbol_name stores AL (0040888d CALL; 00408896 MOV [ESP+0xb],AL): must return int, as shcpep's string_length does
00408910	write_asa_attribute_byte	void write_asa_attribute_byte(unsigned char attr)	writes sym_entry.attr bits 0x01/0x02/0x04/0x08/0x10/0x20 (bit 7 / 0x40 dropped) as one byte to g_asa_file; shcpep load_symbol_aux_record_stream reads the same six bits back. Callers write_asa_data_symbol_record, write_asa_global_symbol_record
00408970	write_sud_initialized_data	void write_sud_initialized_data(void)	reads the .int stream (g_int_file 0045f98c) symbol by symbol (2-byte symx until a 0 read; leading 0xe8 bytes counted into g_int_nesting_depth) and writes each initialised variable to the .sud: section switch records {0x0d CONST | 0x0e DATA, section id (2)} through append_sud_bytes when the symbol's section changes (const = type & 1 and not volatile, else data; tracked in g_sud_const_section / g_sud_data_section, g_current_section via 004201e0), then write_sud_variable_initializer, then sets sym_entry.flags 0x40 (allocated). Flushes g_sud_hold_buffer and the main buffer at the end. Only caller 00415460 (which then writes the 0x0f BSS records). Record tags are psd op numbers (OP_CONST 0x0d, OP_DATA 0x0e, OP_BSS 0x0f, OP_DC 8, OP_DS 0x0a, OP_DSTR 0x0b, OP_LABEL 0x18)
00408ce0	align_sud_location_counter	void align_sud_location_counter(void)	pads the current section's location counter (g_current_section +0x0c const / +0x10 data, chosen as in set_symbol_address_from_location_counter) to the alignment of symbol g_sud_symx: 4 for int/pointer/aggregate types and attr 0x40 (cases on counter & 7 / & 3 / & 1), 2 for short types; each pad is a DS record ({0x0a, size code 0/1/2}, count 1) through append_sud_bytes; error 0xc81 on wrap. Callers write_sud_variable_initializer, write_sud_aggregate_initializer
004090f0	write_sud_scalar_initializer	int write_sud_scalar_initializer(unsigned short elem_type)	reads one value of type elem_type from g_int_file and appends it with a 4-byte relocation word: 1 byte (type 0), 2 (8), 4 (0x10/0x18/0x28), 8 bytes for double (word order swapped when request +0x2a is set), address (0x40: symx (+0xb6) and offset; error 0x7e4 for a built-in, marks the symbol flags 0x08 referenced, relocation word 1) and strings (0x98: DSTR 0x0b, length, bytes via g_sud_string_buffer); advances the location counter (advance_sud_location_counter). Always returns 0 (callers keep it)
004094f0	write_sud_variable_initializer	int write_sud_variable_initializer(unsigned short first_type)	initialiser of symbol g_sud_symx: aggregates (type & 0xe0 0x60/0x80) go to write_sud_aggregate_initializer; scalars: align_sud_location_counter, set_symbol_address_from_location_counter, write_sud_symbol_label, a DC header {8, dc_size_code_of_type} with count g_sud_dc_unit (2 for doubles), write_sud_scalar_initializer, then reads the closing byte of the .int record. Returns the scalar writer's result. Caller write_sud_initialized_data
00409610	set_symbol_address_from_location_counter	void set_symbol_address_from_location_counter(void)	sym_entry.frame_offset (+2c) of g_sud_symx = the current section's location counter: +0x10 for attr bit 0 / bit 1 (GBR-relative) symbols, +0x0c for const (type & 1, not volatile), +0x10 otherwise
004096b0	write_sud_aggregate_initializer	int write_sud_aggregate_initializer(unsigned short elem_type)	array / struct initialiser of g_sud_symx: aligns, sets the address, writes the label; sclass 9 takes one scalar; otherwise walks the .int element bytes while g_int_nesting_depth > 0: 0xe8 opens a level, 0xf0 closes one, 0xe0 a gap ({0x09 DZ, 0} + the 4-byte size read from .int, location advanced, open DC run closed), 0x98 strings, other element types extend the open DC record in place (g_sud_*_dc_count patched through g_sud_*_dc_count_field while the count stays <= 0xff and the type repeats) or start a new one (begin_sud_dc_record), each value by write_sud_scalar_initializer. Returns the last scalar result
00409a50	begin_sud_dc_record	void begin_sud_dc_record(unsigned short elem_type)	starts a DC record for the next run of elements: resets the open count (data or const side), and unless elem_type is 0x98 (string) appends {8 (DC), size code (dc_size_code_of_type)} + the 4-byte unit count g_sud_dc_unit with mode 2, so append_sud_bytes remembers where the count is (g_sud_data_dc_count_field / g_sud_const_dc_count_field)
00409b50	write_sud_symbol_label	void write_sud_symbol_label(void)	for g_sud_symx: closes the open DC run of its side (data: g_sud_data_dc_count_field / g_sud_data_dc_count = 0; const: the const pair), writes the .asa data symbol record (write_asa_record(8 data / 7 const, symx)) and appends the .sud LABEL record {0x18, symx (2), 4 zero bytes} (7 bytes)
00409c10	append_sud_bytes	void append_sud_bytes(char *bytes, int count, char mode)	the .sud buffer: the current symbol's side (data vs const by type) goes to the main buffer (g_sud_buffer_start..g_sud_buffer_cursor, 0xa8c bytes) when g_sud_buffer_holds_data matches, else to g_sud_hold_buffer (0xa8c bytes, length g_sud_hold_length); a full buffer is written to g_sud_file (0042b6f0) and an open DC record (mode 2 marked its count field + 2) is carried over into the hold buffer so its count can still be patched; mode 0 writes straight through on overflow. WIDTH: Ghidra typed count as char * but it is a 4-byte byte count (all callers pass (char *)N), so int. Notes' "stream packer around DAT_0045d818 / 0045f9f4 / 0045fe64 / 0045f9f0" is this function
0040a2e0	skip_int_close_marker	void skip_int_close_marker(void)	reads one byte from g_int_file; 0xf0 (close of a nesting level) decrements g_int_nesting_depth. Caller write_sud_aggregate_initializer (sclass 9 case)
0040a310	dc_size_code_of_type	short dc_size_code_of_type(unsigned char type)	DC size code of an element type: 0 bytes (char, aggregates of char), 1 words (short), 2 longs (everything else, doubles counted twice by g_sud_dc_unit). Callers write_sud_variable_initializer, begin_sud_dc_record take the low byte
0040a370	advance_sud_location_counter	void advance_sud_location_counter(int size)	adds size to the current section's location counter (+0x0c const / +0x10 data or GBR-relative), error 0xc81 on wrap. Callers write_sud_scalar_initializer, write_sud_aggregate_initializer
0040a3f0	begin_function_code	void begin_function_code(gen_node *node)	called by lower_current_code_node_with_reg_stream before the body: clears g_continue_label, g_function_no_saves, g_break_label, g_return_label; if 0042b950 rejects the function name (a built-in / runtime routine name) message 0x7e4 with the name; else emits FLABEL (0x1b) of symbol node->symx + 0xb6, ENTER (0x20) unless sym_flags 0x40, and move_parameters_to_storage. Sets g_current_aux->flags 0x8000 for sym_flags 0x04 and +0x0b bit 0x40 for sym_flags 0x10; g_current_function = symx + 0xb6
0040a580	move_parameters_to_storage	void move_parameters_to_storage(gen_node *node)	for each parameter of the function (sym_entry.size list of 0x24-byte blocks: next, short symx[4] at +8 (-1 ends), flag byte[4] at +0x10, home location int[4] at +0x14) whose flag has bit 0x02: builds the home operand from the block (flag 0x04: the register in the low byte, else @(disp, frame 0x6c)) and the arrival operand from sym_entry.storage (EAREGD -> register, else @(disp, frame)), makes the home the symbol's storage (0042b7e0 copies an ea, dst first), and emits the move arrival -> home (ea1 source, ea2 destination): MOV (0x40) register to register, MOV_LOC (0x27) for memory (with a scratch register from 0041fa30), op 0xb0 for float registers on SH-3E/SH-4 (double on SH-4 as two single moves fr-0x10 / fr-0xf); size code 0/1/2 from the type, misc 0x40 unsigned / 0x80 register home. Caller begin_function_code
0040ad10	end_function_code	void end_function_code(gen_node *node)	called after the body: emits LABEL g_return_label when g_return_label_used; with optimisation on (request +4) and g_no_reg_ranges 0 runs remap_register_variables_to_scratch_registers; completes the saved-register masks (r1 / r0 added when the frame passes 0x7f / 0x80 bytes; without sym_flags 0x10 (an interrupt-style function saves its scratch registers too) the masks keep only r8..r14 and the callee-saved float bank, MAC only with request macsave, system regs 0; attr 0x10 forces r8..r14 + MAC + system regs, attr 0x0c (when 0x10 is clear) drops them; request reg_mask_150 removes registers; no FPU clears the float masks) and fills g_current_aux: +0 frame size (g_max_temp_frame + g_local_frame_size), +4 gpr mask, +6 fpr mask, +0x17 g_saved_mac_mask, +8 g_saved_sys_mask, +0xc max stack (+g_max_push_depth), +0x20 g_stmt_serial, ORs aux +0x2c (0x17 bytes) into g_used_routine_bits; error 0xc84 on negative sizes; emits EXIT (0x21); g_function_no_saves clears the masks and sets flags 0x8000
0040b0d0	remap_register_variables_to_scratch_registers	void remap_register_variables_to_scratch_registers(void)	closes the open validity ranges of r0..r3 / fr0..fr3 (reg_content ranges_tail end = g_stmt_serial), merges/sorts g_lreg_table (merge_and_sort_lreg_entries), then for each variable in a saved register (> r7, or flagged 0x80, below 0x20, outside the scratch float bank) looks for one of r0..r3 (fr0..fr3) whose free ranges (g_gpr_contents[i].ranges) cover every live range of the variable; on success appends aux_reg_range records {next, before reg, after reg (r_i or 0x10+i), start, end} to g_current_aux +0x18 (count +0x14; +0x28 = the register when it goes to r0 with flag 0x40), cuts those ranges out of the scratch register's free list (split / trim / free 0xc), renames the register in g_lreg_table (when request +0x16) and swaps the bits in g_used_gpr_mask / g_used_fpr_mask. These are the remap ranges shcpep apply_function_register_remap applies. Caller end_function_code
0040b4f0	merge_and_sort_lreg_entries	void *merge_and_sort_lreg_entries(void)	over g_lreg_table (0x24-byte entries ending with lreg 0): entries with the same register get their live-range lists merged (merge_live_range_lists) and r0-use lists merged (merge_r0_use_lists) into the first; computes each entry's total live length (+0x0c, sum of end - start + 1); entries whose live ranges overlap (live_range_lists_overlap) lose flag 0x80 and their r0 uses are released (0041ba90); entries flagged 0x80 are swapped to the front; then sorts by live length ascending (swaps of 9 dwords via 0042b220). RETURN: the value is a leftover of the last swap (Ghidra short *); the only caller remap_register_variables_to_scratch_registers ignores it
0040b770	live_range_lists_overlap	int live_range_lists_overlap(reg_range *a, reg_range *b)	1 when any range of list a intersects a range of list b ({next, start, end} 0xc-byte records, the reg_range layout), else 0. RETURN: Ghidra's sig says undefined (void) but EAX is the result (0040b771 XOR EAX,EAX / 0040b7ad MOV EAX,1) and the caller tests it (0040b61c TEST EAX,EAX): must return int
0040b7c0	merge_live_range_lists	reg_range *merge_live_range_lists(reg_range *a, reg_range *b)	merges two start-sorted range lists into one, coalescing adjacent or overlapping ranges (freeing the absorbed 0xc records with 00406a70); error 0x1211 on a self-link. Caller merge_and_sort_lreg_entries
0040b8e0	merge_r0_use_lists	void *merge_r0_use_lists(void *a, void *b)	merges two sorted lists of 0x14-byte blocks {next, 4 statement serials, 0 ends} into a newly allocated list, freeing the inputs (00406a70(.,0x14)). The serials are where the variable needs r0 (0041ba90 marks r0 busy at each one). Would take struct r0_use_block * (types_proposal.h). Caller merge_and_sort_lreg_entries
0040ba90	fold_constant_node	void fold_constant_node(gen_node *node)	folds a node whose operands are constants (called by 00401f30, 004037e0, 0040ec70, 0040efd0, 00422180): by op IL_CAST -> fold_constant_cast, IL_PLUS/MINUS/CMPL -> fold_constant_unary, IL_NOT -> fold_constant_not, ADD/SUB/MUL/DIV/MOD -> fold_constant_arithmetic, SL/SR/B_AND/B_XOR/B_OR -> fold_constant_bitwise, EQ..GE -> fold_constant_comparison, AND/OR -> fold_constant_logical; else error 0x1220. Status 1 -> message 0x4b1, 4 -> 0x4b0, 6 -> 0x9c5. Sets desc flags3 0x80 (and 0x08 when flags2 0x40 / +1a / +28 set), opnd_class 2 (constant), clears the operands' flags2 0x08 for doubles, value = EAIMM (7) with the folded +6c, or type 0xe (double constant) with +6c/+70
0040bd00	fold_constant_not	short fold_constant_not(gen_node *operand, gen_node *node)	!operand into node's desc value (+6c): float (004361a0), double (00436220), signed (00436330) or unsigned/pointer (00436680). RETURN: Ghidra uint with the high half from garbage EAX (in_EAX & 0xffff0000); the only caller fold_constant_node takes (short): short | callers use the low half
0040bdb0	fold_constant_unary	short fold_constant_unary(char op, gen_node *operand, gen_node *node)	IL_MINUS ('%'): negation (signed 00436310 / unsigned 00436660 / float 00436160 / double 004361d0); IL_CMPL ('-'): complement (00436360 / 004366b0); IL_PLUS nothing. RETURN: short as fold_constant_not | callers use the low half
0040bec0	fold_constant_cast	short fold_constant_cast(gen_node *cast_node, gen_node *operand, gen_node *node)	converts operand's constant to the type of the cast (int<->float/double via 00435f80 / 00435d30 / 00435e00 / 00436080 / 00435e20 / 00435f60 / 00435bb0 / 00435bf0 / 00435c30 / 00435cd0, double copy 0042b220, else word copy) and then sign/zero-extends +6c to char or short. fold_constant_node passes the node as both cast_node and node (param 1 is reused by Ghidra as a temporary, hence its uint type). RETURN: CONCAT22(junk, status): the caller takes (short): short | callers use the low half
0040c1b0	fold_constant_arithmetic	short fold_constant_arithmetic(char op, gen_node *left, gen_node *right, gen_node *node)	IL_ADD/SUB/MUL/DIV/MOD (0x40/0x41/0x44/0x46/0x47) of two constants into node's +6c, signed / unsigned / float / double helper per op (00436250.., 004365a0.., 004368b0.., 00436e50..). WIDTH: op stays 1 byte. RETURN: short as fold_constant_not | callers use the low half
0040c5a0	fold_constant_bitwise	short fold_constant_bitwise(char op, gen_node *left, gen_node *right, gen_node *node)	IL_SL (0x48 falls to the common shift-left call 00436560 / 00436880), IL_SR 0x49, IL_B_AND 0x4c, IL_B_XOR 0x4d, IL_B_OR 0x4e; signed vs unsigned helpers by left's type. RETURN: short as fold_constant_not (default returns the garbage high half only) | callers use the low half
0040c7c0	fold_constant_comparison	short fold_constant_comparison(char op, gen_node *left, gen_node *right, gen_node *node)	IL_EQ/NE/LT/LE/GT/GE (0x60..0x67) of two constants: the 0/1 result into node's +6c, helpers per type (signed 00436380.., unsigned 004366d0.., float 00437650.., double 00437850..). RETURN: short as fold_constant_not | callers use the low half
0040cd30	fold_constant_logical	short fold_constant_logical(char op, gen_node *left, gen_node *right, gen_node *node)	IL_AND ('h') / IL_OR ('i') of two constants with C short-circuit: left's truth via the NOT helpers of fold_constant_not, the right one only when needed; stores 0/1 in node's +6c. RETURN: short as fold_constant_not | callers use the low half
0040ceb0	dispatch_and_finalize_code_node	void dispatch_and_finalize_code_node(gen_node *node)	KEEP the name. The generic per-node generator (called by every late handler for its operands: 00401f30, 00402200, 00402560, 00402d90, 004031a0, 004034e0, 004037e0, generate_assign_node, 0040e050, 0040e880, 0040ec70, 0040efd0, 0040f320, 0040ff00, 00410eb0, 0041abe0, 00421890, 00422180). (1) SH-4 with PR tracking: desc fpscr_pr = g_fpscr_pr (again at the end). (2) double (type 0x30) used as a condition (usage 1) off SH-4: flags2 |= 0x08; cleared again after generation when opnd_class became 2. (3) Skips code when usage 0, no side effect (flags2 0x40 clear) and the parent is not IL_COMMA. Otherwise, by g_late_handler_index_by_op (00431e40): flags7 0x80 -> 00421890 (float multiply-add); kind 3 -> calls the handler; kinds 1/2 -> 00422180(node, tmpl_select, kind); kind 4 -> 004113d0 picks the cpu-variant entry (0 = kind 2 with the second pointer, else kind 1). (4) volatile type (type 2): value (+68) type |= 0x80. (5) flags3 0x20 clear and a value present: no dest (+74 type 0): flags2 0x08 -> move to @-R15 (g_ea_push) with 00429060 size 0x30 macro 0x1500; flags2 0x04 -> same with 0x60 (8-byte push); target_regs (+14) -> EAREGD of 00430f00(target) and 00429060(value, reg, 0x30, node, 0xc00, type, excluded = (short)(busy_regs | 0xfff0), regs of value (00430e20)); ftarget (+22) -> EAREGD 00430f30(ftarget), excluded fbusy<<16 | busy | 0xfff0. With a dest that differs (00420ca0 == 0): 00429060(value, dest, 0x30, node, macro 5, or 0xd00 for an aggregate (0x60) going to a register; type 0x40 for struct values except struct-to-struct assigns) with excluded busy | 0xfff0 (fbusy<<16 too under IL_ASSIGN). (6) flags3 0x20 and a value present: the register for the address: 0041fa30(excluded = registers of value (00430e20), preference = 2 (r1) for aggregates (type & 0xe0 0x60) else desc pref_regs (+12), 0); the bit goes into busy_regs, g_used_gpr_mask and temp_regs; addr_reg_ea (+58) = EAREGD reg, addr_reg (+46) = reg, mem_ea (+5c) = copy of +58 with type EADISP (8) (= @(0,Rn)); then 00429060(value, mem_ea, 0x30, node, 5, ...). (7) usage 1 and (op outside IL_EQ..IL_COMMA, not IL_NOT / IL_COND, or flags3 0x80) -> 004289f0 (condition). (8) usage 0 with side effect for IL_ID handled in place (flags3 0x80), IL_ASTER or IL_QUALIFY (a volatile read kept for its effect): register = 0041fa30(busy_regs, 0, 0), retried as 0041fa30(0, 0xf, 0) when -1; stored in regs_2c[0]; bit added to busy_regs, g_used_gpr_mask, temp_regs; its cached content invalidated (0042fcb0(bit)). This is the "0x40d400 store to +0x2c" of the notes. (9) first operand with flags2 0x02 and usage 3 -> 0042fdb0(0xf000f). flags2 0x02 propagated to the parent; IL_COND / IL_AND / IL_OR set flags3 0x01. (10) temp_regs (+18) and ftemp_regs (+26) ORed from the first two operands; then ORed into the parent with cached (+1a), reused (+1c), fcached (+28), freused (+2a); parent frame_low (+4c) = min; flags3 0x01 propagated
0040d5d0	frame_operand_sp_displacement	int frame_operand_sp_displacement(ea *operand)	SP-relative displacement of a frame operand (base 0x6c) at the current point: g_sptravel + g_max_temp_frame + g_local_frame_size + disp + 4 for a negative disp; for disp >= 0 (incoming arguments) also 4 per saved r8..r14 (g_used_gpr_mask & 0x7f00) and per saved MACH/MACL (request macsave, g_saved_mac_mask), or 0x1c (r8..r14) when attr 0x10 forces their save, nothing when attr 0x0c; +4 for PR unless sym_flags 0x04; +4 when the function returns a struct or double. The shcgen-side estimate of shcpep frame_offset_to_sp_displacement. Callers 004037e0, operand_access_needs_r0
0040d690	operand_access_needs_r0	int operand_access_needs_r0(ea *operand, unsigned char type)	1 when a load/store of the given type through this operand must use R0 as the data register: @Rn / @(disp,Rn) (type 2 / 8, no labels) with a byte disp 1..15 or a word disp 2..30 (SH MOV.B/W @(disp,Rn) forms), the same test on the SP displacement of a frame operand (frame_operand_sp_displacement), or an absolute operand (EAABS 0xd) of a GBR-relative symbol (attr & 3: @(disp,GBR)) of char/short/int/pointer type (float only without an FPU). Callers set the value's preference to r0 (generate_assign_node: pref_regs = 1); callers 00402560, 004037e0, 0040d9e0, 00422180, 004289f0 test it == 0 / != 0
0040d7d0	release_node_registers	void release_node_registers(gen_node *node)	undoes a node's register choices before it is generated again: collects the registers of regs_2c / regs_34 / regs_41 / regs_44 / regs_3d / cond_regs / addr_reg / reg_47 (general ones < 0x20 only for 2c and 38) and sets the slots to 0xff; busy_regs = the previous operand's (or the parent's, for the first operand: 00433350 operand position, 004335f0 n-th child) plus the registers of value; temp_regs = OR of the operands'; g_last_chosen_reg = -1, g_avoid_reg_mask = 0; invalidates the released registers' contents (0042fcb0). Callers 00402560, generate_assign_node
0040d9e0	generate_assign_node	void generate_assign_node(gen_node *node)	late handler of IL_ASSIGN (0x5f; g_late_handler_table index 34, kind 3). Picks the store template first (bit-field left IL_B_QUALIFY: 00430890(node, 1); aggregate: 00430ff0(node, 0); else 00423410 with the matrix 00449738, or 004497d0 when request +0x2a) and applies its operand preferences (00431950); generates the left operand with the node's busy_regs / fbusy_regs / frame_top (minus the template's clobbers +31); copies the left value to the right operand's dest when it must land there (doubles off SH-4, aggregates, register left); right operand pref_regs = 1 (r0) when operand_access_needs_r0(left value); a left register variable not needed by the right side becomes the right side's preference and is taken out of g_var_gpr_mask while the right side is generated; then the right operand; when 0041e280 asks for it, releases (release_node_registers) and regenerates the right side (004111e0) into the left's address with g_chooser_extra_excluded = the left's register; then either the value is already in place (copies the template's 00431a30 operands, tmpl = 0, flags3 0x80 | 0x08) or re-selects the template and emits it (00424c80(node, tmpl, 0x10, ...)); finally records that the left IL_ID's register holds the variable (0042fe80 / 0042f830 for r0..r3 / fr0..fr3)
0040e050	generate_conditional_node	void generate_conditional_node(gen_node *node)	late handler of IL_COND 0x7f (g_late_handler_index_by_op[0x7f] = 47, kind 3 -> 0040e050). Children: condition = child 1, then = child 2, else = child 3 (004335f0(node,3)). Usage 1: both arms get the node's true/false labels (desc +0c/+0e); otherwise both arms get one destination: target_regs +14 / ftarget_regs +22 (00430f00 / 00430f30), a free register chosen with 0041fa30 / 0041fc40 / 0041fde0, the node's dest +74, or a push (flags2 0x08, opnd_class 3). The condition gets a fresh false_label (0042b1e0); each part is generated with 0040ceb0, the arms bracketed by the register-content save / restore / pop 00430220 / 00430320 / 004303e0 and on SH-4 by 004220a0 / 004220d0 / 004220e0 (g_fpscr_pr = 2 after); 0042fcb0(0xf000f) invalidates r0..r3 / fr0..fr3; ends by choosing regs_2c[0] (0041fa30).
0040e880	generate_comma_node	void generate_comma_node(gen_node *node)	late handler of IL_COMMA 0x6c (kind 3 -> 0040e880). Generates the left operand then the right one (0040ceb0 each, copying busy_regs / fbusy_regs / frame_top / flags7 0x40 and the preference masks from the node); the right operand inherits the node's labels (usage 1), destination register (target_regs +14 / ftarget_regs +22) or dest ea +74 / in-memory flag (flags3 0x20); the node's value +68 and opnd_class are then copied from the right operand (its mem_ea +5c, dest +74, g_ea_pop when pushed, or value +68).
0040ec70	generate_logical_and_node	void generate_logical_and_node(gen_node *node)	late handler of IL_AND 0x68 (kind 3 -> 0040ec70). Both operands share the node's false_label +0e (a fresh 0042b1e0 label when unset); the right one also gets the true_label; generates left then right with 0040ceb0; invalidates r0..r3 / fr0..fr3 (0042fcb0(0xf000f)) unless the parent is another IL_AND ('h'); both operands constant (opnd_class 2) -> fold with 0040ba90; usage 2 chooses the result register (target_regs or 0041fa30) and regs_2c[0]; SH-4: g_fpscr_pr = 2 when the operands end in different PR states (desc +09). PARAMS: the // sig line says (void) but the code reads the node from its first stack argument (0040ec72 MOV ESI,[ESP+0xc] after two pushes), the dispatcher 0040ceb0 calls it with the node, and the rebuild already has 1 parameter. Mirror of 0040efd0.
0040efd0	generate_logical_or_node	void generate_logical_or_node(gen_node *node)	late handler of IL_OR 0x69 (kind 3 -> 0040efd0): the code of 0040ec70 with true_label +0c and false_label +0e swapped and the parent test against 'i' (IL_OR). PARAMS: the // sig line says (void) but 0040efd2 MOV ESI,[ESP+0xc] reads the node argument (rebuild has 1 parameter).
0040f320	generate_argument_list_node	void generate_argument_list_node(gen_node *args)	late handler of IL_ARG 0x78 'x' (g_late_handler_index_by_op[0x78] = 46, kind 3 -> 0040f320): the argument list, second child of an IL_CALL, ended by IL_E_ARG 'y'. For a struct-returning call (type kind 0x60) computes the 4-rounded return size and, when > 0x7f, picks the call's regs_34[0]; assigns argument registers (0040f840(args, 0)); generates every argument up to 'y' with 0040ceb0, freeing its target register (target_regs +14) from busy_regs and g_var_gpr_mask while it is generated, summing the 4-rounded sizes of pushed arguments (flags2 0x08); then 0041f450(args, 0) and 0041e280(call, callee, args); SH-4 sets fpu_mode_flags 0x01 and g_fpscr_pr = 2; finally 0040f610(call, pushed bytes, return size). PARAMS: the // sig line says (void) but 0040f325 MOV ESI,[ESP+0x1c] reads the node argument (rebuild has 1 parameter).
0040f610	choose_call_registers	void choose_call_registers(gen_node *call, int pushed_bytes, int return_size)	registers of the call sequence. pushed_bytes == -1: recomputed from the IL_ARG children (flags2 0x08, 0042b820 sizes rounded to 4). For struct / non-SH-4 double returns picks the call's regs_34[1] (reusing regs_34[0] when allowed); on the IL_ARG node (call->child->next) picks regs_2c[0] for the callee address unless the callee operand is @Rn or @(0,Rn) without labels, regs_2c[2] / [3] when its fpu_mode_flags bit 0 is set (PR switch around the call), and regs_2c[1] when pushed_bytes + return_size > 0x7f (stack adjustment beyond add #imm). Callers 0040f320 (after the arguments) and 004111e0 (IL_CALL nodes, pushed_bytes -1).
0040f840	assign_argument_registers	void assign_argument_registers(gen_node *args, int skip)	walks the arguments of an IL_ARG list from child (count - skip - 1) down to child 1 (00433640 / 004335f0) and gives each a register: integer / pointer / array / function (and float without an FPU) the first free of r4..r7 (mask 0xf0, at most 4) in target_regs +14 and g_used_gpr_mask; with an FPU (cpu 4, or cpu 2 with request +0x37 == 3) floats the next free register of the scratch bank (request +0x149 registers from bit 4) in ftarget_regs +22 / g_used_fpr_mask, SH-4 doubles a free pair; the rest (no register left, structs, and positions <= count - call->call_06 when the call's val3 bit 0 is set) get flags2 0x08 (pushed). ORs into each argument's need_regs +32 the next sibling's. skip: 0 from 0040f320, 2 from 0040ff00 (BI_TRAPA_SVC). Evidence for call_06 / val3 bit 0: read here only.
0040faa0	check_builtin_immediate_argument	void check_builtin_immediate_argument(gen_node *args)	for built-ins whose g_builtin_info flags have 0x80 (called by 0040ff00): the argument selected by flags & 7 (7 = the last real one, count - 1) must be a constant (opnd_class 2), else message 0xaf1 and the node becomes IL_CONST 0 (EAIMM #0); its value (desc value.disp +6c) is range-checked: flags 0x20 0..0xff, 0x10 0..0x1fe and even, otherwise 0..0x3fc and a multiple of 4 (the @(disp,GBR) byte / word / long ranges); message 0xaf2 out of range, 0xaf3 misaligned; the masked value is written back with 0042b180 when it changed.
0040fca0	check_trapa_svc_arguments	void check_trapa_svc_arguments(gen_node *args)	only when the IL_ARG node's builtin (desc +06) is 0x1c (BI_TRAPA_SVC): needs 2..6 arguments (message 0xaf0); below 2 prepends IL_CONST nodes of type 0x10 (00433580(0x71), fresh 0x84-byte descriptor with the slot bytes set to 0xff as 0041b070 does, usage 2, 004335c0); the last two arguments must be signed int (type & 0xf8 == 0x10), the others int / float / pointer / function, else message 0xaf1 and the type byte is forced to 0x10. The stock code clears args +0x18 instead of the new node's (kept for byte identity). Caller 0040ff00.
0040ff00	generate_call_node	void generate_call_node(gen_node *call)	RENAME (was finalize_x_node_from_child_chain): this is the late handler of IL_CALL 0x30 (g_late_handler_index_by_op[0x30] = 7, kind 3 -> 0040ff00), not of 'x' (IL_ARG 0x78 maps to 46 -> 0040f320); the old notes confused handler index 7 with op 'x'. builtin (desc +06) 0 -> 00410eb0. Otherwise copies the builtin into the IL_ARG node (child 2); BI_ASM 0x1d (operand must be IL_CONST, message 0x1239) clobbers all scratch registers; built-ins the cpu lacks give message 0xaf4 (0x1a/0x1b on SH-1, 0x1e below SH-3, the SH-4 vector built-ins 0x21/0x23..0x2f by cpu, request +0x37 and +0x157) or warning 0x7e4 with the callee name (0x1f/0x20, 0x30/0x31) and fall back to an ordinary call; selects the template (00410890(1, args)) into the IL_ARG desc +80 and removes its clobbers (+31) from busy_regs; TRAPA_SVC: 0040fca0, 0040f840(args, 2), target r0 for its second-last argument (child count - 2); marks the operand the template names (tmpl flags2 0x40 / 0x20 / 0x10) with flags7 0x40; 00431950; generates the arguments (0040ceb0); per builtin: 0041e280 / 0041f6a0 / 0041f450 and the temp_regs of the operands; 0040faa0 when g_builtin_info flags 0x80, 00410890(0, args) again when 0x40; 00424c80 on the IL_ARG node; MACW..MACLL (0x18..0x1b) take r4..r7 out of g_var_gpr_mask and record the slot registers to save in saved_regs +10; usage 2 of GBR_TST_BYTE 0x10 / TAS 0x14 gives the value r0 / regs_2c[0]; usage 1 of those picks cond_regs[0] +38; copies value / opnd_class / masks up; invalidates register contents (0042fdb0 or 0042fcb0); always sets flags3 0x80 | 0x08.
00410890	select_builtin_template	tmpl_header *select_builtin_template(char before_operands, gen_node *args)	returns one of the candidate templates g_builtin_info[builtin].templates[0..2] (the ainlin* family) for the IL_ARG node's builtin (desc +06). before_operands 1 (first call in 0040ff00) decides from the IL shape (an IL_CONST 'q' / IL_ID 'p' argument); 0 (after the arguments were generated, g_builtin_info flags 0x40) from the generated operands: opnd_class of the first / second argument, a small label-free EAIMM count < 0x21 for MACW..MACLL (0x18..0x1b), and for STRCPY 0x16 a string-literal source (sclass 9, length <= 0x20 / 0x80, request +0x20 set) with a 4-byte-aligned destination (frame 'l' disp or a static / extern symbol's frame_offset) and the call's usage. Ghidra return undefined4: stored in desc +80 by 0040ff00.
00410eb0	generate_ordinary_call	void generate_ordinary_call(gen_node *call)	IL_CALL without a builtin (0040ff00 when desc +06 == 0): reserves a frame temporary for a struct result when nothing else holds it (00420140 with the size at node +18); generates the callee (child 1) and the IL_ARG list (child 2) with 0040ceb0; the value is r0 (integers / pointers), fr0 (float with an FPU), fr0-fr1 (SH-4 double) or memory (opnd_class 3, structs / soft doubles); then marks the call-clobbered registers: temp_regs low byte 0xff (r0..r7) and ftemp_regs fr0..fr3 plus the scratch bank (on the enclosing IL_ASSIGN '_' instead when it assigns the result), g_used_gpr_mask |= 0xff, g_used_fpr_mask, 0042fcb0(0xf000f), g_r0_used = 1.
004111e0	reselect_value_template	void reselect_value_template(gen_node *node)	re-chooses the template (desc +80) of a double / struct / array right-hand side that IL_ASSIGN's handler 0040d9e0 gave a new destination (its only caller, after 0041e280), with the late-handler kinds of 0040ceb0: kind 1 / 2 via 00423410, kind 4 via 004113d0; IL_ASSIGN '_' of an aggregate 00430ff0(node, 1), of a double the selector g_assign_double_select or g_assign_double_select_alt (request +0x2a); IL_CAST ' ' g_cast_double_select; IL_CALL '0' 0040f610(node, -1, 0); other ops message 0x1222; then 00424c80 with the new template.
004113d0	select_cpu_variant	int select_cpu_variant(char *variants, tmpl_select **unary_out, tmpl_select **binary_out)	walks a kind-4 late handler list (8-byte entries {condition bits, kind, pad, pointer}, ended by bits 0) and takes the first entry all of whose bits hold (1 cpu != 0, 2 request +0x20 != 0, 4 cpu == 0, 8 cpu > 1: enum cpu_variant_cond); kind 1 stores the pointer in *unary_out and returns 1, otherwise in *binary_out and returns 0 (low 16 bits; the high half is the out pointer's). Callers 0040ceb0 and 004111e0 test (short) == 0.
004114e0	emit_shift_by_constant	void emit_shift_by_constant(ea *reg, char kind, int count)	emits psd shifts of reg by count, largest steps first: kind 1 logical right (SHLR16 0x5d, SHLR8 0x5c, SHLR2 0x5b, SHLR 0x5a), kind 2 left (the same codes + 0xf0 as a byte: SHLL16 0x4d, SHLL8 0x4c, SHLL2 0x4b, SHLL 0x4a), other kinds arithmetic right: count x SHAR 0x59; each through 00421410 with a copy of reg (0042b730). Callers 00411690, 00411d00, 00412390 (macro 0x900).
00411690	emit_right_shift_by_constant	void emit_right_shift_by_constant(ea *reg, int count, char logical)	right shift by a constant (template macro 0x1100). logical 1: count < 0x1d -> 004114e0(reg, 1, count); 0x1d..0x1f -> (33 - count) x ROTL 0x4e then AND #((1 << (32 - count)) - 1). Arithmetic: < 16 -> SHAR x count; 16..23 -> SHAR x (count - 16), SHLR16, EXTS.W 0x7b; 24..28 -> SHAR x (count - 24), SHLR16, SHLR8, EXTS.B; 31 -> ROTL, SUBC 0x64 Rn,Rn; 29 / 30 emit nothing (macro 0x2000 covers them). 00412390 passes logical 0 for IL_DIV / IL_A_DIV and signed operands.
00411910	emit_sar_r0_by_rotation	void emit_sar_r0_by_rotation(int count, ea *hint)	template macro 0x2000: arithmetic right shift of r0 by a large count using rotates: ROTL r0 (sign into T); JUMPT L1; (31 - count) x ROTL; AND #((1 << (32 - count)) - 1),r0; JUMP L2; L1: (31 - count) x ROTL; OR #((-1 << (31 - count)) & 0xff),r0; EXTS.B r0,r0; L2 (labels from 0042b1e0; the LABEL records go through g_out_psd / 0042ab90 with g_sp_travel). hint: only its register byte (+01) is used, as the jump records' register argument.
00411b40	emit_movt_result	void emit_movt_result(gen_node *node, char t_is_value, ea *reg)	MOVT 0x42 into reg; when t_is_value is 0 inverts the 0/1 result: XOR #1,r0 (0x82) when reg is r0, else ADD #-1,Rn (0x60) and NEG Rn,Rn (0x78). node is not read (both callers pass the node). Callers 00404ed0 (comparison results) and 00412390 macro 0x1000.
00411c10	psd_size_code_of_node	unsigned char psd_size_code_of_node(gen_node *node)	byte size of the node's type (0042b820) as a psd operand size code: 1 -> 0 (byte), 2 -> 1 (word), else 2 (long). Returns a byte (MOV AL,2 / XOR AL,AL / MOV AL,1); every caller uses only the low byte (00404b90 MOV CL,AL; 0041db10 stores (char); 00412390 MOV [ESP+0x17],AL).
00411c30	collect_macro_operand_list	int collect_macro_operand_list(gen_node *node, tmpl_entry *entries, ea **out, ea **operands)	reads the 0x2200 entries (operand list) that follow a macro, materializing opnd[0] / opnd[1] (when not 0xfa) with materialize_operand_record_from_descriptor into out[]; stops at the first non-0x2200 entry or after an entry that produced an operand; returns the number of entries read (the caller skips them). Callers 00411fe0, 00412200, 00412390 (macros 0x2100, 0x2400..0x2e00), 004297f0, 00429990, 00429b80, 00429d60.
00411cb0	free_macro_operand_list	void free_macro_operand_list(ea **list)	frees list[0] with 0041e150 (the ea and its label list); a loop whose count is the constant 1. Pairs with 00411c30 in the same callers.
00411cd0	count_leading_bits_equal	int count_leading_bits_equal(int value, int max_bits, int bit)	how many leading bits of value (from bit 31, at most max_bits) equal bit (0 or 1). Only caller 00411d00. PARAMS: the // sig line says (void) but the code reads three stack arguments (00411cd3 [ESP+0xc], 00411cdc [ESP+0xc], 00411ce0 [ESP+0x14] after two pushes) and the caller pushes three; the rebuild already has (int, int, int).
00411d00	expand_multiply_by_constant	int expand_multiply_by_constant(unsigned int multiplier, ea *dest, ea **source, short emit)	shift-and-add expansion of dest = *source * multiplier (template macro 0x2100 with emit 1; 00423800 with emit 0, only to cost it): MOVI #0 or MOV source,dest, then the runs of ones / zeros (00411cd0) become left shifts (004114e0 kind 2) with ADD 0x60 / SUB 0x63 of the source, NEG for a negative multiplier; counts instructions (00430d80 per shift) and returns 1 in the low 16 bits when the count is <= 25 (45 when multiplier > 0xffff), else 0; 00423800 tests (short).
00411fe0	emit_single_bit_field_store	int emit_single_bit_field_store(gen_node *node, tmpl_entry *entry, ea *value, ea **operands)	template macros 0x2f00 / 0x3000 / 0x3100: store a constant into a one-bit field of a byte / word / long: bit 0 of value's disp picks OR (set) with the bit immediate (operand codes 0x99 / 0x9c / 0x9d: OPIMM_BIT_IN_BYTE / WORD / LONG) or AND (clear) with the hole mask (0xa1 / 0xa2 / 0xa3: OPIMM_HOLE_MASK_BYTE / WORD / LONG); the word and long forms first MOVI the immediate into the temporary of the following 0x2200 list (00411c30). value = the entry's opnd[0] materialized by 00412390. Returns the entries consumed.
00412200	emit_push_double_one	int emit_push_double_one(gen_node *node, tmpl_entry *entry, ea **operands)	template macro 0x100: pushes the double 1.0 (g_double_one_hi 0x3ff00000, g_double_one_lo 0) on the stack through the temporary of the following 0x2200 list: MOVI #word,tmp ; MOV tmp,@-R15 twice, low word first (high word at the lower address) unless request +0x2a is set. Returns the entries consumed (00411c30).
00412390	emit_template_record_sequence_for_node	void emit_template_record_sequence_for_node(gen_node *node, tmpl_entry *entries, ea **operands)	the template interpreter: walks the 12-byte tmpl_entry list until op 0xff00. Skips an entry by its flags (0x01 type conditions of 0x300 / 0x1600 / 0x1700 / 0x4200, 0x10 only unsigned / pointer / array, 0x20 only bit_width != 32, 0x40 / 0x80 usage 2 / 3 of the node or, for an IL_ARG 'x' node, of its call; 0x02 swaps the operands when the first is r0; 0x08 adds the first operand's disp to g_sp_travel via 00420d10). Operands are materialized with 0041c200 (operands = the 7 extra ea slots, the g_template_extra_operands layout; nested runs pass their own 7-slot array). Plain psd ops go out with 00421410 (size from 00411c10 or, for built-in IL_ARG nodes, from the builtin; GBR operands flagged 0x80); 0x23 CALL takes opnd[0] 0xfe..0x105 as computed runtime routines (0041d1a0, 0041d080, 0041d050, 0041cfa0, 0041ced0); 0x24..0x26 JUMP / JUMPT / JUMPF and 0x18 LABEL use the template's labels (004320a0). Macro ops, see enum tmpl_macro in types_proposal.h: 0x100 push 1.0 (00412200); 0x200 / 0x500 ALU op by IL op, 0x300 / 0x1600 / 0x1700 / 0x4200 EXTS / EXTU, 0x400 MULS / MULU / MUL.L, 0x600 relational CMP, 0x700 / 0x800 CMP/PZ-PL, 0x2300 SHAD / SHLD (0041db10 maps each to a psd op); 0x900 shift left (004114e0); 0xa00 / 0xb00 emit one / both operands (00406340, 00413bf0); 0xc00..0xf00, 0x1b00, 0x1c00, 0x2700, 0x2800, 0x2b00 a nested template from 0042f500 (kinds 1 / 3 / 4 / 2 / 4 / 2 / 1 / 2 / 1, with type overrides; 0x1b00 for an in-memory value uses g_tmpl_apusha005) run recursively on the operand node; 0x1000 MOVT result (00411b40); 0x1100 right shift (00411690); 0x1d00 SHLL / SHLL2 by builtin; 0x1e00 MAC sequence (004146a0); 0x1f00 argument register loads (004147f0); 0x2000 (00411910); 0x2100 multiply by constant (00411d00); 0x2200 operand list (data); 0x2400 / 0x2500 / 0x2600 / 0x2a00 block copies (00414900); 0x2c00 (00415030); 0x2d00 (004294f0); 0x2e00 (00429590); 0x2f00..0x3100 one-bit field store (00411fe0); 0x3200 / 0x3500 (00429600 mode 0 / 1); 0x3300 (004297f0), 0x3400 (00429b80), 0x4300 (00429990), 0x4400 (00429d60); 0x3600 (00429770); 0x3700 (00429f90); 0x3800 / 0x3900 FPSCR switch (psd op 0x2e size 2 / 3 when fpu_mode_flags bit 0 / 1 says so); 0x3a00 (00429ff0); 0x4100 (0042a0b0); unknown macros fall to the plain-op path. Callers 004053a0, 00406340, 00413bf0, 00413d00, 00413d80, 004141b0, 00414400, 004147f0, 0042a180 and itself. Ghidra-now return void (the rebuild's byte * is a leftover).
00413930	load_slot_register_operands	void load_slot_register_operands(short kind, gen_node *node, ea **operands)	clears operands[2..6] and fills them with EAREGD ea records (004213a0(1, reg, ...)) of the node's slot registers that are not 0xff: kind 1 regs_41[0..2] + regs_44[0..1], 2 regs_3d[0..1], 3 reg_47, 4 addr_reg +46; other kinds message 0x1200. Pairs with 00413b10 around a nested template run (004053a0, 00413bf0, 00413d00, 00413d80, 004147f0).
00413b10	free_slot_register_operands	void free_slot_register_operands(short kind, ea **operands)	frees (0041e150) what 00413930 made for the same kind: kind 1 operands[2..6], 2 [2..3], 3 / 4 [2]; other kinds message 0x1237.
00413bf0	load_node_address_register	void load_node_address_register(gen_node *node)	when the node has an address register operand (desc addr_reg_ea +58): pops it (MOV @R15+,Rn) when the value was pushed (flags2 0x08), else runs the move template (0042f500 kind 0; type forced to pointer '@' for usage 3 or flags3 0x20) from dest +74 into it with the kind-4 slot operand. Callers 004053a0, 00406340, 00412390 (macro 0xb00), 00414400 (between operands), 0042a180.
00413d00	store_node_value_through_address	void store_node_value_through_address(gen_node *node)	runs the move template (0042f500 kind 0) from the node's value +68 to its mem_ea +5c with the kind-1 slot operands; 00406340 calls it right after 00413bf0 for nodes whose value goes to memory through an address register (flags3 0x20).
00413d80	move_node_result_to_destination	void move_node_result_to_destination(gen_node *node)	after a node's code (caller 00406340): restores the saved value +60 into its register copy +64 (or pushes it to @-R15 when flags3 0x10); then either moves value +68 to dest +74 (type taken from the parent with flags3 0x02, pointer for arrays), or into the target register (target_regs via 0041c180 / ftarget_regs via 00430f30), or pushes it (flags2 0x04 / 0x08: 0042f500 kind 6 to @-R15, then kind 3 for the second half of an 8-byte push), each through a nested template with slot operands (00413930 / 00413b10).
004141b0	emit_branch_on_node_value	void emit_branch_on_node_value(gen_node *node)	a value used as a condition (usage 1, not a comparison / AND / OR / COND / COMMA; caller 00406340): a constant (opnd_class 2) becomes a JUMP to true_label +0c or false_label +0e by whether it is nonzero (00428910); otherwise runs a test-against-zero entry list chosen by type and operand class (g_test_*_entries: TST after EXTU / a load / SHLL for software float, FPU sequences for float / double; SH-4 sets fpu_mode_flags 0x04) and emits JUMPF (T clear after TST: nonzero) to the true label or JUMPT to the false label (the two swapped for BI_TAS); cond_regs[0] +38 is the jump records' register argument.
00414400	emit_node_operands_and_template	void emit_node_operands_and_template(gen_node *node)	emits a node through its chosen template (desc +80): unless flags3 0x80, emits the operands in order (reversed with flags2 0x80) with 00406340 (g_nested_operand_emit set when the template pushes operands, tmpl +30), loading address registers (00413bf0) between them; pushes saved_regs +10 (MOV Rn,@-R15, r15 downwards), runs emit_template_record_sequence_for_node with zeroed extra operands (g_mark_template_records = 1 and the value register added to g_stmt_invalidate_mask for tmpl flags 0x01 when the value stays in a register), then pops the saved registers (MOV @R15+,Rn upwards); no template: message 0x11fd. Callers 00404ed0, 00405310, 00406340 (IL_ARG nodes of built-ins other than BI_ASM).
004146a0	emit_mac_builtin_records	void emit_mac_builtin_records(int builtin, int count, ea *left, ea *right, ea *mask)	the macw/macwl/macl/macll built-ins (builtin_fn 0x18..0x1b, desc +06; caller 00412390 passes (int)desc->builtin, the count from an operand desc value.disp +6c, and three operands from 0041c200): turns left/right (@Rn) into @Rn+ (type & 0xf4 | 4) and emits count x psd 0x72 MAC (size 1 = .w for 0x18/0x19, 2 = .l for 0x1a/0x1b) through 00421410; the ring-buffer forms 0x19/0x1b also emit AND mask,copy-of-right (psd 0x80) after each MAC; frees the ea records with 0041e150
004147f0	emit_operand_moves_to_target_registers	void emit_operand_moves_to_target_registers(gen_node *node, int skip)	template macro 0x1f00 (caller 00412390 passes 1): for operands count-skip-1 down to 1 (00433640 count, 004335f0 n-th) whose desc target_regs +14 is set and that have a dest +74 or are pushed (flags2 0x08 -> g_ea_pop), makes a register ea of the target (00430f00 mask -> register, 004213a0), gets a move template from 0042f500 and runs its entries with emit_template_record_sequence_for_node (operand list from 00413930(4, ..), freed by 00413b10); the call-argument register loads
00414900	emit_block_copy_macro	void emit_block_copy_macro(unsigned short op, ea *src, ea *dst, ea **temps, ea *dst_addr, gen_node *node)	template macros 0x2400 / 0x2500 / 0x2600 / 0x2a00 (caller 00412390 passes the entry op word, two operands from 0041c200, the temporary-register ea array filled by 00411c30, the destination address ea (node value +68 by default) and the node): copies node->val (+18, aggregate size) bytes as MOV @src+,tmp / MOV tmp,@dst / ADD #n,dst (psd 0x40 / 0x60 via 00421410): 0x2400 by element unit (1/2/4 from the type), 0x2a00 the long-aligned part (size rounded down to 4), 0x2500 the 1/2 leading bytes that align the destination (address = frame disp, or g_symbol_table[label].frame_offset + disp), 0x2600 the remainder. op is 2 bytes as Ghidra had it (unsigned: the tmpl_entry op words)
00415030	emit_symbol_sized_block_copy	void emit_symbol_sized_block_copy(gen_node *node, ea *src, ea *dst, ea **temps)	template macro 0x2c00 (caller 00412390): byte count = g_symbol_table[|node->child->symx + 0xb6|].list_10 (the int that class-9 symbols keep there, 00401000), copied when <= 0x80; by longs (unit 4) when the source operand of child->next (mem_ea +5c / dest +74 / g_ea_pop / value +68) is a 4-aligned frame address or a 4-aligned symbol (sclass 1/3/4/9: frame_offset + disp), else by bytes; same MOV/MOV/ADD records as emit_block_copy_macro, then the 2/1 byte tail. What the class-9 symbol is (an initializer?) is not established
00415460	allocate_static_variables_and_write_sud	void allocate_static_variables_and_write_sud(void)	shcgen_main step after 00401000: points the .sud buffer cursor/start (0045f9f4 / 0045fe64) at 0045eeb0, 00408970, then for every present (flags 0x80), not yet placed (0x40) symbol with byte_03 0, sclass 1/3/4 and type not 0x48/0x50 writes to the .sud file 0045f9f0: a 0x0f record + section id when the symbol's section (short_06, looked up by 004201e0) changes, and for symbols without a register (reg -1) a 0x18 record {symbol number, 4 zero bytes, {9 or 10 by attr & 3, unit class 0/1/2}, count} after write_sud_alignment_padding; stores the section counter (+0x10 for attr & 3, else +0x14) in sym frame_offset and advances it by the size (0xc81 overflow, 0x1234 / 0x1235 bad type); writes the .asa symbol (00407d80(9, sym)) and sets flags 0x40
00415920	write_sud_alignment_padding	void write_sud_alignment_padding(int unit_class, unsigned int *offset, unsigned int symno)	caller allocate_static_variables_and_write_sud: aligns the section counter *offset for a variable of unit class 0/1/2 (byte/word/long), to 8 when g_symbol_table[symno & 0xffff].attr & 0x40, else to 2 (class 1) or 4 (class 2): writes {0x0a, unit 0/1/2} + count-1 pad records to the .sud file 0045f9f0 and advances *offset; 0x1236 bad case, 0xc81 overflow
00415cd0	generate_ilb_stream	void generate_ilb_stream(void)	shcgen_main step: allocates the aux records (g_function_count x 0x44 -> g_aux_records), the gen_node pool 00433280(0x2c, 0x800), selects section 1 (004201e0) and writes a psd 0x0c section record (0042b150 into g_psd_scratch 0045f9d0, 0042ab90); then reads the .ilb top-level nodes (00433720(g_ilb_file), 0xce6 on failure) until IL_E_FILE (then .asa 00407d80(6) and (0x10)): IL_FUNC -> generate_function, unless the function symbol's attr & 0x80 (then 00435520 skips its tree and, when optimizing (request +4), read_reg_file_lreg_table keeps the .reg stream in step); IL_ASM -> a psd 0x10 record with file/line/asmno/asmsize (0042b110); frees each top node (004333d0)
00415ec0	generate_function	void generate_function(gen_node *func)	OLD NAME lower_current_code_node_with_reg_stream (the stream 0045f980 it reads is the .ilb, request +0x68, not .reg). Per IL_FUNC node (caller generate_ilb_stream): message file/line from the node, g_current_aux_record = g_aux_records + func_index * 0x44, a section record when the function's section (sym short_06) is not g_current_section (and g_avoid_reg_mask = 0), psd 0x1d record (file/line), psd 0x16 start record (request +4 == 0), reads the function body from the .ilb (00433720, 0xce6), assign_function_storage, 0042cb60 (debug info when request +0x16), 0040a3f0, 00406bc0(func->child) generates the body, 004333d0 frees it, 0040ad10, 0042d0e0, psd 0x17 end record
004160f0	assign_function_storage	void assign_function_storage(gen_node *func)	OLD NAME initialize_node_storage_masks_and_assignments. Resets the per-function state (g_frame_end -4, used/var register masks, g_sptravel, g_max_sptravel, g_max_temp_frame, g_stmt_serial, g_last_chosen_reg, the reg_content records of r0..r3 / fr0..fr3 and their ranges, g_fpscr_pr from cpu 4 + request +0x157), reads the .reg lreg table when optimizing (read_reg_file_lreg_table) and gathers the lreg registers r4..r15 / fr4.. / pairs into the used masks, adds the reserved registers of request +0x150 (all of r8..r14 for attr & 0x18 functions), then assign_parameter_storage(func) and assign_block_local_storage(func->child symbol + 0xb6, g_frame_end); rounds g_frame_end to 4; with ranges assign_lreg_storage, g_current_function, mark_arg_register_lregs_holding_parameters; g_local_frame_size = -4 - g_frame_end
00416410	is_register_parameter_of_current_function	int is_register_parameter_of_current_function(short symno)	walks the parameter blocks of g_symbol_table[g_current_function].size (struct param_block: 4 symbol numbers at +08, state bytes at +10) and returns 1 when symno is a parameter whose state bit 0x01 (given a register by assign_parameter_storage) is set, else 0; caller mark_arg_register_lregs_holding_parameters tests != 0
00416480	mark_arg_register_lregs_holding_parameters	void mark_arg_register_lregs_holding_parameters(void)	for each g_lreg_table entry (struct lreg_entry) whose register +02 is r4..r7 (mask 0xf0) and that lists symbols (+06 count, +08 array), sets flags +05 bit 0x40 when one of them (+0xb6) is a register parameter (is_register_parameter_of_current_function); caller assign_function_storage
004164f0	read_reg_file_lreg_table	void read_reg_file_lreg_table(void)	allocates g_lreg_table (0x48024 bytes, zeroed) on the first call, else frees the previous function's symbol arrays, range lists (0xc) and serial lists (0x14); reads from the .reg file g_reg_file (004331d0 fread): a short, a byte, g_no_reg_ranges, then entries {short lreg (0 ends), short register, byte type, short count, count shorts (+08 array)} with read_reg_file_range_list for +10, counting them in g_lreg_entry_count; a trailing short. Errors 0xce6 (read error) / 0x120d (short read) / 0x1210 (alloc). Callers generate_ilb_stream (skipped function) and assign_function_storage
00416890	read_reg_file_range_list	reg_range *read_reg_file_range_list(void)	reads a short count, then count 8-byte {start, end} pairs from the .reg file into a list of 0xc-byte nodes (FUN_00406830(0xc); next +0, start +4, end +8 = struct reg_range); returns the head (0 when count <= 0); errors 0xce6 / 0x120e / 0x1210; caller read_reg_file_lreg_table stores it at lreg_entry +10
004169b0	assign_parameter_storage	void assign_parameter_storage(gen_node *func)	OLD NAME assign_node_child_storage (it walks the function symbol's parameter blocks, not the node's children; error 0x120c when func is not IL_FUNC). In order, parameters go to r4..r7 (alloc_general_reg_from_low_mask), float/SH-3E-SH-4 singles to fr4.. (alloc_extended_reg_from_low_mask) or SH-4 doubles to a pair (alloc_paired_reg_from_low_mask, has_free_register_pair) while registers remain and the prototype count (sym ret_19 when sym_flags 0x02) allows: EAREGD ea in sym storage (0042b180) and state 1 in the block; the rest get @(disp, frame 0x6c) at the running stack offset g_stack_param_offset (starts 4 for struct / non-SH-4 double returns; char/short right-aligned unless request +0x2a; rounded to 4; 0xc84 on overflow). Counts g_assigned_symbol_count; assign_parameter_home for each; adds r4..r7 / fr4.. to g_used masks unless sym_flags say otherwise
00417000	assign_parameter_home	void assign_parameter_home(param_block *blk, short slot, char release_reg, gen_node *func)	caller assign_parameter_storage, per parameter (blk = the parameter block, slot 0..3): unless the function's sym_flags 0x40, decides from the parameter's sclass (8), type (volatile bit 2, double/float by cpu) and the block's +04 flag byte whether it needs a home (state |= 2) in a register (|4) or on the frame; then: frame -> allocate_spill_stack_offset_for_node into blk->home[slot], sclass 7; register -> alloc_descending_general_reg(8) / alloc_descending_extended_reg / alloc_descending_paired_reg, low byte into blk->home[slot], sclass 8; no home -> sclass 8 if its storage is a register else 7. With release_reg set the incoming argument register leaves g_used_gpr_mask / g_used_fpr_mask
00417630	has_free_register_pair	int has_free_register_pair(unsigned short used, unsigned short range)	finds the run of set bits in range, then scans its even-aligned pairs: 1 when a pair has neither bit set in used & range, else 0; callers assign_parameter_storage (its fr bank mask) and assign_parameter_home (g_used_fpr_mask, the callee-saved bank) test != 0 before choosing a double register
004176b0	assign_block_local_storage	void assign_block_local_storage(short block_symno, unsigned int frame_offset)	OLD NAME assign_descendant_storage_recursive. For a block-scope symbol (index incl. +0xb6; first call from assign_function_storage with the body's symbol): its locals (list_10: struct scope_locals, 4 symbol numbers at +08, flag bytes at +04): without register ranges, class-6 non-volatile locals with flag byte 0 get a register (alloc_descending_paired_reg(0x24) SH-4 double, alloc_descending_extended_reg(0x14) float, alloc_descending_general_reg(4)), the others (except sclass 4) a frame slot (allocate_spill_stack_offset_for_node, sclass 5, @(disp, frame 0x6c)); with ranges only aggregate / non-scalar locals get frame slots; lowers g_frame_end; recurses into the nested blocks (size: struct scope_children, 6 symbol numbers at +04) from this block's offset; restores g_var_gpr_mask / g_var_fpr_mask. frame_offset kept unsigned as Ghidra had it (compared as (int))
00417aa0	assign_lreg_storage	void assign_lreg_storage(void)	caller assign_function_storage (register ranges on): fills lreg_entry +18 (struct ea) for each g_lreg_table entry: register >= 0 -> EAREGD of it and its bit(s) in g_used_gpr_mask / g_used_fpr_mask (pair for SH-4 doubles, fr for floats on SH-3E/SH-4); register < 0 -> a frame slot shared by all entries with the same negative number (the first lowers g_frame_end by 8 for types 0x30/0x38 else 4, 0xc84 when it reaches 0; later ones copy that ea with 0042b7e0)
00417c50	move_r0_variable_operand_into_r0	void move_r0_variable_operand_into_r0(gen_node *node, gen_node *left, gen_node *right)	caller fold_address_add_sub (IL_ADD, g_r0_variable set): when 0041c0e0 finds an IL_ID operand that is the statement's r0 variable (symx and |lreg| equal g_r0_variable's) and the other operand is in a register, gives the variable operand dest r0 (EAREGD 0), emits the move (00429060 macro 0xc00), records the content (0042f830), marks r0 in busy/temp (+16 / +18) and g_used_gpr_mask, sets g_r0_index_loaded; returns early when the parent's operand is a PRI..POD / A_op whose desc flags7 0x20 is set
00417ed0	fold_address_add_sub	short fold_address_add_sub(gen_node *node, gen_node *left, gen_node *right)	caller 00422180 for IL_ADD '@' / IL_SUB 'A' nodes of int/long/pointer type, tests (short) result != 0 (then no template is used): IL_ADD -> fold_address_add (after move_r0_variable_operand_into_r0 when g_r0_variable), IL_SUB -> fold_address_sub (other ops: error 0x1221); when bit 0 is set checks displacement_ok_for_dereference / ea_label_list_too_long, sets desc opnd_class +01 (0 scratch register, 1 variable register, 2 constant, 3 memory), reuses a cached register (0042ff60(value, 0x40)), marks registers busy/temp (+16/+18/+1c), clears tmpl +80, flags3 |= 0x80|0x08; otherwise frees the immediate's labels and returns 0. Ghidra undefined4 built as CONCAT22(junk, short): the only caller takes the low half
00418240	ea_label_list_too_long	int ea_label_list_too_long(ea *operand)	for EAIDREG / EAIMM / EADISP / EAABS operands: 1 when the label list has 11 or more nodes (count_label_refs), else 0; caller fold_address_add_sub tests == 0
004182a0	count_label_refs	int count_label_refs(label_ref *list)	number of nodes of a label_ref list (next at +0); caller ea_label_list_too_long
004182c0	free_label_ref_list	void free_label_ref_list(label_ref *list)	frees a label_ref list recursively (00406a70(node, 8)); ten callers (0041be70 desc template_labels, 0042fcb0 reg_content labels, fold_address_add, fold_address_add_sub, 0041c200, 004042e0, 00422180, 0042e930, 0042ee70, 004303e0)
004182f0	displacement_aligned_for_type	short displacement_aligned_for_type(gen_node *access, unsigned char disp)	1 unless the access type is 2-byte (short, or an aggregate of shorts) and disp is odd, or 4-byte (int/long/float/pointer, or an aggregate of longs) and disp & 3; caller displacement_ok_for_dereference passes the low byte of the displacement (the code tests only [ESP+0xc] bits 0..1)
00418360	displacement_ok_for_dereference	short displacement_ok_for_dereference(gen_node *node, int forced)	walks node's parents through IL_CAST / IL_ADD / IL_SUB of int/pointer types up to an IL_ASTER (0x28); without a dereference returns 1 only for a frame value (@ base 0x6c); with one: 1 when the value has labels or forced (bit 0x04 of the fold result) is set, else checks the @(disp,Rn) range for the access size (byte 0..15, word 0..30, long 0..60, or >= 0x80) and the alignment (displacement_aligned_for_type) for non-frame bases, alignment only for frame bases; caller fold_address_add_sub (EAIDREG / EADISP values), result as short
00418510	fold_large_displacement_into_r0_index	short fold_large_displacement_into_r0_index(gen_node *node, gen_node *left, gen_node *right)	caller fold_address_add (cases 4, 5, 6 under an IL_ASTER of int/pointer type; callers test (short)): when the constant operand's displacement does not fit @(disp,Rn) for the access size (byte >= 0x10, word >= 0x1f, long >= 0x3d; a value < 0x80 counts only with a class-0 register operand) and the constant has no dest yet, loads it into r0 (dest EAREGD 0, 00429060 macro 0xc00, g_r0_used = 1) and makes the node value @(R0,Rn) (EAINDEX 9, bit 0x40); returns 1, else 0 (also for an auto-increment / flags7 0x20 parent or a template with +34 bit 0) | RETURN: CONCAT22(junk, flag); the caller fold_address_add tests (short): callers use the low half
004187b0	fold_address_add	short fold_address_add(gen_node *node, gen_node *left, gen_node *right)	caller fold_address_add_sub: classifies both operands (classify_address_operand) and switches on g_add_fold_kind[left * 9 + right] (00449fe0, 9 x 9 bytes): constant + frame/symbol/register address folded into one operand (disp sum, combine_label_ref_lists), @(disp,Rn), or @(R0,Rn) after loading one operand into r0 or a register chosen with 0041fa30 (00429060, 0042f830); first reuses a cached register for a register-class constant (0042ff60). Returns 0 not folded, 1 folded, 5 folded with the displacement kept separate (bit 0x04, displacement_ok_for_dereference's forced)
00419570	fold_address_sub	short fold_address_sub(gen_node *node, gen_node *left, gen_node *right)	caller fold_address_add_sub: IL_SUB counterpart of fold_address_add with g_sub_fold_kind[left * 9 + right] (0044a038, 9 x 9 bytes): address - constant (disp difference, negated labels via combine_label_ref_lists(.., 0)), difference of two addresses with the same base to an EAIMM, @(disp,Rn) forms; returns 0 / 1 / 5 like fold_address_add. Ghidra's 4-byte int parameters are used as nodes (+28 desc)
004197f0	classify_address_operand	short classify_address_operand(gen_node *operand)	the operand's effective ea (mem_ea +5c, dest +74, g_ea_pop, or value +68) classed for the address folders (index into the 00449fe0 / 0044a038 tables): 3 immediate without labels, 2 frame address (@ base 0x6c with bit 0x40), 1 symbol address (EAIMM with labels, EAABS with bit 0x40), 4/5 @(disp,Rn) address (4 when Rn is r0), 6/7 register value (6 = r0), 8 memory operand, 0 other. Callers take (short) of it; kept 4 bytes (Ghidra uint, upper half is leftover) | RETURN: built as CONCAT22(junk, class); fold_address_add / fold_address_sub / fold_large_displacement_into_r0_index take (short): callers use the low half
00419910	combine_label_ref_lists	label_ref *combine_label_ref_lists(label_ref *left, label_ref *right, int add)	copies both lists (0042b770), negates the right copy's labno1/labno2 when add == 0 (subtraction), appends it, cancels label pairs that sum to zero, moves labno2 halves down and frees emptied nodes; returns the new list (0 when both are empty). Callers fold_address_add, fold_address_sub, 0041c200, 0042e930, 0042ee70
00419b30	write_ofa_record	void write_ofa_record(FILE *out, psd *rec, int location, int pool_size)	stores out in a global and dispatches on the record's op byte to the write_ofa_* writers (the same op table as shcpep's write_ofb_record: 0x10 end, 0x11 casejmp, 0x14 ctbl, 0x18-0x1b labels, 0x20 enter, 0x21 exit, 0x22/0x24 return/jump, 0x23/25/26/29/2b label operands, 0x27 mov_loc, 0x28 mova_lc, 0x2a/0x2c immediates, 0x2e, 0x8e/92/94/96 transfers); caller 0042ab90 | WIDTH: the stock code copies the whole 4-byte stack slot of location (every caller pushes the full location counter) and the low 2 bytes of the pool size (the dispatcher pushes the sign-extended short); Ghidra had typed both as bytes
00419d00	write_ofa_mov_loc_record	void write_ofa_mov_loc_record(psd *rec)	op 0x27 (shcpep write_ofb_mov_loc_record)
00419e10	write_ofa_mova_lc_record	void write_ofa_mova_lc_record(psd *rec)	op 0x28 (shcpep write_ofb_mova_lc_record)
00419ec0	write_ofa_immediate_record	void write_ofa_immediate_record(psd *rec)	ops 0x2a/0x2c (shcpep write_ofb_immediate_record)
0041a060	write_ofa_label_operand_record	void write_ofa_label_operand_record(psd *rec, int location)	ops 0x23/0x25/0x26/0x29/0x2b (CALL/JUMPT/JUMPF/MOVA_PC/MOVA_FC in shcpep): {op, size}, {location (4 bytes)...}, the label words | WIDTH: the stock code copies the whole 4-byte stack slot of location (every caller pushes the full location counter) and the low 2 bytes of the pool size (the dispatcher pushes the sign-extended short); Ghidra had typed both as bytes
0041a270	write_ofa_jump_record	void write_ofa_jump_record(psd *rec, int location, short pool_size)	ops 0x22/0x24 (RETURN/JUMP) | WIDTH: the stock code copies the whole 4-byte stack slot of location (every caller pushes the full location counter) and the low 2 bytes of the pool size (the dispatcher pushes the sign-extended short); Ghidra had typed both as bytes
0041a460	write_ofa_label_record	void write_ofa_label_record(psd *rec)	ops 0x18-0x1b (labels)
0041a4b0	write_ofa_casejmp_record	void write_ofa_casejmp_record(psd *rec, int location)	op 0x11 | WIDTH: the stock code copies the whole 4-byte stack slot of location (every caller pushes the full location counter) and the low 2 bytes of the pool size (the dispatcher pushes the sign-extended short); Ghidra had typed both as bytes
0041a580	write_ofa_ctbl_record	void write_ofa_ctbl_record(psd *rec, int location)	op 0x14 | WIDTH: the stock code copies the whole 4-byte stack slot of location (every caller pushes the full location counter) and the low 2 bytes of the pool size (the dispatcher pushes the sign-extended short); Ghidra had typed both as bytes
0041a610	write_ofa_transfer_record	void write_ofa_transfer_record(psd *rec, int location, short pool_size)	ops 0x8e/0x92/0x94/0x96 (RTE/BRA/JMP/RTS in shcpep) | WIDTH: the stock code copies the whole 4-byte stack slot of location (every caller pushes the full location counter) and the low 2 bytes of the pool size (the dispatcher pushes the sign-extended short); Ghidra had typed both as bytes
0041a6a0	write_ofa_enter_record	void write_ofa_enter_record(psd *rec)	op 0x20
0041a6f0	write_ofa_exit_record	void write_ofa_exit_record(psd *rec, int location, short pool_size)	op 0x21 | WIDTH: the stock code copies the whole 4-byte stack slot of location (every caller pushes the full location counter) and the low 2 bytes of the pool size (the dispatcher pushes the sign-extended short); Ghidra had typed both as bytes
0041a770	write_ofa_end_record	void write_ofa_end_record(psd *rec, int location)	op 0x10 | WIDTH: the stock code copies the whole 4-byte stack slot of location (every caller pushes the full location counter) and the low 2 bytes of the pool size (the dispatcher pushes the sign-extended short); Ghidra had typed both as bytes
0041a7f0	write_ofa_op2e_record	void write_ofa_op2e_record(psd *rec)	op 0x2e
0041a860	shcgen_main	void shcgen_main(int argc, char **argv)	keep name (caller 0043a900 shcgen_entry; uses argv[1] = *(param_2 + 4)): 00437b50(2), g_message_severity = 0, 00437a80(0), load_request_and_open_stage_files(argv[1]), 00433680(0x41a8c0) (node-pool exhaustion handler), 00401000 (symbol table from .sym), allocate_static_variables_and_write_sud, generate_ilb_stream, run_stage_pipeline_and_exit(argv[1]); shcpep_main's shape
0041a8c0	report_gen_node_pool_exhausted	void report_gen_node_pool_exhausted(void)	the handler shcgen_main installs with set_gen_node_exhausted_handler: report_codegen_message(0xbcd, 1, 0, 0, 0), the message the allocation failures give (out of memory)
0041a8e0	load_request_and_open_stage_files	void load_request_and_open_stage_files(char *request_path)	keep name: g_stage_request = g_request = 00437b90(2, path) (load_request_record_file); error 0xbc8 for more than 0x7f49 symbols (request +0xb0); label_count += symbols + 0xb6; zeroes g_file_aux_bitset; opens .sym .int (rb), .sua .sud (wb), .ofa + .lit (wb, request +4 == 0) or .reg (rb, optimizing), .asa (wb), .swi .ilb (rb), .db2 (wb, request +0x16 == 1); 0xce4 on any failure
0041ab90	run_stage_pipeline_and_exit	void run_stage_pipeline_and_exit(char *request_path)	keep name (it finishes the stage rather than runs it; finish_stage_and_exit would fit): final .lit flag (0042cac0, request +4 == 0), stores the request back (00438b30(2, path)), .asa trailer (00407d80(0xd)), closes the stage files (0042b370), exits with g_message_severity * 2 + 1 (0043a780)
0041abe0	generate_statement_expression	void generate_statement_expression(gen_node *stmt, short true_label, short false_label)	ALSO IN s4's slice (the assignment named it as a priority here). Per statement root: copies node +08/+0a/+26 to g_msg_filn/g_msg_line/g_msg_listno; saves g_used_gpr_mask / g_used_fpr_mask and clears their r0..r3 / fr0..fr3 bits; g_stmt_serial++; g_sptravel (0045f944) = 0; reset_r0_variable_candidates 0041bf60; initialize_node_descriptor_and_operand_slots 0041b070 (whole tree); drops g_r0_variable unless total - count < 2*count - 1 (g_deref_total 0045eea4) and 0041ade0 finds its lreg; usage 1 (condition) roots get desc +0c true_label / +0e false_label; seeds root busy_regs/fbusy_regs from g_var_gpr_mask/g_var_fpr_mask and frame_top from g_frame_end; clears g_stmt_pushed_operand 0045f9b4 and the 0x80 flag of the 4+4 reg_content records, g_stmt_invalidate_mask, g_content_hit; dispatch_and_finalize_code_node; ORs root temp_regs into g_stmt_temp_regs; with request +4 and !g_no_reg_ranges: 0041ae20 when an r0 variable, update_register_ranges_after_statement(g_used_gpr_mask, g_gpr_contents) and the FPU (cpu 2 + request +0x37 == 3, or cpu 4) floating one; 0042fcb0(1) when an r0 variable; 00406340(stmt); 0042fcb0(g_stmt_invalidate_mask); free_node_descriptor_tree 0041be70; ORs the saved used masks back. Callers 00406bc0 00406ed0 004071c0 00407640 00407860 00420220 0042a5b0 (00420220 passes (stmt, 0, 0)).
0041ade0	find_lreg_register	short find_lreg_register(short lreg)	register (lreg_entry +02) of the g_lreg_table entry whose lreg is |lreg|; -1 when lreg is 0 or not found; caller generate_statement tests the (short) result >= 0 (Ghidra undefined4 built as CONCAT22(junk, short)) | callers use the low half
0041ae20	record_r0_variable_use_serial	void record_r0_variable_use_serial(void)	caller generate_statement (ranges on, g_r0_variable set): finds the r0 variable's lreg_entry (lreg = g_r0_variable +2), drops r0 from g_used_gpr_mask, appends g_stmt_serial to the entry's serial list +14 (0x14-byte nodes {next, 4 serials}, FUN_00406830(0x14)); sets flags +05 bit 0x80 when the list was empty, clears it again when g_r0_used
0041aed0	mark_node_clobbering_r0	void mark_node_clobbering_r0(gen_node *node)	Sets desc flags7 0x20 when the node's code needs r0 (an implicit r0 operand or a runtime routine): floating type (kind 0x20) except float with an FPU (cpu 2 + request +0x37 == 3, or cpu 4) and double on cpu 4; ops IL_CALL 0x30, IL_B_QUALIFY 0x35, DIV/MOD/A_DIV/A_MOD; IL_MUL/IL_A_MUL on cpu 0 (SH-1) unless an operand is IL_CONST ('q'); shifts SL/SR/A_SL/A_SR on cpu < 2 unless the right operand is IL_CONST; B_AND/B_XOR/B_OR/A_AND/A_XOR/A_OR and EQ/NE/LT/LE/GT/GE when either operand is IL_CONST (AND/OR/XOR/CMP #imm,R0 forms). Only caller 0041b070 (every node). Readers of the flag: 00422180 / 00418510 / 004187b0 (IL_ASSIGN right side, r0-indexed address choice), 00417c50. types.h calls flags7 0x20 "needs a runtime routine": the constant-operand cases contradict that, see final report.
0041b070	initialize_node_descriptor_and_operand_slots	void initialize_node_descriptor_and_operand_slots(gen_node *node)	Name kept (older Ghidra name). Recursive over the subtree (children first for need_regs). IL_ID: type from g_lreg_table (symx < 0, by |lreg|) or g_symbol_table (aggregate size into node +18); allocates the 0x84-byte node_desc (00406830) and sets the slot register bytes to 0xff; usage from the parent's op and the operand position (00433350); IL_SWITCH / IL_RETURN dest r0 or fr0/fr1 or frame (0042b180) and pref r0; flags2 0x01 / 0x40, flags3 0x01 / 0x20 / 0x80, flags7 0x10 / 0x20 / 0x80; IL_CALL: built-in id from g_builtin_names / g_builtin_ids ("__builtin_" prefix), strcpy/strcmp argument flag, need_regs r4..r7 for ordinary calls; IL_ID need_regs from the variable's register; mark_node_clobbering_r0 0041aed0; count_indexed_address_operands 0041c070 for IL_CAST when request +4 and !g_no_reg_ranges; propagates the type byte to operands of DIV/MOD/MUL/A_ops/ASSIGN; float multiply-add marking (flags7 0x80). Caller generate_statement 0041abe0.
0041ba90	cut_r0_ranges_at_serials	void cut_r0_ranges_at_serials(serial_block *list)	Walks a list of 0x14-byte serial_block records (next + 4 serials, 0 ends a block; types_proposal.h) and for each serial calls remove_serial_from_register_ranges(1, serial) 0041bae0 and ORs r0 into g_used_gpr_mask. The list is a g_lreg_table entry's +0x14 list (0041ae20 appends g_stmt_serial for the r0 variable). Callers 0040b0d0 / 0040b4f0 when they clear the entry's +05 0x80 flag.
0041bae0	remove_serial_from_register_ranges	void remove_serial_from_register_ranges(unsigned short mask, unsigned int serial)	Only with request +4 and !g_no_reg_ranges. For each of r0..r3 in mask & 0xf: finds the reg_range of g_gpr_contents[r] holding serial and takes serial out (split into [start, serial-1] + new 0xc range [serial+1, end] unless serial == g_stmt_serial; end == serial: drop the range if start == serial else end = serial-1; start == serial: drop it if serial == g_stmt_serial else start = serial+1); keeps ranges_tail. Callers pass 1 << reg with g_stmt_serial (00406ed0, 004071c0, 00407860, 0040a580, 0042a930, 0042a9d0, 0042aab0), the switch's register mask (00420220), r0 (0041ba90).
0041bc70	update_register_ranges_after_statement	void update_register_ranges_after_statement(unsigned short used_mask, reg_content *contents)	Only with request +4 and !g_no_reg_ranges. For r0..r3 (contents[0..3]): not in used_mask & 0xf: opens a range at g_stmt_serial (first range, or a new 0xc range after a closed tail whose end < serial; internal error 0x1223 otherwise); in used_mask: closes the open tail range at g_stmt_serial - 1 (error 0x1223 if its end >= serial). Called by generate_statement with (g_used_gpr_mask, g_gpr_contents) and (g_used_fpr_mask, g_fpr_contents).
0041bda0	truncate_register_ranges_at_serial	void truncate_register_ranges_at_serial(short reg, unsigned int serial, reg_content *contents)	Only with request +4 and !g_no_reg_ranges. contents[reg]'s range list: the range containing serial ends at serial - 1 and becomes the tail; ranges from serial on are unlinked and freed (00406a70, 0xc). Callers 0042ff60 / 004300d0 (register content reuse lookups).
0041be70	free_node_descriptor_tree	void free_node_descriptor_tree(gen_node *node)	Frees desc ea records +60 +64 +5c +58 +54 (free_ea 0041e150), the label lists of value +68 / dest +74 when EAABS or EAIMM with labels and of +50 (004182c0), the 0x84-byte desc (00406a70), then recurses into every child. Caller generate_statement.
0041bf60	reset_r0_variable_candidates	void reset_r0_variable_candidates(void)	g_r0_variable = 0, g_deref_total (0045eea4) = 0, g_deref_count_cursor = &g_deref_counts (0045fa50), g_r0_used = 0. Caller generate_statement (start of every statement).
0041bfb0	find_deref_count	deref_count *find_deref_count(short symx, unsigned short lreg)	Searches the 8-byte deref_count records from g_deref_counts (0045fa50) up to g_deref_count_cursor for {symx, |lreg|}; returns the record or NULL. Caller count_deref_use 0041c000. Return type: Ghidra short *, proposed struct deref_count (types_proposal.h).
0041c000	count_deref_use	void count_deref_use(gen_node *id)	Finds (find_deref_count) or appends at g_deref_count_cursor a record {id->symx, |id->lreg|, count 1}, else count++; g_r0_variable = the record when it has a higher count (or none yet). Caller count_indexed_address_operands (also with a NULL node when the address has no first operand).
0041c070	count_indexed_address_operands	void count_indexed_address_operands(gen_node *cast)	For an IL_CAST whose operand is IL_ADD of (IL_ID | IL_CAST/IL_ASSIGN of IL_ID, IL_ID) (classify_indexed_address_operands): g_deref_total++ and count_deref_use on both variables (the @(R0,Rn) candidates for r0). Caller 0041b070.
0041c0e0	classify_indexed_address_operands	int classify_indexed_address_operands(gen_node *left, gen_node *right)	0 unless right is IL_ID ('p'); 1 when left is IL_ID; 2 when left is IL_CAST (' ') or IL_ASSIGN ('_') whose first operand is IL_ID; else 0. Callers 0041c070, 00417c50 (both test the whole EAX: keeps int).
0041c120	two_bit_mask_bit_position	short two_bit_mask_bit_position(unsigned int mask, short low)	For a mask with exactly two bits set: low != 0 returns the lower bit's position, low == 0 the higher one's; one bit or none: -1. Three or more bits: low != 0 gives -1 but low == 0 gives the SECOND bit's position (the scan stops at the third). Callers 0041c200 (operand adjust 0x0e, low 0), multiplier_shift_count 0041c1b0 (low 1), 00421e00, 00423800.
0041c180	single_bit_position	short single_bit_position(unsigned int mask)	Position of the only set bit (scans 32 bits, arithmetic shift); -1 when none or more than one. Callers 004053a0 00413d80 0041c1b0 00421e00 00422180 00423800.
0041c1b0	multiplier_shift_count	short multiplier_shift_count(unsigned int value)	RETURN: Ghidra's current sig is void, but the function leaves the last callee's AX as its result and 0041c200 (operand adjust 0x0d) stores (short) of it (the rebuild source already returns undefined4); proposed short. Result: n for value 2^n, else n for value-1 == 2^n (value = 2^n+1, returns at once), else n for value+1 == 2^n, else two_bit_mask_bit_position(value, 1) (the low bit of 2^a+2^b), -1 if none: the shift count of a multiply by constant (operand adjust 0x0e gives the high bit).
0041c200	materialize_operand_record_from_descriptor	ea *materialize_operand_record_from_descriptor(gen_node *node, unsigned short opnd_code, ea **extra_operands)	Name kept. Decodes g_operand_desc_table[opnd_code] (bits 26..31 source: OPSRC_FIXED copies g_fixed_operands[low 26 bits] (0042b730); NODE/LEFT/RIGHT/CHILD_N pick the node, its first operand, second operand, or child (sel >> 20) + 2 (004335f0); EXTRA reads extra_operands[sel 0..6] (callers pass g_template_extra_operands); select bits 20..25: new 0xc ea, value (+5c, +74, @R15+ when flags2 0x08, +68), dest +74, saved (+64 / @R15+ when flags3 0x10 / +60), a register of regs_2c / regs_34 / cond_regs by bits 14..19, ea_54), returns a NEW ea (0042b730 copy or 00406830(0xc)), or NULL; then addressing mode bits 8..13 and the disp adjustment bits 0..7 (OPADJ_*: negate, +4, parent member offset, bit-field shifts, multiplier_shift_count 0x0d, two_bit_mask_bit_position(.., 0) 0x0e, labels); OPSRC_IMMEDIATE builds #imm values (OPIMM_*: node val2, size 0042b820, bit-field masks, built-in control register 0x61/0x62/0x63 for set/get cr/gbr/vbr, last/second-last child's operand). Afterwards: EA kind 0xe -> EAIMM; clears the 0x80 bit of EAIMM/EAREGD; for codes 0xaf/0xb0/0xb6/0xba with a GBR-relative symbol (sym_entry attr & 3) rewrites the labels with g_gbr_base_label_ref (00449810, 00419910) and reuses r0 if it already holds it (0042ff60; flags7 0x04/0x08, reused_regs r0, reg_content 0x80); EADSPGBR labels copied. Internal errors 0x11f8..0x11fb, 0x1231..0x1233, 0xbcd. Callers 00411c30 00411fe0 00412390 004297f0 00429990 00429b80 00429d60.
0041ced0	select_shift_routine	short select_shift_routine(gen_node *node)	Runtime routine label (= index into the routine name table 0045be4c + 1) for a constant shift by n = second operand's value.disp (+0x6c): IL_SL/IL_A_SL 0x4b + n (_sta_sftl<n>); IL_SR/IL_A_SR 0x6b + n (_sta_sftrl<n>) when the first operand is unsigned / pointer / array, else 0x8b + n (_sta_sftra<n>); other ops internal error 0x11fc (returns an uninitialised local). Callers 00412390 / 00426d00 for CALL operand code 0x105.
0041cfa0	select_copy_routine	short select_copy_routine(gen_node *node)	Routine label for block copies: IL_ARG ('x') with built-in strcpy (0x16): 0x47 _quick_strcpy when desc flags2 0x01 else 0x48 _slow_strcpy; strcmp (0x17): 0x49 _quick_strcmp1 / 0x4a _slow_strcmp1; other nodes (aggregate moves): flags2 0x01 clear 0x12 _slow_mvn, size (node +18) <= 0x40: 0xaf _quick_evn_mvn when size % 8 == 0 else 0xb0 _quick_odd_mvn, larger 0x11 _quick_mvn. Error 0x11fc for other built-ins. CALL operand code 0x103 (00412390, 00426d00).
0041d050	select_bitfield_routine	short select_bitfield_routine(short selector, unsigned char type)	selector 0x102: g_bitfield_extract_routines[(type & 0x1c) >> 2] (00458680: _bfxbs/_bfxbu/_bfxws/_bfxwu/_bfxls/_bfxlu), else (0x101) g_bitfield_store_routines (004586a0: _bfs*); low half of the 4-byte entry. CALL operand codes 0x101 / 0x102 (00412390, 00426d00).
0041d080	select_conversion_routine	short select_conversion_routine(gen_node *from, gen_node *to)	Routine label for a conversion between float/double and integers: from double: 0x32 _dtoi / 0x34 _dtou (to unsigned/pointer/array); from float: 0x31 _stoi / 0x33 _stou; from signed int: to double 0x36 _itod, float 0x35 _itos; from unsigned: 0x38 _utod / 0x37 _utos; error 0x11fc otherwise. CALL operand codes 0xff / 0x100 / 0x104 (00412390, 00426d00 pass (operand, node), (second, first), (first, second)).
0041d1a0	select_arithmetic_routine	short select_arithmetic_routine(gen_node *node)	Routine label for an operator node by op and operand type: ADD/A_ADD 0x20 _addd / 0x1f _adds; SUB 0x24 _subd / 0x25 _subdr / 0x23 _subs; MUL 0x29 _muld / 0x28 _muls / 0x0d _muli; DIV 0x2b/0x2c _divd/_divdr, 0x2a _divs, signed long by request +0x2b (0: 0x03 _divls, 1: 0xab _divlsp, 2: 0xac _divlspnm), other integer sizes/signedness _divbs.._divlu; MOD the same with _mod* (0x09 / 0xad _modlsp / 0xae _modlspnm); SR/A_SR 0x10 _sftra (signed) / 0x0f _sftrl (unsigned/pointer/array); A_SL 0x0e _sftl; EQ/NE/LT/LE/GT/GE double/float compares (_eqd.._led, the false_label +0e picks eq vs ne, desc flags2 0x80 (operands generated right first) swaps lt/gt, le/ge; float LT..GE also look at the operands' value base registers). Uses desc flags2 0x80 for the reversed subtract/divide too. Error 0x11fc. CALL operand code 0xfe (00412390, 00426d00).
0041db10	resolve_macro_psd_op	unsigned short resolve_macro_psd_op(gen_node *node, unsigned short macro_op, unsigned char *size_out)	Turns a type-dependent template macro op into a psd_op; *size_out = 2 (long) unless set: 0x200/0x500 NEG 0x78 / NOT 0x83 / AND 0x80 / OR 0x81 / XOR 0x82 (IL_ARG with built-in gbr and/or/xor 0x0d..0x0f), IL_B_AND: TST 0x85 or AND 0x80 by desc flags7 0x01; 0x400 multiply MULU 0x71 / MULS 0x70 (short operands), MUL 0x6f (cpu != 0, error 0x11fc on SH-1); 0x600 CMP_HS/HI 0x51/0x53 or CMP_GE/GT 0x52/0x54 by signedness; 0x700/0x800 CMP_PZ 0x55 / CMP_PL 0x56; 0x2300 SHAD 0x48 / SHLD 0x58; 0x300/0x1600/0x1700/0x4200 extension EXTS 0x7b / EXTU 0x7c with *size_out = 00411c10 of the narrower type. Other macros: error 0x11fc, returns macro_op. Caller 00412390 (its local passed on as the psd size).
0041e150	free_ea	void free_ea(ea *operand)	= shcpep free_ea 0040f6e0 (same code: frees the label_ref list 8 bytes each and the 0xc ea with the size-class free 00406a70). 28 callers.
0041e190	invalidate_slot_registers	void invalidate_slot_registers(gen_node *node, unsigned char slot_kind, unsigned short mask)	slot_kind & 0xf0: 0x30 -> desc regs_41[3] + regs_44[2], 0x70 -> reg_47; else internal error 0x1227. Registers of those slots (0xff = none) ANDed with mask are invalidated with 0042fcb0. Callers 0041e740 0041e9e0 0041ec90 0041eef0 0041f6a0 (mask = the other operand's temp_regs).
0041e280	resolve_operand_register_conflicts	short resolve_operand_register_conflicts(gen_node *node, gen_node *left, gen_node *right)	After both operands of a binary node are generated: computes the value registers of left/right (00430e20; 0 when pushed), left's saved value regs (+60), the template's excluded (+34) and spill (+35) general masks and +40/+41 floating; sets the operands' busy_regs/fbusy_regs; moves left's saved value when right's temp_regs clobber it (move_saved_value_to_new_register 0041ec90); left value clobbered by right or in the template's excluded set: memory operand (opnd_class 3) -> load_operand_address_into_new_register 0041eef0, float/double -> move_operand_to_new_float_register 0041e9e0, else try_evaluate_right_operand_first 0041f8d0 then move_operand_to_new_general_register 0041e740 (which 0); right value in the spill mask -> same with which 1; a spilled address -> reload_operand_address_into_register 0041f220; count_clear_mask_bits 0041e720 decides the reload mask, error 0x1229. Returns 1 when anything was moved (AX). Callers 0040d9e0 0040f320 (TEST AX), 0040ff00, 00422180 (MOV word) / ignore: callers use only the low half, return short.
0041e720	count_clear_mask_bits	int count_clear_mask_bits(short mask)	Number of clear bits among bits 0..15 of mask (free registers). Caller 0041e280 (== 1 test, called with mask | 0x8000).
0041e740	move_operand_to_new_general_register	void move_operand_to_new_general_register(gen_node *node, gen_node *left, gen_node *right, short which, unsigned short excluded)	which 0: left's value (+68) is clobbered by right's code; which 1: right's. Chooses a register (choose_general_register with the node's 00432110 mask, then without r0..r3 restrictions; preference = the operand's pref_regs), sets the operand's dest +74 to it, busy/temp regs, g_used_gpr_mask; none free: push to @-R15 (macro 0x1500, flags2 0x08, g_stmt_pushed_operand = 1) when not already pushed/saved, else a frame temporary (allocate_temp_frame_slot 00420140, macro 5) updating frame_low; emits the move with 00429060 (macro 0xc00 for a register); which 0 also invalidate_slot_registers(left, 0x30, right temp_regs); sets opnd_class 0 / 1 (register variable) / 3 (memory). Callers 0041e280, 00422180.
0041e9e0	move_operand_to_new_float_register	void move_operand_to_new_float_register(gen_node *node, gen_node *left, gen_node *right, short which, unsigned short excluded)	Floating counterpart of 0041e740: choose_float_register_pair 0041fde0 for a double on cpu 4, else choose_float_register 0041fc40 (preference fpref_regs +20), retried with mask & 0xfff0; push / frame temporary fallback; fbusy/ftemp regs, g_used_fpr_mask. Caller 0041e280.
0041ec90	move_saved_value_to_new_register	unsigned short move_saved_value_to_new_register(gen_node *node, gen_node *left, gen_node *right, unsigned short excluded)	Left's saved copy (+60) is clobbered by right's temp_regs: chooses a general register (twice, second without the r0..r3 part of 00432110's mask) and makes +64 saved_reg_ea that register (macro 0xf00 move); none: push (@-R15, flags3 0x10, g_stmt_pushed_operand = 1) unless right is pushed, else a frame temporary into +64 (allocate_temp_frame_slot). invalidate_slot_registers(left, 0x70, right temp_regs). Returns the chosen register's bit (0 when spilled); caller 0041e280 stores the word.
0041eef0	load_operand_address_into_new_register	unsigned short load_operand_address_into_new_register(gen_node *node, gen_node *left, gen_node *right, unsigned short excluded)	For a memory operand (opnd_class 3): marks value +68 type 0x40 (address), chooses a general register (preference pref_regs | the value's registers) and loads the address into dest +74 (macro 0xd00), +5c mem_ea = @(0,Rn) copy (EADISP); none: push (macro 0xe00, flags2 0x08) unless call_arguments_use_stack 0041f1a0 says the right operand's argument list is on the stack, else a frame temporary. invalidate_slot_registers(left, 0x30, right temp_regs). Returns the register bit (0 = spilled). Callers 0040d9e0, 0041e280 (then reload_operand_address_into_register), 00422180.
0041f1a0	call_arguments_use_stack	int call_arguments_use_stack(gen_node *arg)	For an IL_ARG ('x') node: 1 when its call returns double without SH-4 (cpu != 4) or a struct, or when one of its arguments before IL_E_ARG ('y') is pushed (flags2 0x08) with no target register (+14 / +22 both 0); else 0 (also for NULL / non-IL_ARG). Caller 0041eef0 (TEST EAX: keeps int).
0041f220	reload_operand_address_into_register	void reload_operand_address_into_register(gen_node *node, gen_node *left, gen_node *right, unsigned short excluded)	After the right operand: chooses a general register (preference = left's pref_regs, the operand's for IL_B_QUALIFY; IL_ASSIGN uses right's value +68), error 0x1227 when none; makes left desc +58 addr_reg_ea that register, moves the spilled address (dest +74, or @R15+ when pushed) into it (macro 0xc00), +5c = @(0,Rn). Caller 0041e280.
0041f450	save_register_arguments_clobbered_by_later_ones	void save_register_arguments_clobbered_by_later_ones(gen_node *arg_list, int skip_last)	Walks the argument operands of an IL_ARG list backwards (from count - skip_last - 1, stopping at the first (count - parent +06) when the IL_CALL's +20 bit 0 is set) accumulating the later arguments' temp regs; an argument whose target register (+14 / +22) is clobbered by them is pushed (@-R15, macro 0x1500, flags2 0x08) when its value is in a call-clobbered register (mask 0xf00ff | ((1 << request scratch_bank_reg_count +0x149) - 1) << 20: r0..r7, fr0..fr3 and that many more floating registers) or nowhere, else copied (value -> dest, flags3 0x04) and moved into the target register (macro 0xc00). Callers 0040f320 (0), 0040ff00 (built-in 0x1c trapa_svc, 1).
0041f6a0	move_builtin_arguments_clobbered_by_later_ones	void move_builtin_arguments_clobbered_by_later_ones(gen_node *arg_list)	For built-ins with register arguments (0040ff00 cases 0x18..0x1b, 0x27..0x2e): sets each argument's busy_regs = list busy | its value regs; then backwards from the second-to-last, an argument whose (non-variable) value register is clobbered by the later arguments' temp regs is moved to a new register (choose_general_register, preference 0xf = r0..r3) or a frame temporary (opnd_class 3), macro 5, invalidate_slot_registers(.., 0x30, later temp regs).
0041f8d0	try_evaluate_right_operand_first	short try_evaluate_right_operand_first(gen_node *node, gen_node *left, gen_node *right)	No side effect (flags2 0x40) and not IL_ARG: when neither operand's reused/cached/temp registers interfere with the other's (general and floating), left's temp regs do not hit right's value registers, and the SH-4 FPSCR.PR states agree (desc +09) when tracking (cpu 4, request +0x157 == 0): sets desc flags2 0x80 (operands generated right first: 00412390, 00414400, 004187b0, 00418510, select_arithmetic_routine read it), invalidates left temp & right cached registers, returns 1. A partial conflict adds left reused_regs to left cached_regs. Returns 0 otherwise. Caller 0041e280 (TEST AX).
0041fa30	choose_general_register	short choose_general_register(unsigned short excluded, unsigned short preferred, char ascending)	THE CHOOSER. excluded is ORed (in its stack slot) with g_var_gpr_mask & 0xfff0 and (short)(signed char)g_chooser_extra_excluded. With g_r0_variable set: g_last_chosen_reg = 0, g_avoid_reg_mask = 1, r0 dropped from preferred, scratch scan descending. Pass 1 scans r4..r14 ascending, pass 2 r3..r0 descending, or r0..r3 when ascending == 1 (and no r0 variable). Each non-excluded register is ranked by rank_register_choice 0041ffd0 against g_gpr_contents: rank 0 is taken at once; otherwise the first register of each rank 2/3/6 is kept, and for ranks 1/4/5 the one whose reg_content stamp is oldest (strictly smaller); the best rank wins. On success: 0042fcb0(1 << r), g_used_gpr_mask |= bit, g_last_chosen_reg = r; g_r0_used = 1 when r is 0. Returns r (0..14) in AX, -1 (0xffff) when none; the upper half of EAX is left undefined, all callers take (short)/(char) (CMP AX,0xffff / CMP AL,0xff / MOV BX,AX ...). 29 callers. | callers use the low half
0041fc40	choose_float_register	short choose_float_register(unsigned short excluded, short preferred)	Floating counterpart of choose_general_register for single precision: excluded |= g_var_fpr_mask & 0xfff0 (no extra-excluded global, no r0 variable logic, no ascending flag); pass 1 fr4..fr15 ascending, pass 2 fr3..fr0 descending; rank_register_choice(n, preferred, g_fpr_contents) (no avoid mask; last-chosen compared as 0x10 + n); stamp tie-break as above. On success 0042fcb0(1 << (0x10 + n)) (the floating half), g_used_fpr_mask |= 1 << n, g_last_chosen_reg = 0x10 + n. Returns 0x10 + n, or -1 (low half only used). Callers 00402560 0040e050 0041e9e0 004214f0 00421890 00425f60 004289f0.
0041fde0	choose_float_register_pair	short choose_float_register_pair(unsigned short excluded, short preferred)	Double-precision pairs: excluded |= g_var_fpr_mask & 0xfff0; pass 1 dr4..dr14 (0x24..0x2e step 2), pass 2 dr2, dr0; a pair is skipped when either bit n / n+1 is excluded; ranked by rank_register_pair_choice 00420080; ranks 1/4/5 replace the kept pair only when both halves' stamps are strictly older. On success invalidates both halves (0042fcb0 << 16), g_last_chosen_reg = 0x20 + n, g_used_fpr_mask |= both bits. Returns 0x20 + n, or -1. Callers 00402560 0040e050 0041e9e0 00425f60 004289f0. | callers use the low half
0041ffd0	rank_register_choice	short rank_register_choice(short reg, short preferred, reg_content *contents)	Rank for the choosers (lower is better): reg in preferred: 1 when reg < 4 and contents[reg] holds something (value != 0 or flags 0x40), else 0; not preferred: 6 for reg > 3, else 2 (empty) / 4 (holding), +1 when reg (+0x10 for g_fpr_contents) == g_last_chosen_reg or (general bank only) reg is in g_avoid_reg_mask. Ghidra returns uint; both callers (0041fa30, 0041fc40) test/use AX only: short. | callers use the low half
00420080	rank_register_pair_choice	short rank_register_pair_choice(short reg, short preferred, reg_content *contents)	Pair version of rank_register_choice for choose_float_register_pair: preferred = both bits reg and reg+1 set: 1 when reg < 4 and either half holds something, else 0; otherwise 6 for reg > 3, 2 empty / 4 holding (either half), +1 when g_last_chosen_reg - reg == 0x20. Caller 0041fde0 (AX only). | callers use the low half
00420140	allocate_temp_frame_slot	void allocate_temp_frame_slot(gen_node *node, unsigned int size, ea *out)	Rounds size up to 4, lowers desc frame_top +48 by it, error 0xc84 when g_max_temp_frame + size overflows, raises g_max_temp_frame to g_frame_end - new top, lowers frame_low +4c, and builds out = @(top, frame 0x6c) (EADISP, 0042b180). Callers 00410eb0 0041e740 0041e9e0 0041ec90 0041eef0 0041f6a0.
004201e0	find_section_record	request_section *find_section_record(request *req, short section_no)	= shcpep find_section_record 0040fae0 (same code: req->sections list, next at +1c, fatal 0x12ed via 00422100 when absent). Callers 00408970 00415460 00415cd0 00415ec0 (pass g_request).
00420220	generate_switch_statement	void generate_switch_statement(gen_node *sw)	IL_SWITCH: saves/clears g_break_label (0045ee9c) and g_last_case_label (0045fe50); reads the next .ilb tree (00435480 from g_ilb_file 0045f980; error 0xce6) and generates it as a statement (generate_statement(tree, 0, 0)); replaces the switch's value operand by an IL_CONST; read_switch_case_table 00420600; jump table when the cases are dense (request +0x20 short != 0: count >= 10 and range < 3 * count; else count >= 8 and range <= (11 * count - 81) / 4) -> emit_switch_jump_table 00420b40, else emit_switch_compare_chain 004208f0; the returned register mask is cut out of the register ranges (0041bae0), added to g_used_gpr_mask and invalidated; saves register contents (00430220, SH-4 004220a0), SWBGN 0x1e record, invalidates r0..r3/fr0..fr3, reads and generates the body (00433720, g_switch_dispatch_pending = 1, 00406bc0), SWEND 0x1f, the break LABEL 0x18; stores the exit label in the .swi info (004395e0, error 0x1218). Caller 00406bc0.
00420600	read_switch_case_table	void read_switch_case_table(gen_node *sw)	Seeks g_swi_file to the switch's record (004395a0(g_request, symx, &offset), 0043a860) and reads (004331d0; errors 0xce6 / 0x1217): 2 bytes, has-default byte, default label (2 bytes) -> g_switch_default_label, case count (2 bytes) -> g_switch_case_count, count x {4-byte value, 2-byte label} into g_switch_cases (0043a550(count * 8), error 0xbcd); labels get + (request +0xb0) + 0xb6; tracks g_switch_min_case / g_switch_max_case. Caller 00420220.
004208f0	emit_switch_compare_chain	unsigned short emit_switch_compare_chain(unsigned int serial, short filno, unsigned short linno)	Per case of g_switch_cases: value in -128..127: CMP/EQ #value,R0 (0x50) else MOVI #value,R1 (0x2a) + CMP/EQ R1,R0; then JUMPT 0x25 to the case label; finally JUMP 0x24 to g_switch_default_label when set. Records go through g_psd_record (0042af80 / 0042ab90) with expno = serial. Returns the registers it used (1 = r0, 3 = r0+r1, bit 1 ORed after every case and the default jump). Caller 00420220 takes the low half: unsigned short.
00420b40	emit_switch_jump_table	unsigned short emit_switch_jump_table(unsigned int serial, gen_node *sw)	CASEJMP 0x11 (sw symx, g_switch_default_label, min, max - min + 1) via 0042b020, CTBL 0x14 (count, g_break_label) via 0042b060, then one CENT 0x15 per value from min to max, the default label for the gaps. Returns 3 (r0, r1 used). Caller 00420220 (low half).
00420c50	label_lists_equal	short label_lists_equal(label_ref *a, label_ref *b)	1 when both lists are NULL together and every element has equal labno1 / labno2, recursively; else 0. Callers 00420ca0, 0042faf0, 0042ff60 all TEST AX: short. | callers use the low half
00420ca0	ea_operands_equal	short ea_operands_equal(ea *a, ea *b)	1 when both are non-NULL with equal type/base/index/misc bytes and disp, neither volatile (type bit 0x80), and label_lists_equal; else 0. 13 callers test AX (00420e10 drops MOV x,x through it).
00420d10	update_stack_travel	void update_stack_travel(int is_call, int call_adjust, psd *rec)	g_sptravel (0045f944) bookkeeping: is_call: += call_adjust; else ADD #imm,R15 (op 0x60, EAIMM, EAREGD r15): -= imm; a pop (@R15+, EAPOINC base 15) in ea1: -= size (flg & 3: 1/2/4); a push (@-R15) in ea2: += size. Tracks g_max_sptravel (0045fa34); negative -> error 0xc84. Callers 004053a0, 00412390 (template entry flag 0x08), 00420e10.
00420e10	emit_psd_instruction	void emit_psd_instruction(unsigned short op, char tmp, char flag_20, unsigned char size, unsigned char misc, ea *src, ea *dst)	Writes one psd record (g_psd_record via 0042af80, then 0042ab90) with expno g_stmt_serial, g_msg_filn/line, sptravel g_sptravel: drops no-ops (MOV / macros 0x1200..0x1400 with ea_operands_equal operands, ADD #0, OR #0); sets the size field per op (byte/word/long rules for MOV, extensions, logic ops, floating ops 0xb0..0xdd); turns macros 0x1200/0x1300/0x1400 into MOV 0x40 and 0x1800/0x1900/0x1a00 into MOV_LOC 0x27 with size 0/1/2; size |= 0x80 for volatile operands, 0x20 when flag_20 == 1; misc |= 0x80 for MOV_LOC from a register, 0x20 while g_template_value_unused; CALL to a runtime routine (label <= 0xb6): clears g_current_aux_record +0a bit 0x8000, sets the routine's bit at +2c, and update_stack_travel(1, g_routine_stack_adjust[label]) (skipped on cpu 4); other ops update_stack_travel(0, 0, &g_psd_record). Callers 004053a0, emit_psd_for_node 00421410.
004213a0	new_ea_operand_with_flags	ea *new_ea_operand_with_flags(unsigned char kind, char base, char index, int disp, unsigned char type_flags, label_ref *labels)	Allocates a 0xc ea (00406830; error 0xbcd -> NULL) and fills it with 0042b180(type = kind | type_flags, base, index, misc 0, disp, labels). Differs from shcpep new_ea_operand 0040b100 (extra flags argument, misc). 17 callers (00414400 passes (1, reg, 0xff, 0, flags, labels)).
00421410	emit_psd_for_node	void emit_psd_for_node(unsigned short op, char tmp, char flag_20, unsigned char size, ea *src, ea *dst, gen_node *node)	When node is volatile (type & 2) or its dest +74 is volatile (0x80): marks memory operands (EAIDREG / EADISP) of src/dst volatile; misc = 0x40 for MOV_LOC 0x27 / macros 0x1800..0x1a00 of an unsigned/pointer/array node; then emit_psd_instruction(op, tmp, flag_20, size, misc, src, dst). ~32 callers (template entries, pushes, moves).
004214f0	protect_fmac_operand_registers	void protect_fmac_operand_registers(gen_node *node, gen_node **operands)	For the 3 multiply-add operands (operands[2] down to [0]): propagates flags2 0x02, cached/reused masks, frame_low, flags3 0x01 into node; an operand whose value register is clobbered by the operands generated after it (or whose FR0set (+20 bit 0) is clear while it sits in fr0) is moved to a new floating register (choose_float_register, macro 0xc00) or pushed (@-R15, flags2 0x08, g_stmt_pushed_operand); memory operands also get an address register (choose_general_register, +58/+5c @(0,Rn)). Sets node busy_regs / fbusy_regs. Caller 00421890.
00421890	generate_float_multiply_add	void generate_float_multiply_add(gen_node *node)	Float multiply-add (desc flags7 0x80, 0040ceb0): finds the IL_MUL operand and the addend, sets their fpref (fr0 for the multiplicand by FR0set, any (0xe) for the rest), orders the three operands (by side effects), generates them in order (dispatch_and_finalize_code_node, copying busy/fbusy/frame_top/flags7 0x40), protect_fmac_operand_registers, then puts each operand in a floating register into regs_2c[0..2] (fr0 for the FR0set operand, the result register from dest / ftarget_regs / choose_float_register), value +68 = the result register, a memory destination gets a 0xf00 store; on SH-4 with PR tracking and g_fpscr_pr != 0 chooses two general registers into regs_2c[3] / [4] and sets fpu_mode_flags 0x01. Caller 0040ceb0.
00421e00	is_16bit_multiplier_constant	int is_16bit_multiplier_constant(gen_node *node, int is_unsigned)	1 when node is an IL_CONST (op 0x71) whose val (+18) fits 16 bits (-0x8000..0x7fff, or 0..0xffff when is_unsigned) AND is not cheap by shifts: 0041c180 (index of the single set bit, -1 if not a power of two) rejects 2^n, 2^n-1 (val+1 tested) and 2^n+1 (val-1 tested); 0041c120(val, 1) rejects two-bit values 2^a+2^b. So it answers "this constant operand needs a real 16-bit multiply (muls.w / mulu.w)". Callers: 00421ea0 (is_unsigned = the other operand's type & 4 or kind 0x80 / 0x40), 004037e0 (same test on a cast's operand type). Callers test the full int
00421ea0	mul_fits_16bit_multiply	int mul_fits_16bit_multiply(gen_node *node)	For an IL_MUL node: 1 when the multiply can be done 16x16->32 (muls.w / mulu.w). Operands are child +10 and child->next +14; an operand is "16-bit" when it is an IL_CAST (0x20) of a char / short value (the cast child's type & 0xf8 == 0 or 8). Returns 1 when both are 16-bit casts of the same signedness (unsigned = type & 4 or kind 0x80 / 0x40); when the signedness differs and neither side is an unsigned short; or when one side is a 16-bit cast and the other an IL_CONST that is_16bit_multiplier_constant 00421e00 accepts (with the cast's signedness). Callers: 004293c0 nested-selector condition 1 (node op 'D' 0x44 && 00421ea0) picks the 16-bit amul templates; 0041db10 (op 0x400 multiply, int operands). Not strength reduction: the shift-and-add constants are the ones it rejects
004220a0	push_fpscr_pr_state	void push_fpscr_pr_state(void)	Allocates an 8-byte record (00406830(8)): +0 next = g_fpscr_pr_stack (0045f984), +4 byte = g_fpscr_pr (0045f9f8), and makes it the head. The SH-4 FPSCR.PR counterpart of 00430220 (push of the r0..r3 contents): 0040e050 / 00420220 call it next to 00430220 under (request cpu == 4 && request +0x157 == 0); also 00406ed0
004220d0	restore_fpscr_pr_state	void restore_fpscr_pr_state(void)	g_fpscr_pr = byte +4 of the g_fpscr_pr_stack head, without popping (counterpart of 00430320, which restores the register contents: 0040e050 calls both before generating its second branch; 0042a790 after a switch / label jump); also 00406ed0
004220e0	pop_fpscr_pr_state	void pop_fpscr_pr_state(void)	Unlinks the g_fpscr_pr_stack head and frees it (00406a70(rec, 8)); called next to 004303e0 (pop of the register contents) by 0040e050 (which then sets g_fpscr_pr = 2, unknown) and 00420220; also 00406ed0
00422100	report_compiler_message	void report_compiler_message(short filno, unsigned int linno, short msgno, char *text)	= shcpep report_compiler_message 00410e90 (same code: finds filno in g_loaded_request->source_files (+0xec), calls 00439910 (= shcpep report_message_by_code) with (name, linno & 0xffff, msgno, text); msgno >= 3000: 00439750 (= shcpep close_and_delete_temp_files) then exit 0043a780(9), or 11 when msgno >= 4000). About 26 callers: the allocator 00406830 / 00406a70 / 00406b00, the .ofa writers 00419d00..0041a7f0, 004201e0, 0042a510, 0042baa0, 00432430 ...
00422180	generate_operator_by_template	void generate_operator_by_template(gen_node *node, tmpl_select *select, char operand_count)	Generator for late handlers of kind 1 / 2 (dispatch_and_finalize_code_node 0040ceb0 passes g_late_handler_table[i] and operand_count 1 or 2; also 00401c90 (unary, 1) and 004037e0 (IL_CAST, 00447e58, 2)). Steps: provisional template by operand constness (00423410(..., by_constness 1) when desc +80 is empty; its result says it must be redone); 00431950 operand preferences; copies busy_regs / fbusy_regs / frame_top / flags7 0x40 into the left operand (removing tmpl clobbers +31 from its busy_regs; pref_regs = r0 when the result feeds an IL_ASTER address) and generates it with dispatch_and_finalize_code_node, then the right one the same way; two IL_CASTs of the same 16-bit unsigned type under a comparison (0x60..0x67) set flags7 0x02 and type |= 4 on both; both operands constant (opnd_class 2) -> 0040ba90 folds and returns; IL_CAST -> 00431ed0 shortcut; 0041e280; assignment operators (0x38..0x3d PRI..POD, 0x50..0x5f A_ops / ASSIGN) whose left operand is EAABS (0x0d) of a non-GBR symbol (attr & 3 == 0): load the address into a register (cached content via 0042ff60, else the chooser 0041fa30 avoiding tmpl excluded +34), set desc +58 / +5c (@(0,Rn)) and flags3 0x04; IL_ADD / IL_SUB -> 00417ed0; operands loaded through r0 (0040d690) -> spills 0041e740 / 0041eef0 (tmpl spill_mask +35) or a move to r0 via 00429060; target / pref register bookkeeping (opnd_class 1 when an operand already sits in the target); reselect (00423410) when anything changed; apply_template_to_node 00424c80(node, tmpl, 0x10, 0, 0, 00432110(node), node); IL_B_AND with usage 1 then sets flags2 0x20 / flags7 0x01
00423410	select_node_template	short select_node_template(gen_node *node, tmpl_select *select, char operand_count, char by_constness, tmpl_header **out)	Picks node's code template into *out (callers pass &desc->tmpl, +80). operand_count 1: choice = select->choice[class] (class = operand_type_class 004236b0 of the node, or of its first operand for IL_COMMA and comparisons 0x60..0x67); 2: choice[left * 5 + right] (left = first operand's class, right = second operand's, or the node's own type for IL_CAST). choice.how 1: *out = targets[index]; 3: nested selector 004293c0 (cpu / FPU / 16-bit multiply conditions); otherwise a tmpl_matrix (targets[index]) indexed by the operands' opnd_class (desc +01), or with by_constness 1 by 2 = IL_CONST / 3 = other; a column of -1 is computed by select_matrix_column 00423800 from matrix +08 starting at the pair's second byte. Error 0x1228 (no choice / negative column). Returns 1 when a matrix was used in by_constness mode (provisional: 00422180 reselects after generating the operands), else 0 or 004293c0's value. Callers 00401f30, 004037e0, 0040d9e0, 004111e0, 00422180 (only 00422180 uses the result)
004236b0	operand_type_class	short operand_type_class(gen_node *node)	Type class of node->type (+05) & 0xf8 for the template selectors: 0 / 8 (char, short) -> 0; 0x10 / 0x18 (int, long) -> 1; 0x40 / 0x48 / 0x80 / 0x88 / 0x90 -> 2 (pointer / array / function kinds); 0x28 -> 3 (float); 0x30 / 0x38 -> 4 (double / long double); anything else error 0x1226. Only caller 00423410 (index into tmpl_select choices); matches the class list in types.h tmpl_select
00423800	select_matrix_column	unsigned char select_matrix_column(gen_node *operand, unsigned char *rules, char first)	Walks {condition, column} byte pairs of a tmpl_matrix rule list (+08) from pair index first; returns the column of the first pair whose condition holds (condition 0xff = always). The tested value is the operand's constant (IL_CONST val +18, or for opnd_class 2 the disp of its mem_ea +5c / dest +74 / value +68); the parent is operand->parent (+0c). Conditions (codes 1..0x35): 1 parent's dest set; 2 operand is IL_B_QUALIFY; 3..6 constant in 8-bit ranges; 7..10 power of two / 2^n+1 / 2^n-1 / two bits (0041c180 / 0041c120); 0xb / 0x10 small shift counts (00430e00); 0xc / 0xd / 0x20 the value 30 / 31 / 29; 0x12 0..0xff; 0x17 operand EAABS; 0x18 frame based (base 0x6c); 0x19 @Rn or @(0,Rn); 0x1a disp 1..0x38 multiple of 4; 0x1b disp -0x7f..0x7f; 0x26..0x31 shift-count sets (1, 2, 8, 16 ...); 0x2b / 0x2c GBR symbols (sym attr & 3); 0x32..0x35 int / float cast types. RETURN: the code ends MOVZX AX, byte [rules + 2*i - 1] (a byte zero-extended to 16 bits) and the only caller 00423410 reads AX (00423616 MOV DI,AX; TEST DI,DI), so unsigned char (not char) keeps the value
00424c80	apply_template_to_node	void apply_template_to_node(gen_node *node, tmpl_header *tmpl, unsigned char slot_kind, ea *extra0, ea *extra1, unsigned int operand_regs, gen_node *account_node)	Makes tmpl the node's code. Kind 0x10 on SH-4 (request +0x157 == 0): PR switching (tmpl flags2 0x04 wants PR 0, 0x02 PR 1: sets desc fpu_mode_flags 0x01 and g_fpscr_pr). assign_template_slot_registers 00425f60; kinds 0x10 / 0x30: fills g_template_extra_operands [0] = extra0, [1] = extra1, then EAREGD ea's of the slot array (regs_2c x5 / regs_41 x3), runs assign_move_entry_registers 00426fb0(kind + 0x10) and frees them. ORs tmpl clobbers +31 / fclobbers +42 into account_node's temp_regs / ftemp_regs and g_used_gpr_mask / g_used_fpr_mask. With extra0 set it only invalidates the clobbered contents (0042fcb0) and returns. Otherwise sets the node's value (+68) and opnd_class (+01) by tmpl->result: 0 none (opnd_class 3 when flags2 0x08), 1 / 2 the left / right operand's location (copying its busy_regs / fbusy_regs / frame_top), 3 / 4 / 10 / 12 / 13 slot register regs_2c[0..4] (reg_spec[0..4]; spec 0x2000 | 0x400000 may keep an operand register via 00425c60, opnd_class 1 when it is the target), 5 r0, 6 a bit-field constant (#imm from the right operand's +6c, masked / sign-extended to bit_width +05), 7 @(0,r2), 8 / 9 @(0,Rslot0) (8 sets ea type bit 0x40), 0xb fr0, 0xe fr3; tmpl flags2 0x08 then takes a folded right operand's value. Invalidates the written contents (0042fcb0), sets g_r0_used; records copies of IL_ID / constant operands left in scratch registers (004258c0 + 00425950 / 00425b20 from tmpl +32 / +33); tmpl flags 0x02 -> labels 00432030, 0x04 -> desc flags2 0x20, flags2 0x80 -> flags3 0x01; finally g_avoid_reg_mask from the slot registers and the value register. operand_regs = 00432110(node) (operands' register masks, gpr low / fpr high); account_node is the node itself in every caller except 00429060 (its 9th argument). Callers 00401f30, 00402d90, 004031a0, 004034e0, 004037e0, 004042e0, 0040d9e0, 0040ff00, 004111e0, 00422180, 00429060
004258c0	template_copy_register	short template_copy_register(gen_node *node, unsigned char opnd_code)	Register that holds a copy of an operand after the template, from tmpl_header +32 / +33: 3 -> regs_2c[0], 4 -> regs_2c[1], 5 -> r0, 0xb -> fr0 (0x10); a result that is not r0..r3 / fr0..fr3 (0x10..0x13) gives -1 (only scratch registers have content records). Checked against amul008 (+32 = 4, +33 = 3: its entries copy the right operand 0xaa into slot 0 and the left 0xa9 into slot 1). Only caller 00424c80
00425950	record_operand_copy_in_register	void record_operand_copy_in_register(gen_node *node, tmpl_header *tmpl, short reg, unsigned short opnd_code, gen_node *operand)	reg != -1: finds the last template entry that copies operand opnd_code (0xa9 left / 0xaa right operand) into a register (macros 0xc00 / 0x2700 / 0x2b00 with it as opnd[0], 0xf00 / 0x2800 / 0x1c00 as opnd[1]), then replays the following entries (materialize_operand_record_from_descriptor, or 00426d00 for CALL; invalidate_regs_written_by_entry 00426dd0); if none writes reg, records reg's content: IL_ID (0x70) -> 0042fe80(operand) + 0042f830(operand, reg), else the constant 0042faf0(operand's value +68, reg, operand). Callers 00424c80 (left 0xa9 / right 0xaa), 00425b20
00425b20	record_last_operand_copy_in_register	void record_last_operand_copy_in_register(gen_node *node, tmpl_header *tmpl, short left_reg, short right_reg, gen_node *operand)	Both operands hold the same value (same IL_ID symx, or equal constants by 00420ca0): walking the entries backwards, the later copy of the left (0xa9) or right (0xaa) operand decides which register (left_reg / right_reg) gets the content record, via 00425950(node, tmpl, reg, code, operand). Only caller 00424c80 (registers from 004258c0 of tmpl +32 / +33)
00425c60	reusable_operand_register	short reusable_operand_register(gen_node *node, ea *extra0, ea *extra1, unsigned int spec, short target_reg, char slot_state)	For a reg_spec with 0x2000: the register of the source operand named by spec & 0x1c00 (0x400 first child, 0x800 second, 0xc00 third 004335f0(node, 3), 0x1000 fourth, 0x1400 extra0, 0x1800 extra1; the operand's mem_ea +5c / dest +74 / g_ea_pop / value +68) when it may be overwritten: an operand with opnd_class 0 always; with spec 0x400000 one with opnd_class 1; else an EAREGD (or the base of @Rn / @(disp,Rn) unless spec 0x800000 or a float slot 0x3000000) that is not a register variable (g_var_gpr_mask / g_var_fpr_mask) and, for r0..r3, whose content is already counted this statement (flags 0x80). -1 when not reusable, when it is in spec's r0..r3 exclusion bits 0..3, or equals target_reg (unless slot_state is 2). Callers 00425f60 (slot_state = the slot's state byte: 1 reused, 2 result slot), 00424c80 (2)
00425f60	assign_template_slot_registers	void assign_template_slot_registers(gen_node *node, tmpl_header *tmpl, unsigned char slot_kind, ea *extra0, ea *extra1, unsigned int operand_regs, gen_node *account_node)	Fills the desc register array of slot_kind (0x10 regs_2c, 0x20 regs_34, 0x30 regs_41, 0x40 regs_44, 0x50 addr_reg, 0x60 regs_3d, 0x70 reg_47; else error 0x1227) from tmpl->reg_spec[0..4] (0 ends). With tmpl flags2 & 6 (kind 0x10, desc fpu_mode_flags bit 0 clear) only slots whose register operand codes 0x5e..0x62 occur in the entries (opnd[0] / opnd[1], ops 0x3800 / 0x3900 skipped) get one. Kind 0x10: the result slot (result 3 / 8 -> slot 0, 4 -> 1, 10 -> 2) takes the target register (dest +74 / target_regs / ftarget_regs) unless r0_result_left_to_chooser 00426c90, and seeds pref_regs / fpref_regs with it. Per slot: 0x2000 tries 00425c60; kind 0x80000 a fixed register (low 4 bits), 0x100000 the register of operand n (1 / 2 children, 3 / 4 children 3 / 4, 5 / 6 extra0 / extra1); otherwise the chooser 0041fa30 (general), 0041fc40 (0x1000000 float) or 0041fde0 (0x2000000 pair) with excluded = operand_regs | spec bits 0..3 | earlier slots' registers (0x4000..0x20000 with 0x40000) | operands' registers (0x80 / 0x40 / 0x20 / 0x10 children 1..4, 0x200 / 0x100 extra0 / extra1), retried without operand_regs; error 0x1227 when none. Chosen registers are ORed into account_node's temp_regs / ftemp_regs (reused operand registers and operand-n registers are also invalidated, 0042fcb0). tmpl flags 0x08: swaps two flagged (entry flags 0x04) slots when their registers collide with the operands. Only caller 00424c80
00426c90	r0_result_left_to_chooser	int r0_result_left_to_chooser(gen_node *node, tmpl_header *tmpl)	1 when node->desc pref_regs == 1 (r0 wanted) and the node is IL_MUL (0x44) with a template other than amul005 / amul007 / amul008 (0044dc70 / 0044dd60 / 0044dde8, the amul templates whose result is a slot register after copying an operand), or an assignment operator (0x38..0x3d, 0x50..0x5f) of integer or pointer (0x40) type; then 00425f60 does not put the target register into the result slot (the r0 preference reaches the chooser instead). Only caller 00425f60 (tests == 0)
00426d00	make_call_routine_operand	ea *make_call_routine_operand(unsigned int opnd_code, gen_node *node)	For a CALL (0x23) template entry: the runtime routine label of opnd_code: 0xfe 0041d1a0(node), 0xff 0041d080(left, node), 0x100 0041d080(right, left), 0x101 0041d050(0x101, left's type), 0x102 0041d050(0x102, node's type), 0x103 0041cfa0(node), 0x104 0041d080(left, right), 0x105 0041ced0(node); other codes the low 16 bits of g_operand_desc_table[code]; returns 00404b20(label) (an EAIMM operand with that label). RETURN: Ghidra's sig says undefined, but the body ends 00426da1 CALL 00404b20; ADD ESP,4; POP; POP; RET with 00404b20's ea * still in EAX, and both callers 00425950 / 00426fb0 use it as the entry's first operand (the rebuild's decls.h already declares int *). The pointer return is needed. Same selector set as 00412390 handles for opnd 0xfe..0x105
00426dd0	invalidate_regs_written_by_entry	unsigned int invalidate_regs_written_by_entry(unsigned short op, ea *opnd1, ea *opnd2, ea *opnd3)	Register mask (general low 16, floating high 16, by 00430e20) that one template entry writes; invalidates those r0..r3 / fr0..fr3 contents (0042fcb0) and returns it. psd ops < 0x100: g_psd_op_written_operand (1 -> opnd1, 2 -> opnd2) unless g_psd_op_template_info byte 0 == 8; 0x20..0x22 none; 0x23 CALL: g_routine_clobbers[label of opnd1] | opnd2; 0x24..0x26 opnd3; 0x27..0x2c opnd2 | opnd3; macros ((op >> 8) - 1 < 0x3d): g_macro_written_operands bits 0x80 / 0x40 / 0x20 = opnd1 / 2 / 3. Only EAREGD (type 1) operands count. Callers 00425950 (tests the reg bit), 00426fb0
00426fb0	assign_move_entry_registers	void assign_move_entry_registers(gen_node *node, tmpl_header *tmpl, unsigned char slot_kind, ea *extra0, ea *extra1, unsigned short operand_regs, gen_node *account_node)	Second phase of 00424c80 (slot_kind 0x20 -> regs_34 with regs_2c as the earlier slots, 0x40 -> regs_44 with regs_41; else error 0x1227): for each tmpl->reg_spec2[i] (0 ends; kinds 0x100000 / 0x80000 and flag 0x2000 are errors 0x1227) replays the entries before spec2_entry[i] (00426dd0 invalidations), builds the exclusion mask like 00425f60, materializes that move entry's two operands (equal operands 00420ca0 -> the entry is a no-op), finds the moved value's type (0x1c00 -> 0x40, 0x2b00 -> 0x18, 0x2700 / 0x2800 int / short / char by the node's type, else the type of the operand the entry's operand code reads), and lets choose_move_entry_register 004278c0(src, dst, slot_kind | i, node, op, type, excluded | operand_regs, account_node) pick the register, retried without operand_regs; then replays the remaining entries. Only caller 00424c80
004278c0	choose_move_entry_register	unsigned short choose_move_entry_register(ea *src, ea *dst, unsigned char slot, gen_node *node, unsigned short op, unsigned char value_type, unsigned int excluded, gen_node *account_node)	Register a template move entry (op 0xc00 / 0xd00 / 0xe00 / 0xf00 / 0x1b00 / 0x1c00 / 0x2700 / 0x2800 / 0x2b00; 0xc00 from an ea with type bit 0x40 is treated as 0xd00 of type 0x40) needs, written into the desc slot named by slot (0x10 regs_2c, 0x20 regs_34, 0x30 regs_41, 0x40 regs_44, 0x50 addr_reg, 0x60 regs_3d, 0x70 reg_47, 0x80 cond_regs; low 4 bits the index): 0xff (none) for register / frame / @Rn operands; r0 for char / short @(disp,Rn) moves with disp 1..15 / 1..30 (mov.b / mov.w @(disp,Rn),R0); a chooser 0041fa30 register for large displacements, EAABS addresses (GBR symbols, attr & 3, prefer r0), SH-4 doubles (type 0x30) and FPU constants other than 0.0 / 1.0 (g_float_zero_bits / g_float_one_bits: fldi0 / fldi1 need none). Records the loaded constant / address content (0042faf0) and invalidates the destination register's content; ORs the register into account_node's temp_regs. Returns 1 when done (or nothing needed), 0 when the chooser found no register (00426fb0 / 00429060 retry with a smaller excluded mask); 004289f0 calls it with slot 0x81, op 0xc00. Errors 0x1225 (unexpected ea kind), 0x1227 (unknown op / slot kind)
00428910	constant_condition_is_zero	int constant_condition_is_zero(gen_node *node)	callers 004289f0 and 004141b0: if the value desc+68 is an EAIMM with labels (an address) returns 0; else compares the constant at desc value.disp (+6c) with the zero constant g_zero_constant (00458ac0) by type: integer 00436380 (==), float (type&0xf8 0x28) 00437650, double 0x30/0x38 00437850, other float sizes -> message 0x1226. 004289f0 gives up on the condition when true_label is set and this says zero, or false_label is set and it says nonzero
004289f0	assign_condition_value_registers	void assign_condition_value_registers(gen_node *node)	called by 0040ceb0 for desc usage 1 (a value only tested). Returns early for folded constant conditions (opnd_class 2 + 00428910). Fills desc cond_regs (+38..+3c): double (type&0xf8 0x30) without the SH-4 FPU -> r0 for the runtime compare result ([0]=0, [1]=0xff, temp_regs |= r0, 0042fcb0(1), g_r0_used); SH-4 double: a float pair via 0041fde0 into [2]/[3] (ftemp_regs +26, g_used_fpr_mask), loaded with 004278c0(value, EAREGD, 0x81, node, macro 0xc00 ...), a general register via the chooser 0041fa30 into [0], and when g_fpscr_pr must switch, a second general register into [4] (fpu_mode_flags |= 2, g_fpscr_pr set to the new mode); single float with FPU: 0041fc40 singles the same way; integer: general register via 0041fa30(busy mask from 00432110, preference r0 when 0040d690 says the operand is a small @(disp,Rn), scan flag 0), retried with the operand's own registers (00430e20) when it returns 0xff; loads the value into it (004278c0, macro 0xc00) unless already in a register (opnd_class 0/1), then invalidates that register's content (0042fcb0). IL_B_AND with desc flags2 0x20 and no value operand: only picks a register into [0]. temp_regs and g_used_gpr_mask get the chosen registers
00429060	emit_operand_transfer	void emit_operand_transfer(ea *src, ea *dst, unsigned char rec_flags, gen_node *node, unsigned short macro, unsigned char type, unsigned int excluded, unsigned int excluded_retry, int extra)	16 callers (0040ceb0, 00422180, spills 0041e740/0041e9e0/0041ec90/0041eef0, 00421890 ...). macro is a template macro code: 5 = move (becomes 0xf00 / 0xc00 when src / dst is a register, 0x1500 when dst is @-R15 g_ea_push via 00420ca0); 0xc00/0xd00(with register dst)/0xe00/0xf00/0x1c00/0x2700/0x2800/0x2b00 go to 004278c0 (retried with excluded_retry when it returns 0; a register dst's content is invalidated first, 0042fcb0); otherwise a template is selected (5 -> 0042ddd0 amv, 0xd00 -> 0042e820 alda, 0x1500 -> 0042d6a0 apush, else message 0x1227) and run with 00424c80. A volatile src (ea type bit 0x40) switches to the address forms (type 0x40, 0xd00/0xe00). Afterwards sets g_avoid_reg_mask (& 0xf) from desc regs_41/regs_44 and both operands' registers (00430e20). rec_flags (0x30, 0x60, 0x81) and extra are passed through to 004278c0 / 00424c80
004293c0	select_cpu_variant_template	short select_cpu_variant_template(gen_node *node, void *variants, tmpl_header **tmpl_out, void **select_out, short found)	only caller 00423410 (tmpl_choice how == 3): walks 8-byte entries {u8 cond, u8 how, pad, ptr} until one holds: cond 1 = IL_MUL ('D') and 00421ea0(node), 2 = FPU present (cpu 2 with request +0x37 == 3, or cpu 4), 3 = cpu 4 (SH-4), 0xff = default, other -> message 0x1238. how 1: *tmpl_out = ptr and returns 0; else *select_out = ptr and returns found unchanged (the cpu-variant list of g_late_handler_table kind 4)
004294f0	emit_add_constant_minus_one	void emit_add_constant_minus_one(gen_node *node, ea *imm, ea *dst, ea **temps)	template macro 0x2d00 (00412390, after 00411c30 filled temps from the following 0x2200 entries): copy of imm with disp - 1; if 0..0x7f emits ADD (0x60) imm,dst, else MOVI (0x2a) imm,temps[0] then ADD temps[0],dst (psd records via 00421410). node is not read
00429590	emit_shad_right_by_constant	void emit_shad_right_by_constant(gen_node *node, ea *imm, ea *dst, ea **temps)	template macro 0x2e00 (00412390): MOVI (0x2a) of the negated count into temps[0], then SHAD (0x48) temps[0],dst (arithmetic right shift by a constant through SHAD). node is not read
00429600	emit_float_arith_op	void emit_float_arith_op(gen_node *node, ea *src, ea *dst, int reverse)	template macros 0x3200 (reverse 0) / 0x3500 (reverse 1) in 00412390: FPU psd op from the node's il_op: IL_ADD/A_ADD/PRI/POI ('@','P','8','<') 0xb8, IL_SUB/A_SUB/PRD/POD ('A','Q','9','=') 0xba (add/sub exchanged when reverse), IL_MUL/A_MUL ('D','T') 0xbc, else 0xbe; emits op src,dst through 00421410 (node passed for the volatile marks)
00429770	emit_float_compare	void emit_float_compare(gen_node *node, ea *left, ea *right)	template macro 0x3600 (00412390): emits psd op 0xc1 (the FPU compare also used before the conditional branches of 00429b80 / 00429d60), operands swapped unless the node is IL_LE / IL_GT ('e','f')
004297f0	emit_unsigned_to_float	int emit_unsigned_to_float(gen_node *node, tmpl_entry *entry, int *opnd_ctx, ea *src, ea *dst)	template macro 0x3300 (00412390): temps from the following 0x2200 entries (00411c30; returns their count, which 00412390 skips); LDS src,FPUL (0x8d; operand 0x93 = FPUL), op 0xdc FPUL->dst (int to float), CMP/PZ src (0x55), JUMPT (0x25) over the correction to a new label (0042b1e0 / 00404b20), op 0x2c pool constant (operand 0x95) into temps[1], 0xb8 (add) temps[1],dst, then the LABEL record (0042b0e0 + emit_psd_record). opnd_ctx is the 3rd argument of 0041c200, passed through
00429990	emit_unsigned_to_double	int emit_unsigned_to_double(gen_node *node, tmpl_entry *entry, int *opnd_ctx, ea *src, ea *dst)	template macro 0x4300: double-precision version of 004297f0 (00421410 4th argument 3): LDS src,FPUL, 0xdc, CMP/PZ, JUMPT label, MOVI operand 0xf1 into temps[0], LDS temps[0],FPUL, 0xb6 FPUL->temps[1], 0xb8 temps[1],dst, LABEL; returns the 0x2200 entry count
00429b80	emit_float_to_unsigned	int emit_float_to_unsigned(gen_node *node, tmpl_entry *entry, int *opnd_ctx, ea *src, ea *dst)	template macro 0x3400: 0x2c pool constant (operand 0x96) into temps[1], compare 0xc1 with src, JUMPT over the correction, 0xb8 / 0xba adjust, LABEL, 0xdd src->FPUL (truncate), STS FPUL,dst (0x9d); returns the 0x2200 entry count
00429d60	emit_double_to_unsigned	int emit_double_to_unsigned(gen_node *node, tmpl_entry *entry, int *opnd_ctx, ea *src, ea *dst)	template macro 0x4400: double counterpart of 00429b80 (MOVI operand 0xf2 into temps[0], LDS to FPUL, 0xb6 into temps[1], compare 0xc1, JUMPT, 0xb8 / 0xba, LABEL, 0xdd, STS FPUL,dst); returns the 0x2200 entry count
00429f90	emit_fabs_or_fsqrt	void emit_fabs_or_fsqrt(gen_node *node, ea *operand)	template macro 0x3700 (00412390): desc builtin (+06) 0x1f fabsf / 0x30 fabs -> psd op 0xd2, otherwise (sqrtf 0x20 / sqrt 0x31) op 0xd4, one operand (ids from g_builtin_names / g_builtin_ids)
00429ff0	emit_paired_fmov	void emit_paired_fmov(gen_node *node, ea *src, ea *dst)	template macro 0x3a00 (00412390): two psd op 0xb0 records src->dst on fresh copies, the order chosen by request +0x2a (unknown_028[2], the flag that also selects the second template of each pair in 0042ee70 / 0042e930 / 0042d6a0 / 0042ddd0)
0042a0b0	emit_paired_fmov_reverse	void emit_paired_fmov_reverse(gen_node *node, ea *dst, ea *src)	template macro 0x4100 (00412390): counterpart of 00429ff0 with the direction reversed (two psd op 0xb0 records from the second operand into the first, order by request +0x2a)
0042a180	emit_float_multiply_add	void emit_float_multiply_add(gen_node *node)	only caller 00406340: the float IL_ADD whose IL_MUL operand desc flags7 0x80 marks (multiply-add pair): orders the addend and the two factors (desc flags2 0x40 decides), generates them (00406340), loads each into its slot register regs_2c[0..2] (regs_34 as a temp) through the ald template (0042f500 kind 1 + emit_template_record_sequence_for_node), op 0x2e between regs_2c[3]/[4] when fpu_mode_flags & 1, then psd op 0xcc (FMAC) into desc value; stores back through the ast template (kind 2) when the addend's desc usage is 3
0042a510	delete_unreachable_record	void delete_unreachable_record(psd *rec)	= shcpep delete_unreachable_record 00412970 (same code): class from g_op_reachability_class (00458ac8)[rec->op]; 0 -> message 0x12ec; class 3 (unconditional transfer) sets g_in_unreachable_code (00458bc8); while it is set a label (class 2) clears it, directives (class 1) stay, anything else is freed (0041e150 on ea1 / ea2) and cleared to op 0. Only caller emit_psd_record 0042ab90
0042a5b0	gen_return_statement	void gen_return_statement(gen_node *node)	00406bc0 case IL_RETURN (0x18): reads the value tree (00435480 from g_ilb_file, message 0xce6), generates it (0041abe0) unless IL_NULL; when request +0x156 is set and the function's return type (g_symbol_table[g_current_function].ret_type) is char/short emits EXTS/EXTU (0x7b / 0x7c) on r0; then RETURN (0x22) to g_return_label (0045fa00, made on first use by 0042b1e0, when g_return_label_used is cleared); g_return_record_dropped (0045fa28) is cleared before and set by 0042ab90 when the record was unreachable; when it stayed 0 sets g_return_label_used (0045f990) and ORs 2 into the low byte of g_used_gpr_mask; frees the tree (004333d0)
0042a790	gen_label_statement	void gen_label_statement(gen_node *node)	00406bc0 cases IL_GLABEL / IL_CLABEL / IL_DLABEL (0x1c..0x1e): emits LABEL 0x18 (symx < 0: a new label kept in g_last_goto_label 0045fa4c, else symx + 0xb6) / CLABEL 0x19 / DLABEL 0x1a (symx + symbol count + 0xb6, kept in g_switch_case_label 0045fe50) with g_sptravel; reads the next .ilb node (00433720, message 0xce6); invalidates the r0..r3 / fr0..fr3 contents (0042fcb0(0xf000f), g_fpscr_pr = 2 on SH-4) except between consecutive case labels; at a case label directly under the IL_SWITCH (or its IL_BLOCK) restores the saved contents (00430320, 004220d0 on SH-4) when g_switch_contents_saved (0045f991) is set, then clears it; generates the labelled statement (00406bc0)
0042a930	gen_continue_statement	void gen_continue_statement(void)	00406bc0 case IL_CONTINUE (0x1a): JUMP (0x24, flg 2) to g_continue_label (0045fa04, made on first use), with a scratch register from the chooser 0041fa30(0,0,0) in the record's tmp and its validity range ended (0041bae0)
0042a9d0	gen_goto_statement	void gen_goto_statement(gen_node *node)	00406bc0 case IL_GOTO (0x1b): JUMP (0x24) to label symx + 0xb6, or for symx < 0 to g_last_goto_label (0045fa4c; message 0x120b when 0), with a chooser scratch register in tmp as in 0042a930
0042aab0	gen_break_statement	void gen_break_statement(void)	00406bc0 case IL_BREAK (0x19): JUMP (0x24) to g_break_label (0045ee9c, made on first use; 00420220 saves / sets it per switch and 00420b40 uses it in the CTBL record), chooser scratch register in tmp as in 0042a930
0042ab50	make_label_operand	ea *make_label_operand(short labno)	allocates a label_ref (labno1 = labno) and an ea filled by fill_ea 0042b180 as EAIMM (7), base/index 0xff, with that label list (no null checks); jump targets of 0042a5b0 / 0042a930 / 0042a9d0 / 0042aab0 / 00412390 ...
0042ab90	emit_psd_record	void emit_psd_record(psd *rec, int pool_size)	THE .sua writer (29 callers). 0042a510 first drops unreachable records (a dropped EXIT sets g_exit_record_dropped 0045f941, a dropped RETURN g_return_record_dropped 0045fa28). Without optimisation (*(short *)(request +4) == 0) and pool_size 0 it asks decide_literal_pool_placement(rec, g_lit_file); when a pool must follow a record that is not a transfer (EXIT/RETURN/CASEJMP/JUMP/RTE/BRA/JMP/RTS) it emits BRA (0x92, flg 2) to a new label carrying the pool size (recursive call) and the LABEL with g_pool_label_sptravel (0045b620; then set to g_sptravel), then write_ofa_record(g_ofa_file, rec, g_current_section +8, pool_size). Tracks g_mac_regs_used (0045f9e8: MUL/MULS/MULU 1, MAC/CLRMAC 3, CALL/JSR without request macsave 3) and g_fpu_sysregs_used (0045fe60: 1 for 0xdd/0xdf, LDS to FPUL, 0x2c with tmp; 2 for LDS to FPSCR and the FPU arithmetic ops; 3 for CALL with an FPU), writes the record to the .sua (00432430(g_sua_file, rec)), defines labels 0x18..0x1b (00407d80 kind 2 or 5 / 3 / 4 / 1), advances the section location by the record size (00432290) + pool_size, frees ea1 / ea2 of non-directive records (0041e150)
0042af80	fill_psd_record	void fill_psd_record(psd *rec, psd_op op, char flg, char misc, int expno, short filno, unsigned short linno, ea *ea1, ea *ea2, int sptravel, char tmp)	fills every psd field: op/flg/misc, expno +08 (callers pass g_stmt_serial), filno / linno, ea1 / ea2, sptravel +04 (stored for every op; the MOV_LOC/MOVA_LC test before it is dead), tmp +03 only for MOV_LOC / MOVA_LC / CALL / JUMP / JUMPT / JUMPF / MOVA_FC / 0x2c, else 0xff (shcpep fill_psd_record has the same fields in another argument order); 16 callers
0042b020	fill_psd_record_without_sptravel	void fill_psd_record_without_sptravel(psd *rec, psd_op op, char flg, char misc, int expno, short filno, unsigned short linno, ea *ea1, ea *ea2)	stores op/flg/misc, +08, +0c, +0e, +10, +14; tmp and sptravel untouched; only caller 00420b40 (the CASEJMP 0x11 record)
0042b060	fill_case_table_record	void fill_case_table_record(psd *rec, psd_op op, short count, short labno)	zeroes the record (0042b250(rec, 6)), op, +0c = count; CTBL (0x14) puts labno at +0e, other ops (CENT 0x15) at +10 (psdlabno); only caller 00420b40
0042b0a0	fill_line_record	void fill_line_record(psd *rec, psd_op op, short filno, unsigned short linno, char flag)	zeroes the record, op (LINE 0x1d from 00406bc0 / 00407af0 / 00415ec0), filno +0c, linno +0e, one byte at +10
0042b0e0	fill_label_record	void fill_label_record(psd *rec, psd_op op, short labno, short sptravel)	zeroes the record, op (LABEL 0x18 / CLABEL / DLABEL), labno at +10 (psdlabno), sptravel sign-extended into +04 (callers pass g_sptravel 0045f944); 17 callers
0042b110	fill_psd_record_at_line	void fill_psd_record_at_line(psd *rec, psd_op op, short filno, unsigned short linno, int value1, int value2)	zeroes the record, op, filno +0c, linno +0e, two words at +10 / +14 (the ea slots); callers 004053a0 / 00415cd0 build op 0x10 with an IL node's val / val2 (+18 / +1c)
0042b150	fill_section_record	void fill_section_record(psd *rec, psd_op op, short section)	zeroes the record, op (PROGRAM 0x0c from 00415cd0 / 00415ec0), the short at +0c (1, or sym_entry +06 of the function)
0042b180	fill_ea	void fill_ea(ea *operand, unsigned char type, char base, char index, char misc, int disp, label_ref *labels)	zeroes the 3 words (0042b250) then sets type / base / index / misc / disp / labels; 47 callers (shcpep new_ea_operand without the allocation)
0042b1c0	fill_label_ref	void fill_label_ref(label_ref *ref, short labno1, short labno2)	next = 0, labno1 +04, labno2 +06 (00401000, 00404b20, 0042ab90)
0042b1e0	make_new_label_number	short make_new_label_number(void)	increments request->label_count (+0xac) and returns it; message 0xbc8 above 0x7fff (shcpep make_new_label_number keeps its own counter); 22 callers
0042b220	copy_words	void copy_words(unsigned int *dst, unsigned int *src, int count)	copies count 4-byte words (0042b770, 0042b7e0, 00430220, 00430320 ...)
0042b250	zero_words	void zero_words(unsigned int *dst, int count)	clears count 4-byte words (the psd fillers pass 6, fill_ea 3; 17 callers)
0042b270	report_codegen_message	void report_codegen_message(int msgno, short filno, unsigned int linno, int listno, char *text)	the stage's message routine (~90 callers pass msgno, g_msg_filn, g_msg_line, g_msg_listno or 1, 0, 0): finds the file name in request->source_files (else request->source_name) and prints with 00439910; msgno >= 3000 closes the stage files (0042b370, unless g_close_status 0045f9c4 is nonzero) and exits 9 (< 4000), 4000..4999 exit 11; else raises g_message_severity (0045f9fc) to 3 / 2 / 1 for 2000s / 1000s / 1..999. listno is not read. Not the shcpep report_compiler_message shape (that is 00422100 here)
0042b370	close_stage_files	void close_stage_files(void)	fcloses and clears g_sua_file, g_sud_file, g_ofa_file, g_asa_file, g_db2_file, g_sym_file, g_ilb_file, g_int_file, g_swi_file, g_reg_file, g_lit_file (message 0xce5 when fclose fails; result kept in g_close_status 0045f9c4); callers 0041ab90 and 0042b270
0042b630	read_bytes_or_fail	void read_bytes_or_fail(char *buf, unsigned int size, FILE *in)	004331d0(in, buf, size) (the read_file_bytes wrapper); -1 -> message 0xce6, short count -> 0x1252; the .sym readers 00401000.. and 00408970
0042b680	read_count_or_fail	unsigned int read_count_or_fail(char *buf, unsigned int size, FILE *in)	like 0042b630 but returns the count as a short in the low half (-1 after message 0xce6; 0 = end of file accepted; another count != size -> 0x1252); callers 00401000, 00408970
0042b6f0	write_bytes_or_fail	void write_bytes_or_fail(char *buf, unsigned int size, FILE *out)	00433230(out, buf, size) (the write_file_bytes wrapper); -1 -> message 0xce7; the .sud / .asa writers 00407e20..00409c10, 00415460, 00415920
0042b730	copy_ea	ea *copy_ea(ea *src)	allocates 0xc (00406830, message 0xbcd when null) and fills it with 0042b7e0 (= shcpep copy_ea without the trace dumps); 45 callers
0042b770	copy_label_ref_list	label_ref *copy_label_ref_list(label_ref *src)	copies a label_ref list node by node (8 bytes each, message 0xbcd) (= shcpep copy_label_ref_list)
0042b7e0	copy_ea_into	void copy_ea_into(ea *dst, ea *src)	copies the 3 words and, for EAABS / EAIMM / EAIDREG / EADISP (13, 7, 2, 8) with labels, gives dst its own copy of the label list (0042b770); 23 callers
0042b820	node_value_size	int node_value_size(gen_node *node)	size in bytes from the node's type byte (+05): kind 0 -> 1 / 2 / 4 by the size bits, 0x20 -> 4 / 8, 0x40 -> 4, 0x60 aggregate -> node val (+18), 0x80 -> 4, else 0; 11 callers
0042b950	is_unreserved_function_name	int is_unreserved_function_name(short sym_index)	0 in the low half when g_symbol_table[|sym_index|].name is a built-in function (00401c00 nonzero; the high half then keeps its bits) or equals one of the runtime routine names g_runtime_routine_names (0045be4c..0045c120: _divbs .. _d2u); else 1. Both callers (00401000 issues message 0x7e4 on 0; 0040a3f0) test (short)
0042b9e0	get_symbol_attr_bit5_or_forced	char get_symbol_attr_bit5_or_forced(short labno)	= shcpep get_symbol_attr_bit5_or_forced 00409c50: true when request->abs16 == 3, or abs16 & 1 and labno < 0xb7; false past the symbol count; else sym_entry attr & 0x20. Callers 0042baa0 / 0042cb00 test the low byte
0042ba50	get_symbol_attr_low_bits	unsigned char get_symbol_attr_low_bits(short labno)	shcpep get_symbol_attr_low_bits 00409ca0 counterpart: 0 past the symbol count, 1 when attr bit 0, else attr & 2 (shcpep returns attr & 3); sets all of EAX; only caller 0042cb30
0042baa0	decide_literal_pool_placement	unsigned int decide_literal_pool_placement(psd *rec, FILE *lit_out)	= shcpep decide_literal_pool_placement 004179a0 (same pool globals in the same order, same 0x3cc / 0x1ce limits, 0x400 for CASEJMP, writes the pool flag byte to lit_out, clears the three literal tables with 0042ca30); only caller emit_psd_record 0042ab90 (lit_out = g_lit_file); the pool size in the low half
0042c7b0	find_pool_literal	int find_pool_literal(literal_table *table, unsigned int value, label_ref *labels)	= shcpep find_pool_literal 00418cb0: hash (value + label numbers) % 0x7f, walks the bucket with 0042c810
0042c810	pool_literal_matches	int pool_literal_matches(literal_entry *entry, int value, label_ref *labels)	= shcpep pool_literal_matches 00418d10: same value and the same label numbers (20-byte used flags)
0042c950	add_pool_literal	void add_pool_literal(literal_table *table, unsigned int value, label_ref *labels)	= shcpep add_pool_literal 00418e50: entry of 0x10 with a copied label list appended to its bucket and to the insertion list, count++
0042ca30	clear_pool_literal_table	void clear_pool_literal_table(literal_table *table)	= shcpep clear_pool_literal_table 00418f30 (frees with 00406a70; message 0x12f2 on a count mismatch)
0042cac0	write_final_literal_pool_flag	void write_final_literal_pool_flag(FILE *lit_out)	= shcpep write_final_literal_pool_flag 00418fc0: writes byte 1 (message 0xce7 via 00422100); caller 0041ab90
0042cb00	is_word_symbol_literal	int is_word_symbol_literal(int value, label_ref *labels)	= shcpep is_word_symbol_literal 00419000 (one label with labno2 0 and 0042b9e0 true)
0042cb30	get_marked_symbol_kind	int get_marked_symbol_kind(label_ref *labels)	= shcpep get_marked_symbol_kind 00419030 (single label with labno2 0x8000 -> 0042ba50). RETURN: Ghidra had void, but the code leaves the result in EAX (XOR EAX,EAX at entry, else the 0042ba50 result) and all four call sites in 0042baa0 read it (CMP EAX,0x1 at 0042bcf2 / 0042c428, TEST EAX,EAX at 0042bd69 / 0042c49b)
0042cb60	write_db2_function_locations	void write_db2_function_locations(gen_node *func)	only caller 00415ec0: writes the 2-byte g_db2_param_count (0045ee98) to g_db2_file, then per parameter (sym_entry +0c blocks of 4 symbols) a length-prefixed record built in g_db2_param_record (0045e600): register (storage EAREGD: kind 1 + register) or frame location (kind 6 + the 4 storage.disp bytes), a flag for parameters past ret_19 when sym_flags & 1, the 0xc0 / 0x80 forms when the block's flag byte says the parameter arrived in a register; then 0042cf00 for the function's scope; message 0xce7 on write failure
0042cf00	write_db2_scope_locals	void write_db2_scope_locals(short sym_index)	recursive over a scope symbol: for each local of list_10 (4 per block) that is not range-tracked (request +4 == 0, g_no_reg_ranges, or a type the ranges skip) writes g_db2_local_record (0045e610): symbol number, class 6 register (kind 1 + register) or class 5 frame (kind 6 + storage.disp bytes); then recurses into the child scopes listed at sym_entry +0c (6 per block)
0042d0e0	write_db2_lreg_table	void write_db2_lreg_table(void)	only caller 00415ec0: without register ranges writes a zero short; else the count g_db2_lreg_count (0045fa4e) and per g_lreg_table entry (0x24 bytes, ends at lreg 0) a record g_db2_lreg_record (0045e5f0): lreg, register (kind 1) or the 4 frame bytes at entry +0x1c (kind 6); message 0xce7
0042d220	alloc_descending_general_reg	short alloc_descending_general_reg(int lowest)	kept name: from r14 down to lowest, the first register not in g_var_gpr_mask; adds it to g_var_gpr_mask and g_used_gpr_mask; -1 when none or lowest > 14 (callers 00417000, 004176b0)
0042d280	alloc_descending_extended_reg	short alloc_descending_extended_reg(int lowest)	kept name: floating counterpart of 0042d220 over register numbers 0x1f down to lowest (fr15 ...), g_var_fpr_mask / g_used_fpr_mask
0042d2e0	alloc_descending_paired_reg	short alloc_descending_paired_reg(int lowest)	kept name: double pairs 0x2e, 0x2c, ... down to lowest (two g_var_fpr_mask bits per step), adds them to g_var_fpr_mask / g_used_fpr_mask
0042d350	alloc_general_reg_from_low_mask	short alloc_general_reg_from_low_mask(unsigned short busy)	kept name: first of r4..r7 (the argument registers) not in busy, -1 when all four are taken; ORs it into g_used_gpr_mask (caller 004169b0)
0042d3b0	alloc_extended_reg_from_low_mask	short alloc_extended_reg_from_low_mask(short busy)	kept name: first of request->scratch_bank_reg_count single registers from 0x14 (fr4 ...) not in busy (bits from 0x10 up), adds it to g_used_fpr_mask; -1 when none (caller 004169b0)
0042d420	alloc_paired_reg_from_low_mask	short alloc_paired_reg_from_low_mask(short busy)	kept name: first free double pair from 0x24 (dr4 ...), two mask bits per step, bounded by scratch_bank_reg_count; adds both halves to g_used_fpr_mask (caller 004169b0)
0042d4a0	allocate_local_frame_offset	int allocate_local_frame_offset(int sym_index, int frame_offset)	RENAME of the old allocate_spill_stack_offset_for_node: the code works on a symbol, not a node: size and alignment from g_symbol_table[|sym_index|].type (1 / 2 / 4 / 8 bytes; aggregates sym_entry size with their element alignment), aligns frame_offset down, subtracts the size (aggregates again 4-aligned) and returns the new offset; message 0xc84 when the result is not negative. Callers 00417000 / 004176b0 (lowering g_frame_end)
0042d6a0	select_push_template	tmpl_header *select_push_template(unsigned char type, ea *src, char usage, gen_node *node)	returns one of the apush001..apush025 templates (template addresses resolved through g_template_names) by type, source kind, cpu / FPU and request +0x2a; 0042f500 kind 6 and 00429060 macro 0x1500 (usage = the desc usage byte)
0042ddd0	select_move_template	tmpl_header *select_move_template(unsigned char type, ea *src, ea *dst, gen_node *node)	returns an amv (move) template amv003..amv026 by type / FPU / request +0x2a; aggregates by the node's val (+18) size and the operands' alignment through g_amv_block_templates (0045c160: amv015..amv018) and g_amv_copy_templates (0045c170: amv020..amv023, aassgn029..aassgn032); 0042f500 kind 5, 00429060 macro 5, 00431a30
0042e760	select_push_address_template	tmpl_header *select_push_address_template(ea *src, ea *temp)	returns apusha001..apusha008 by the source kind (EAABS, frame @(disp,0x6c), @(R0,Rn) compared with temp's register, @Rn / @(disp,Rn)); message 0x122a otherwise; 0042f500 kind 4
0042e820	select_load_address_template	tmpl_header *select_load_address_template(ea *src, ea *dst)	returns alda001..alda010 (address loads) by the source kind, whether dst is a register and its register, displacement 0 / -0x80..0x7f; message 0x122b; 0042f500 kind 3, 00429060 macro 0xd00
0042e930	select_store_template	tmpl_header *select_store_template(ea *src, ea *dst, ea *temp, unsigned char type)	returns an ast (store) template ast000..ast030 by the destination kind, type, cpu / FPU and request +0x2a; a GBR-addressable EAABS destination (attr & 3) with r0 involved is rewritten like in 0042ee70; 0042f500 kind 2 (0042a180)
0042ee70	select_load_template	tmpl_header *select_load_template(ea *src, ea *dst, ea *temp, unsigned char type)	returns an ald (load) template ald000..ald046 by the source kind, type, cpu / FPU and request +0x2a; for an EAABS symbol with attr & 3 loaded into r0 (dst or temp r0) it rewrites src into @(disp,GBR) (base 0x62, type EADSPGBR, labels via 00419910 / 004182c0); 0042f500 kind 1 (0042a180 and the 0042f690 path)
0042f500	select_transfer_template	tmpl_header *select_transfer_template(int forced, unsigned int kind, ea *src, ea *dst, ea *extra, char type, char reg, gen_node *node)	picks the code template that moves src to dst; returns the tmpl_header (the DAT_ addresses are templates named in g_template_names). kind 1 ald (0042ee70), 2 ast (0042e930), 3 alda (0042e820), 4 apusha (0042e760), 5 amv (0042ddd0), 6 apush (0042d6a0); kind 0 = choose from the operands (jump table 0042f808, case 0 written out in the rebuild source): dst @-R15 -> apush / apusha, dst a register -> ald / alda, src a register -> ast, else amv; src type bit 0x40 (address of) turns ald into alda and apush into apusha. forced == 0: returns 0 when src and dst are the same operand (00420ca0) and maps kind 1 -> 3 / 6 -> 4 for address operands; forced != 0 calls the kind's selector directly (error 0x122e / 0x122f on a bad kind). Callers 004053a0, 00406340, emit_template_record_sequence_for_node 00412390, 00413bf0, 00413d00, 00413d80, 004147f0, 0042a180. type / reg: the code pushes both with MOVSX byte (signed char)
0042f830	record_variable_in_register	void record_variable_in_register(gen_node *node, short reg)	after an IL_ID value is loaded into r0..r3 (or fr0..fr3 for a float when the FPU keeps floats: cpu 2 with request +0x37 == 3, or cpu 4), stores {symx, abs(lreg), type, g_stmt_serial} in g_gpr_contents[reg] / g_fpr_contents[reg - 0x10] (struct reg_content), first invalidating that register (0042fcb0) and evicting the oldest content when two are held (0042fa50); sets flags 0x20 when r0 holds g_r0_variable; ORs the register into desc +1a / +28 (cached_regs / fcached_regs) of the node and its parent. Skips non-IL_ID nodes, volatile nodes (type & 2), register variables (g_lreg_table entry with a register), values already in a register (desc value type 1, unless r0 = g_r0_variable) and everything while g_content_hit is set
0042fa50	evict_oldest_register_content	void evict_oldest_register_content(reg_content *contents)	counts the occupied entries of the 4-entry bank (value != 0 or flags 0x40); when exactly two are held, invalidates the one with the oldest stamp (+0c) through 0042fcb0 (register + 0x10 for g_fpr_contents); more than two: internal error 0x123b. Called by 0042f830 / 0042faf0 before recording, so at most two contents stay cached per bank
0042faf0	record_constant_in_register	void record_constant_in_register(ea *value, short reg, gen_node *node)	counterpart of 0042f830 for an EAIMM operand: records the constant / address (value->disp, a copy of value->labels via 0042b770) in g_gpr_contents[reg] / g_fpr_contents with flags 0x40 and the current stamp, unless the register already holds the same constant from this statement; ORs the register into the node's (and parent's) desc cached_regs / fcached_regs. Callers pass (ea, register byte sign-extended, node)
0042fcb0	invalidate_register_contents	void invalidate_register_contents(unsigned int mask)	clears the content records of the registers in mask: bits 0..3 r0..r3 (g_gpr_contents), bits 16..19 fr0..fr3 (g_fpr_contents); frees a constant's label list (004182c0). Callers 0042f830, 0042faf0, 0042fa50, 0041abe0 (g_stmt_invalidate_mask) and others
0042fdb0	invalidate_variable_register_contents	void invalidate_variable_register_contents(unsigned int mask)	like 0042fcb0 but only for variable contents: skips constants (flags 0x40) and array-kind types ((type & 0xe0) == 0x80); same mask layout (types.h: a child with flags2 0x02 and usage 3 calls it with 0xf000f)
0042fe80	forget_register_copies_of_variable	void forget_register_copies_of_variable(gen_node *node)	clears (value = 0) every r0..r3 (or fr0..fr3 for an FPU float) content record holding the IL_ID's variable (same symx and abs(lreg), not a constant, same type when lreg != 0): the variable was assigned
0042ff60	find_register_holding_constant	short find_register_holding_constant(ea *value, unsigned char type)	for an EAIMM operand (else -1) searches r0..r3 (fr0..fr3 when type is float and the FPU holds floats) for a content with flags 0x40, the same disp and the same label list (00420c50); on a hit extends its validity range (0041bda0), sets g_content_hit and returns the register (+0x10 for a floating one), else -1. Callers take the short result
004300d0	find_register_holding_variable	short find_register_holding_variable(gen_node *node)	the IL_ID counterpart of 0042ff60: finds a content record with the node's symx, abs(lreg) and type; extends its range (0041bda0) unless it is r0 holding g_r0_variable (flags 0x20); sets g_content_hit; returns the register (+0x10 floating) or -1
00430220	save_register_contents	void save_register_contents(void)	pushes a struct reg_contents_save (FUN_00406830(0x44)) holding the first 0x10 bytes of each of g_gpr_contents[0..3] (0042b220(dst, src, 4)) onto g_gpr_contents_stack, copying constants' label lists (0042b770); same for g_fpr_contents onto g_fpr_contents_stack. Callers 00406ed0, 0040e050, 00420220, 0042a790
00430320	restore_register_contents	void restore_register_contents(void)	copies the top record of g_gpr_contents_stack / g_fpr_contents_stack back into g_gpr_contents / g_fpr_contents (the stack keeps it), copying constants' label lists again
004303e0	drop_saved_register_contents	void drop_saved_register_contents(void)	pops the top reg_contents_save of both stacks, freeing the saved label lists (004182c0) and the 0x44-byte records (00406a70)
00430490	select_bit_field_load_template	tmpl_header *select_bit_field_load_template(gen_node *node)	template for reading an IL_B_QUALIFY bit field: abqual001..abqual008 (004559a8, 00455a30, 00455ab8, 00455b58, 00455bd0, 00455c58, 00455ce0, 00455d70), chosen by width and offset (desc +04 / +05 within a byte, word or long; byte offset 00431f90), signedness, and whether the container address is in a scratch register; 1-bit fields of GBR symbols (sym attr & 3) take abqual008; abqual004 with usage 1 sets desc flags2 0x20. Caller 004034e0
00430890	select_bit_field_assign_template	tmpl_header *select_bit_field_assign_template(gen_node *node, char before_operands)	template for an assignment to an IL_B_QUALIFY field (0040d9e0 when the left operand is op 0x35): aassgn016..018, 023..028, 039..046 by field width and offset (desc +04 / +05), a constant right operand (IL_CONST or opnd_class 2: its value picks set or clear of a 1-bit field), GBR symbols, displacement range (00431f90); default aassgn019 (00456738). before_operands: 0040d9e0 passes 1 before generating the right operand and 0 after (a 1-bit field takes aassgn044 only on the first call)
00430d80	count_constant_shift_steps	short count_constant_shift_steps(int amount)	number of SH shift instructions for a constant shift count: amount / 16 (SHLL16) + rest / 8 (SHLL8) + rest / 2 (SHLL2) + rest (SHLL). Callers 00430e00 and the multiply expansion 00411d00 take (short); the code builds the result in the low half only
00430e00	is_short_constant_shift	char is_short_constant_shift(int amount)	count_constant_shift_steps(amount) < 4 (Ghidra bool, 1 byte). Caller 00423800 (template matrix, shift counts 0..0x1d)
00430e20	ea_register_mask	unsigned int ea_register_mask(ea *op)	registers an operand uses: for Rn, @Rn, @-Rn, @Rn+, @(disp,Rn), @(R0,Rn), @(R0,GBR) the base register as a bit (general 0..0x1f in the low half; floating 0x1f..0x2e as a pair and 0x2f..0x3c as four bits in the high half), plus bit 0 (r0) for the index kinds 9 and 12; 0 for other kinds. 34 callers test the halves
00430f00	mask_to_register	short mask_to_register(unsigned int mask)	number of the lowest set bit (the register a one-register mask names), -1 for 0. Callers pass desc target_regs (+14) and similar masks
00430f30	float_mask_to_register	short float_mask_to_register(unsigned short mask)	floating counterpart of 00430f00 for desc ftarget_regs (+22): 0x10 + lowest bit; two adjacent bits starting at an even one give the pair register (another +0x10, 0x20..); error 0x123c for an odd pair or a bit above 15
00430ff0	select_aggregate_assign_template	tmpl_header *select_aggregate_assign_template(gen_node *node, int after_operands)	template for a struct / array assignment (0040d9e0 passes 0 before the operands and 1 after; 004111e0 passes 1): aassgn038 (00457088) when the size is one char / short / long; with the short at request +0x20 set: pass 0 -> aassgn032 / aassgn037 by element size, pass 1 -> unrolled copies from g_long_copy_templates / g_short_copy_templates (indexed by displacement range) or aassgn033 for co-aligned frame / symbol operands; fallback aassgn020 / 021 / 022 by the operands' registers (00430e20)
00431950	apply_template_operand_constraints	void apply_template_operand_constraints(gen_node *node)	from the node's chosen template (desc +80): push_mode (+30) sets the operands' desc flags2 0x08 (pushed) / 0x04 (8-byte push) (1 both, 2 left 8-byte + right, 3 left, 4 left 8-byte, 5 right); copies pref_left / pref_right (+2c / +2e) and fpref_left / fpref_right (+3c / +3e) into the first and second operands' desc +12 / +20. Callers 00401f30, 004034e0, 0040d9e0, finalize_x_node_from_child_chain, 00422180
00431a30	set_assignment_result_value	void set_assignment_result_value(gen_node *node)	after an assignment (caller 0040d9e0): gives the node's desc the value operand (+68, copied with 0042b7e0), busy_regs, fbusy_regs, frame_top and opnd_class of the right operand when its value is in a register, else of the left (destination) operand (flags3 0x08, plus 0x80 when no template); for struct / array assignments it decides by the amv template the copy uses (0042ddd0: amv008 / 012 / 014 -> @(0,r2), amv016 / 018 / 019 / 021 / 023 -> through the register at desc +41, amv024 -> the destination), building an EADISP operand with 0042b180 and opnd_class 3
00431e40	map_code_node_opcode_to_late_handler_index	int map_code_node_opcode_to_late_handler_index(short op)	existing name kept: -1 for IL_NULL (0x6f); g_late_handler_index_by_op[op] (0..0x2f) for op >= 0x20, else error 0x1222 (op is the gen_node's il_op). Callers dispatch_and_finalize_code_node, 004111e0
00431ed0	reuse_operand_value_for_cast	int reuse_operand_value_for_cast(gen_node *node)	for an IL_CAST (caller 00422180: op 0x20, not pointer kind) whose operand's desc has flags2 0x20: the cast takes the operand's busy_regs, fbusy_regs, frame_top, value operand and opnd_class (flags3 0x80 and 0x08) and generates no code; returns 1, else 0
00431f90	bit_field_byte_offset	int bit_field_byte_offset(gen_node *node)	byte offset of a bit field inside its unit: bit_offset / 8 (desc +04), or with request +0x2a (bit-field order) set (unit bytes 0042b820 * 8 - offset - width) / 8. Callers materialize_operand_record_from_descriptor, 00430490, 00430890
00431fe0	bit_field_word_offset	int bit_field_word_offset(gen_node *node)	the same bit position as 00431f90 rounded down to its 16-bit word: (bits / 16) * 2. Callers materialize_operand_record_from_descriptor, 00430890
00432030	make_template_labels	void make_template_labels(gen_node *node, tmpl_header *tmpl)	walks tmpl->entries (+38, 12-byte entries up to op 0xff00) and makes a new label (0042b1e0) for each LABEL (0x18) entry, two per 8-byte label_ref cell (FUN_00406830(8)), the list in desc +50 (template_labels). Caller 00424c80 for templates with flags 0x02
004320a0	find_template_label	short find_template_label(gen_node *node, short number)	label number of the template's n-th LABEL entry (1-based) from desc +50: odd n -> labno1, even n -> labno2 of cell (n - 1) / 2; 0 if missing. Caller emit_template_record_sequence_for_node takes (short) | callers use the low half
00432110	result_reg_exclusion_mask	unsigned int result_reg_exclusion_mask(gen_node *node)	excluded-register mask for choosing the node's result register: desc busy_regs (+16) | fbusy_regs (+24) << 16, minus the temp_regs / ftemp_regs (+18 / +26) of its first two operands (their registers may be reused) and minus r0 when an operand is an absolute or labelled symbol with GBR attr (sym attr & 3), plus g_var_gpr_mask | g_var_fpr_mask << 16. Callers pass the low half to the chooser 0041fa30 and the high half to 0041fc40 / 0041fde0 (25 callers)
00432290	compute_record_code_size	int compute_record_code_size(psd *rec)	SH code bytes of a psd record: g_op_code_size_table[op]; CTBL count * 4; OP_NON_10 even length + 2; ENTER 0x36 / 0x5a and EXIT 0x30 / 0x54 (FPU mode: cpu 2 or 4 with request +0x37 == 3); RETURN 0x10; MOV_LOC 6; MOVA_LC 4; MOVI -2 without misc 0x40; 0x2c 4 or 6; MOV +2 for MOV Rn,R0 with request +0x13d bit 4; flg 0x40 -2. Same job as shcpep compute_record_code_size 0041ac60 but simpler (no aux-record terms). Callers: the write_ofa_* writers, 0042ab90, 0042baa0
00432430	write_sua_record	void write_sua_record(FILE *out, psd *rec)	= shcpep write_sub_record 0041b250 (same code; the stream is .sua here): sets g_sua_filno 1, g_sua_linno 0, g_sua_report_extra_arg 0, writes the op byte and dispatches on g_sua_record_format_table[op][0] to the writers below; op > 0xf1 or format 0: 0x1318; bad format 0x1319. Caller 0042ab90
00432590	write_sua_casejmp_record	void write_sua_casejmp_record(FILE *out, psd *rec)	= shcpep write_sub_casejmp_record: expno (4), filno (2), linno (2), +0x10 (4), +0x14 (4)
004325f0	write_sua_cent_record	void write_sua_cent_record(FILE *out, psd *rec)	= shcpep write_sub_cent_record: 2 bytes at +0x10
00432610	write_sua_ctbl_record	void write_sua_ctbl_record(FILE *out, psd *rec)	= shcpep write_sub_ctbl_record: the shorts at +0xc and +0xe
00432640	write_sua_label_record	void write_sua_label_record(FILE *out, psd *rec)	= shcpep write_sub_label_record: label number (+0x10, 2) and sptravel (4)
00432670	write_sua_line_record	void write_sua_line_record(FILE *out, psd *rec)	= shcpep write_sub_line_record: sets g_sua_filno / g_sua_linno, writes filno, linno and 1 byte at +0x10
004326c0	write_sua_machine_op_record	void write_sua_machine_op_record(FILE *out, psd *rec)	= shcpep write_sub_machine_op_record: filno, linno, expno, flg, misc, operand count (checked against g_sua_record_format_table[op][1], error 0x1310), then each operand via write_sua_operand(out, ea, flg & 3)
004327d0	write_sua_operand	void write_sua_operand(FILE *out, ea *op, char size)	= shcpep write_sub_operand 0041b5f0 (same size, 699 bytes): type byte, base (control registers - 0x61, system registers - 0x64), displacement / GBR / immediate value sized by size (0..2) with range checks (0x1311, 0xc1c), labels via write_sua_label_list, index nibbles
00432ac0	count_label_ref_markers	short count_label_ref_markers(label_ref *labels)	= shcpep count_label_ref_markers 0041b8e0: counts labno1 / labno2 equal to -0x8000; write_sua_operand requires exactly one on a labelled @(disp,GBR)
00432af0	write_sua_label_list	void write_sua_label_list(FILE *out, label_ref *labels)	= shcpep write_sub_label_list 0041b910: 4-byte count of the nonzero label numbers, then each as 2 bytes
00432b90	write_sua_instruction_record	void write_sua_instruction_record(FILE *out, psd *rec)	= shcpep write_sub_instruction_record 0041b9b0 (same size 1338 bytes, same messages 0x1313 / 0x1314 / 0x1317 / 0x1318): format 8, the pseudo instructions ENTER .. 0x31
00433100	write_sua_op10_record	void write_sua_op10_record(FILE *out, psd *rec)	= shcpep write_sub_op10_record: sets g_sua_filno / g_sua_linno, writes filno, linno, +0x10 (4), +0x14 (4)
00433160	write_sua_section_record	void write_sua_section_record(FILE *out, psd *rec)	= shcpep write_sub_section_record: the 2-byte section number at +0xc
00433180	write_sua_bytes	void write_sua_bytes(FILE *out, char *buf, unsigned int n)	= shcpep write_sub_bytes 0041bfa0: write_file_bytes, error 0xce7 through 00422100(g_sua_filno, g_sua_linno, ...) when it returns -1
004331d0	read_file_bytes	unsigned int read_file_bytes(FILE *in, char *buf, unsigned int n)	= shcpep read_file_bytes 0041bff0 (same code): __fread_lk(buf, 1, n, in); -1 for null arguments, n < 1 or an error, 0 at end of file. 36 callers (.ilb readers, request loader)
00433230	write_file_bytes	unsigned int write_file_bytes(FILE *out, char *buf, unsigned int n)	= shcpep write_file_bytes 0041c050 (same code): fwrite(buf, n, 1, out) (0043ab90); returns n or -1
00433280	init_gen_node_pool	short init_gen_node_pool(short node_size, short count)	pool constructor (types.h): with node_size > 0x27 and count > 0 stores g_gen_node_size, callocs count nodes (0043a6a0(1, size)) chained through +14 (g_gen_node_free_head .. g_gen_node_free_tail) and allocates g_ilb_operand_counts (0x800 x 4); returns 0, or -1 on failure. Caller 00415cd0(0x2c, 0x800) tests the short
00433350	operand_position	int operand_position(gen_node *node)	1-based position of node among its parent's operands (parent->child, ->next ...), -1 without a parent or when not found. 6 callers
00433390	find_previous_operand	gen_node *find_previous_operand(gen_node *node)	the operand before node in its parent's list; 0 when node is the first, has no parent or is not found. Caller 004333d0
004333d0	unlink_and_free_subtree	void unlink_and_free_subtree(gen_node *node)	unlinks node from its parent's operand list (parent->child, or the previous operand's next, = node->next; g_unlink_parent), frees it with its subtree (00433490) and, when g_ilb_cursor was the parent, recomputes g_ilb_depth. 11 callers (00415cd0 after each function, 004349a0 for the old IL_FILE root)
00433490	free_gen_node_subtree	void free_gen_node_subtree(gen_node *node)	frees node (00433500) and, recursively, its operands; moves g_ilb_cursor to g_unlink_parent when it pointed at node and clears it for a parentless IL_FILE
00433500	free_gen_node	void free_gen_node(gen_node *node)	appends node to the free list (g_gen_node_free_tail->next) and clears it: fields +00..+27 one by one, then g_gen_node_size - 0x28 bytes (the desc pointer)
00433580	alloc_gen_node	gen_node *alloc_gen_node(il_op op)	takes g_gen_node_free_head (advancing through +14), clears its next and stores op; when the head has reached the tail calls g_gen_node_exhausted_handler and returns 0. Callers read_ilb_node 00433720, 0040fca0 (IL_CONST 0x71)
004335c0	prepend_operand	int prepend_operand(gen_node *parent, gen_node *operand)	makes operand the first operand of parent (operand->next = parent->child, parent->child = operand, operand->parent = parent); low half 0, or 0xffff when operand->next is already set. Caller 0040fca0 ignores the result
004335f0	nth_operand	gen_node *nth_operand(gen_node *node, int n)	n-th operand (1-based) of node; 0 when n < 1 or there are fewer. 20 callers
00433640	count_operands	int count_operands(gen_node *node)	number of operands (child, next ...). 13 callers
00433660	last_operand	gen_node *last_operand(gen_node *node)	last operand of node, 0 if none (the attach helpers append after it)
00433680	set_gen_node_exhausted_handler	int set_gen_node_exhausted_handler(void *handler)	stores handler in g_gen_node_exhausted_handler (shcgen_main passes 0041a8c0); low half 0, or 0xffff for a null handler
004336a0	find_symbol_request_entry_a	int find_symbol_request_entry_a(request *req, short symx, int *out)	searches req->entry11_list_0bc (request_entry; the symbol number is the short at +0e = c[2..3]) for symx and stores the entry's a word (+04) in *out; returns 1 found, 0 not. Caller 004053a0 for an IL_ID call target whose sym_flags has 0x40: with 004336e0 it supplies the two words of an OP_NON_10 record (0042b110, op 0x10, whose +0x14 is a length), else error 0x1248. What the entries are (a pragma?) is not established
004336e0	find_symbol_request_entry_b	int find_symbol_request_entry_b(request *req, short symx, int *out)	as 004336a0, returning the entry's b word (+08)
00433720	read_ilb_node	gen_node *read_ilb_node(FILE *in)	reads one .ilb record: the op byte, alloc_gen_node(op), clears g_ilb_record_buffer, reads the type byte where the op has one and calls the per-shape reader (00433b20 .. 004346e0; unknown op: 0x12d4, exit 0xb; read error 0xce6, exit 9), then attaches the node (004347a0). Returns the node, -1 at end of file, 0 when the pool is empty (Ghidra: uint). Callers 00415cd0, read_ilb_tree 00435480 and others
00433b20	read_ilb_untyped_node	void read_ilb_untyped_node(gen_node *node, FILE *in)	shape without a type byte (IL_FILE, E_FILE, E_BLOCK, EMPTY, IF, FOR, WHILE, DO, BREAK, CONTINUE, NULL, ARG, E_ARG): 6 bytes filn, line, listno; IL_E_BLOCK when stage != 1 reads 7, the 7th the blkflg byte at +18
00433c20	read_ilb_typed_node	void read_ilb_typed_node(gen_node *node, FILE *in)	operators of a scalar type (00433720 read the type byte): filn, line, listno (6 bytes); for stage 2 and IL_COMMA / IL_ASSIGN / IL_A_ADD / A_SUB / A_MUL / A_DIV one more byte into +20 (FR0set)
00433d00	read_ilb_aggregate_node	void read_ilb_aggregate_node(gen_node *node, FILE *in)	as 00433c20 for struct / array types ((type & 0xe0) == 0x60 / 0x80): 10 bytes, the aggregate size (+18) first
00433e00	read_ilb_call_node	void read_ilb_call_node(gen_node *node, FILE *in)	IL_CALL: 8 bytes: call_06 (+06, one byte widened), call flags (+20), filn, line, listno
00433e90	read_ilb_aggregate_call_node	void read_ilb_aggregate_call_node(gen_node *node, FILE *in)	IL_CALL returning a struct: 12 bytes, the size (+18) then as 00433e00
00433f40	read_ilb_symbol_node	void read_ilb_symbol_node(gen_node *node, FILE *in)	nodes with a symbol number (IL_FUNC, BLOCK, SWITCH, GOTO, GLABEL, CLABEL, DLABEL, IL_ID): symx (+02), filn, line, listno; with stage != 1 IL_BLOCK adds blkflg (+18) and IL_ID adds lreg (+24) and, for stage 2, FR0set (+20)
00434160	read_ilb_qualify_node	void read_ilb_qualify_node(gen_node *node, FILE *in)	IL_QUALIFY: member offset (+1c), filn, line, listno (10 bytes)
004341f0	read_ilb_aggregate_qualify_node	void read_ilb_aggregate_qualify_node(gen_node *node, FILE *in)	IL_QUALIFY of a struct / array member: size (+18), offset (+1c), filn, line, listno (14 bytes)
004342b0	read_ilb_bit_qualify_node	void read_ilb_bit_qualify_node(gen_node *node, FILE *in)	IL_B_QUALIFY: type (+05), unit offset (+1c), bit_offset (+01), bit_width (+04), filn, line, listno (13 bytes)
00434360	read_ilb_word_const_node	void read_ilb_word_const_node(gen_node *node, FILE *in)	IL_CONST of an integer or float type: the 4-byte value (+18), filn, line, listno (10 bytes)
004343f0	read_ilb_double_const_node	void read_ilb_double_const_node(gen_node *node, FILE *in)	IL_CONST of type 0x30 (double): the 8-byte value (+18, +1c), filn, line, listno
004344b0	read_ilb_long_double_const_node	void read_ilb_long_double_const_node(gen_node *node, FILE *in)	IL_CONST of type 0x38: the 12-byte value (+18 .. +23), filn, line, listno
00434590	read_ilb_pointer_const_node	void read_ilb_pointer_const_node(gen_node *node, FILE *in)	IL_CONST of pointer kind (0x40): the 2-byte word (+24), the value (+18), filn, line, listno (12 bytes)
00434640	read_ilb_incdec_node	void read_ilb_incdec_node(gen_node *node, FILE *in)	IL_PRI / PRD / POI / POD: type (+05), step (+18), filn, line, listno (11 bytes)
004346e0	read_ilb_asm_node	void read_ilb_asm_node(gen_node *node, FILE *in)	IL_ASM: asmno (+18), asmsize (+1c), filn, line, listno (14 bytes)
004347a0	attach_ilb_node	gen_node *attach_ilb_node(gen_node *node)	links a node just read into the tree at g_ilb_cursor: the first node becomes the root (operand counts cleared); otherwise recomputes g_ilb_depth from the cursor and dispatches on op: IL_FILE 004349a0, E_FILE 004350f0, FUNC / ASM 00434a20, BLOCK 00434b30, E_BLOCK 004351a0, EMPTY / BREAK / CONTINUE / GOTO 00434e10, other statements 00434ce0, ID / CONST 00434f30, ARG 00434ff0, E_ARG 004352c0, operators 004353c0. Returns the node, or -1 when the helper returned 0. Caller read_ilb_node
004349a0	begin_ilb_file	gen_node *begin_ilb_file(gen_node *node)	IL_FILE: pops to the old IL_FILE root and frees that tree (004333d0), clears g_ilb_operand_counts and g_ilb_depth and makes node the cursor. RETURN: Ghidra says undefined, but the code returns node (MOV EAX,[ESP+4] at 00434a10) and attach_ilb_node uses it (the rebuild already declares gen_node *)
00434a20	attach_ilb_function	gen_node *attach_ilb_function(gen_node *node)	IL_FUNC / IL_ASM: pops to the previous FUNC / ASM and chains node after it (next, same parent), or appends it to the IL_FILE root; counts the operand and descends. Returns node
00434b30	attach_ilb_block	gen_node *attach_ilb_block(gen_node *node)	IL_BLOCK: pops to the nearest statement container (FUNC, BLOCK, IF, SWITCH, FOR, WHILE, DO, CLABEL, DLABEL, GLABEL; none: 0x12d7, exit 0xb), climbs further while that one is complete (00434c70), appends node as its last operand and descends. RETURN: Ghidra says undefined, but both paths end with EAX = node (00434c17 / 00434c26; the recursive path returns its result) and attach_ilb_node uses it (the rebuild declares undefined4)
00434c70	ilb_node_operands_full	short ilb_node_operands_full(gen_node *node, int depth)	1 when the node at depth has all its operands (g_ilb_operand_counts[depth] == -1 = closed, or count >= g_il_op_arity[op]), 0 when it takes more (arity -1 = any number); arity -2: error 0x12d5, exit 0xb. The code sets only AX (MOV AX,1 / XOR AX,AX); all 9 callers test (short) | callers use the low half
00434ce0	attach_ilb_statement	gen_node *attach_ilb_statement(gen_node *node)	statements with operands (SWITCH, IF, FOR, WHILE, DO, RETURN, GLABEL, CLABEL, DLABEL): pops to the nearest statement container (as 00434b30), climbs past complete ones, appends node and descends; returns node, 0 without a container
00434e10	attach_ilb_jump_statement	gen_node *attach_ilb_jump_statement(gen_node *node)	EMPTY, BREAK, CONTINUE, GOTO: as 00434ce0 but IL_FUNC is not a container; returns node or 0
00434f30	attach_ilb_leaf_operand	gen_node *attach_ilb_leaf_operand(gen_node *node)	IL_ID / IL_CONST: climbs from the cursor past complete nodes and appends node as the next operand of the first open one (the cursor moves to it); returns node, 0 at depth 0
00434ff0	attach_ilb_argument	gen_node *attach_ilb_argument(gen_node *node)	IL_ARG: pops to the enclosing IL_CALL (climbing past a complete one), appends node, counts it (no 0x7f cap) and descends; returns node or 0
004350f0	attach_ilb_file_end	gen_node *attach_ilb_file_end(gen_node *node)	IL_E_FILE: pops to the IL_FILE root, appends node and marks the root closed (count -1); returns node or 0
004351a0	attach_ilb_block_end	gen_node *attach_ilb_block_end(gen_node *node)	IL_E_BLOCK: pops to the enclosing IL_BLOCK, appends node and marks the block closed (count -1), and the function too when the block's parent is the IL_FUNC; returns node or 0
004352c0	attach_ilb_argument_end	gen_node *attach_ilb_argument_end(gen_node *node)	IL_E_ARG: pops to the enclosing IL_ARG, appends node and marks the argument closed; returns node or 0
004353c0	attach_ilb_operator	gen_node *attach_ilb_operator(gen_node *node)	every other op (expression operators, casts, RETURN value ...): as 00434f30 (climb past complete nodes, append to the first open one) and descends into node; returns node, 0 at depth 0
00435480	read_ilb_tree	gen_node *read_ilb_tree(gen_node *node, FILE *in)	reads .ilb records (read_ilb_node) until node (read first when 0) and every open node below it are complete (00434c70 per level, 00433660 to step down); returns node, 0 when the pool ran out, -1 at end of file. Callers 00406bc0, 00406ed0, 004071c0, 00407640, 00407860, 00420220, 0042a5b0 pass g_ilb_input
00435520	skip_ilb_function	FILE *skip_ilb_function(FILE *in)	reads and discards .ilb records (the readers' per-op sizes, no nodes) up to the next IL_E_FILE / IL_FUNC / IL_ASM, then steps back one byte (0043a860(in, -1, 1), an fseek; error 0x12d8) and returns in; end of file: 0x12d9. Caller 00415cd0 for a function whose symbol has attr 0x80
00435bb0	int_to_float_bits	int int_to_float_bits(unsigned int *src, unsigned int *dst)	constant folding of casts (caller 0040bec0): signed int *src to IEEE single bits in *dst (magnitude via 00435c30, then the sign bit). RETURN: Ghidra says undefined, but EAX is 00435c30's status unchanged (only OR [ESI],EDI follows) and 0040bec0 keeps its low half (the rebuild declares undefined4)
00435bf0	int_to_double_bits	int int_to_double_bits(unsigned int *src, unsigned int *dst)	signed int to IEEE double bits (dst[0] the high word with the sign; via 00435cd0). RETURN: as 00435bb0, EAX is 00435cd0's result (rebuild: undefined4)
00435c30	uint_to_float_bits	short uint_to_float_bits(int *src, unsigned int *dst)	unsigned int to IEEE single: normalises the value into a 24-bit mantissa (exponent from 0x9e down) and packs it with 00439e70; returns 5 when bits were lost (inexact), else 0. Caller 0040bec0 takes the short
00435cd0	uint_to_double_bits	int uint_to_double_bits(int *src, unsigned int *dst)	unsigned int to IEEE double: mantissa words with exponent 0x41e packed by 00439fd0, whose result it returns (CALL 00439fd0; ADD ESP; RET); 0 gives both words 0. RETURN: Ghidra says undefined (rebuild: undefined4)
00435d30	float_bits_to_int	int float_bits_to_int(unsigned int *src, unsigned int *dst)	IEEE single bits to a signed int (unpack 00439c60, shift the mantissa by exponent - 0x96, negate for the sign); out of range -> 0; returns 1 (low half) for NaN / infinity (classes 2 / 3), else 0. Caller 0040bec0 takes the low half
00435e00	float_bits_to_uint	int float_bits_to_uint(unsigned int *src, unsigned int *dst)	float to unsigned: only calls float_bits_to_int and returns its EAX. RETURN: Ghidra says undefined (rebuild: undefined4)
00435e20	double_bits_to_int	int double_bits_to_int(unsigned int *src, unsigned int *dst)	IEEE double bits to a signed int (unpack 00439d50, exponent 0x3ff..0x452, shift by exponent - 0x433, negate for the sign); returns 1 (low half) for NaN / infinity
00435f60	double_bits_to_uint	int double_bits_to_uint(unsigned int *src, unsigned int *dst)	double to unsigned: only calls double_bits_to_int and returns its EAX. RETURN: Ghidra says undefined (rebuild: undefined4)
00435f80	float_bits_to_double	unsigned int float_bits_to_double(unsigned int *src, unsigned int *dst)	IEEE single to double bits (exponent + 0x380, mantissa shifted by 3, packed by 00439fd0); zero, infinity and NaN classes handled directly; returns 1 for NaN. Caller 0040bec0 keeps the low half
00436080	convert_double_to_float	unsigned int convert_double_to_float(unsigned int *src, unsigned int *dst)	= shcmdl convert_double_to_float (00428120): unpack_double (00439d50); class 0 rebiases the exponent by -0x380 and shifts the mantissa left 3, then pack_round_float (00439e70); class 1 zero keeps the sign, 2 infinity 0x7f800000|sign, 3 NaN 0x7f800001 and returns 1. Caller 0040bec0 (operands are node desc +0x6c constants). The only conversion routine of the shcmdl set present in shcgen.
00436160	fold_neg_float	unsigned int fold_neg_float(unsigned int *operand, unsigned int *result)	= shcmdl fold_neg_float (00428540): NaN (exp 0xff, mantissa != 0) -> 0x7f800001 and low half 1, else flips the sign bit. Caller 0040bdb0.
004361a0	fold_lnot_float	int fold_lnot_float(unsigned int *operand, int *result)	= shcmdl fold_lnot_float (00428580): *result = 1 when the float is +-0 (value & 0x7fffffff == 0), else 0; low half of the return is 0.
004361d0	fold_neg_double	unsigned int fold_neg_double(unsigned int *operand, unsigned int *result)	= shcmdl fold_neg_double (004285b0): two words, high word first; NaN (exp 0x7ff, mantissa != 0) -> {0x7ff00000, 1} and returns 1, else flips the sign of word 0 and copies word 1.
00436220	fold_lnot_double	unsigned int fold_lnot_double(unsigned int *operand, int *result)	= shcmdl fold_lnot_double (00428600): *result = 1 when both words are zero apart from the sign, else 0.
00436250	fold_int_add	unsigned int fold_int_add(int *a, int *b, int *result)	= shcmdl fold_int_add (00425c30): *result = *a + *b; low half of the return 0. Caller 0040c1b0 (the constant-folding dispatcher on node desc +0x6c values).
00436270	fold_int_sub	unsigned int fold_int_sub(int *a, int *b, int *result)	= shcmdl fold_int_sub (00425c50): *a - *b.
00436290	fold_int_mul	unsigned int fold_int_mul(int *a, int *b, int *result)	= shcmdl fold_int_mul (00425c70): *a * *b.
004362b0	fold_int_div	int fold_int_div(int *a, int *b, int *result)	= shcmdl fold_int_div (00425c90): divisor 0 -> *result = 0 and low half 6 (division by zero status), else signed *a / *b.
004362e0	fold_int_mod	int fold_int_mod(int *a, int *b, int *result)	= shcmdl fold_int_mod (00425cc0): divisor 0 -> low half 6 (result untouched), else *a - (*a / *b) * *b.
00436310	fold_int_neg	unsigned int fold_int_neg(int *a, int *result)	= shcmdl fold_int_neg (00425cf0): -*a.
00436330	fold_int_not	int fold_int_not(int *a, int *result)	= shcmdl fold_int_not (00425d10): logical not, *result = (*a == 0).
00436360	fold_int_cmpl	unsigned int fold_int_cmpl(unsigned int *a, unsigned int *result)	= shcmdl fold_int_cmpl (00425d40): ~*a.
00436380	fold_int_eq	int fold_int_eq(int *a, int *b, int *result)	= shcmdl fold_int_eq (00425d60): *result = (*a == *b).
004363b0	fold_int_ne	int fold_int_ne(int *a, int *b, int *result)	= shcmdl fold_int_ne (00425d90): *result = (*a != *b).
004363e0	fold_int_lt	int fold_int_lt(int *a, int *b, int *result)	= shcmdl fold_int_lt (00425dc0): signed *a < *b.
00436410	fold_int_le	int fold_int_le(int *a, int *b, int *result)	= shcmdl fold_int_le (00425df0): signed *a <= *b.
00436440	fold_int_gt	int fold_int_gt(int *a, int *b, int *result)	= shcmdl fold_int_gt (00425e20): signed *a > *b.
00436470	fold_ge_signed	int fold_ge_signed(int *lhs, int *rhs, int *result)	= shcmdl fold_ge_signed (00425e50): signed *lhs >= *rhs. (shcmdl's naming switches from fold_int_* to fold_*_signed here; kept as is.)
004364a0	fold_or_signed	unsigned int fold_or_signed(unsigned int *lhs, unsigned int *rhs, unsigned int *result)	= shcmdl fold_or_signed (00425e80): *lhs | *rhs.
004364c0	fold_xor_signed	unsigned int fold_xor_signed(unsigned int *lhs, unsigned int *rhs, unsigned int *result)	= shcmdl fold_xor_signed (00425ea0): *lhs ^ *rhs.
004364e0	fold_and_signed	unsigned int fold_and_signed(unsigned int *lhs, unsigned int *rhs, unsigned int *result)	= shcmdl fold_and_signed (00425ec0): *lhs & *rhs.
00436500	fold_shr_signed	unsigned int fold_shr_signed(int *lhs, unsigned int *count, int *result)	= shcmdl fold_shr_signed (00425ee0): arithmetic shift right; count >= 32 gives -1 or 0 by the sign; a negative count shifts left.
00436560	fold_shl_signed	unsigned int fold_shl_signed(int *lhs, unsigned int *count, int *result)	= shcmdl fold_shl_signed (00425f40): shift left; count > 31 gives 0; a negative count shifts right.
004365a0	fold_add_unsigned	unsigned int fold_add_unsigned(int *lhs, int *rhs, int *result)	= shcmdl fold_add_unsigned (00425f80): *lhs + *rhs.
004365c0	fold_sub_unsigned	unsigned int fold_sub_unsigned(int *lhs, int *rhs, int *result)	= shcmdl fold_sub_unsigned (00425fa0): *lhs - *rhs.
004365e0	fold_mul_unsigned	unsigned int fold_mul_unsigned(int *lhs, int *rhs, int *result)	= shcmdl fold_mul_unsigned (00425fc0): *lhs * *rhs.
00436600	fold_div_unsigned	int fold_div_unsigned(unsigned int *lhs, unsigned int *rhs, unsigned int *result)	= shcmdl fold_div_unsigned (00425fe0): divisor 0 -> *result = 0, low half 6; else unsigned division.
00436630	fold_mod_unsigned	int fold_mod_unsigned(unsigned int *lhs, unsigned int *rhs, int *result)	= shcmdl fold_mod_unsigned (00426010): divisor 0 -> low half 6; else unsigned remainder.
00436660	fold_neg_unsigned	unsigned int fold_neg_unsigned(int *operand, int *result)	= shcmdl fold_neg_unsigned (00426040): -*operand.
00436680	fold_lnot_unsigned	int fold_lnot_unsigned(int *operand, int *result)	= shcmdl fold_lnot_unsigned (00426060): *result = (*operand == 0).
004366b0	fold_bnot_unsigned	unsigned int fold_bnot_unsigned(unsigned int *operand, unsigned int *result)	= shcmdl fold_bnot_unsigned (00426090): ~*operand.
004366d0	fold_eq_unsigned	int fold_eq_unsigned(int *lhs, int *rhs, int *result)	= shcmdl fold_eq_unsigned (004260b0).
00436700	fold_ne_unsigned	int fold_ne_unsigned(int *lhs, int *rhs, int *result)	= shcmdl fold_ne_unsigned (004260e0).
00436730	fold_lt_unsigned	int fold_lt_unsigned(unsigned int *lhs, unsigned int *rhs, int *result)	= shcmdl fold_lt_unsigned (00426110): unsigned *lhs < *rhs.
00436760	fold_le_unsigned	int fold_le_unsigned(unsigned int *lhs, unsigned int *rhs, int *result)	= shcmdl fold_le_unsigned (00426140).
00436790	fold_gt_unsigned	int fold_gt_unsigned(unsigned int *lhs, unsigned int *rhs, int *result)	= shcmdl fold_gt_unsigned (00426170).
004367c0	fold_ge_unsigned	int fold_ge_unsigned(unsigned int *lhs, unsigned int *rhs, int *result)	= shcmdl fold_ge_unsigned (004261a0).
004367f0	fold_or_unsigned	unsigned int fold_or_unsigned(unsigned int *lhs, unsigned int *rhs, unsigned int *result)	= shcmdl fold_or_unsigned (004261d0).
00436810	fold_xor_unsigned	unsigned int fold_xor_unsigned(unsigned int *lhs, unsigned int *rhs, unsigned int *result)	= shcmdl fold_xor_unsigned (004261f0).
00436830	fold_and_unsigned	unsigned int fold_and_unsigned(unsigned int *lhs, unsigned int *rhs, unsigned int *result)	= shcmdl fold_and_unsigned (00426210).
00436850	fold_shr_unsigned	unsigned int fold_shr_unsigned(unsigned int *lhs, unsigned int *count, unsigned int *result)	= shcmdl fold_shr_unsigned (00426230): logical shift right, count > 31 gives 0.
00436880	fold_shl_unsigned	unsigned int fold_shl_unsigned(int *lhs, unsigned int *count, int *result)	= shcmdl fold_shl_unsigned (00426260): shift left, count > 31 gives 0.
004368b0	fold_add_float	unsigned int fold_add_float(unsigned int *lhs, unsigned int *rhs, unsigned int *result)	= shcmdl fold_add_float (00426290): same callees (unpack_float x2, classify_add_operands, add/sub/negate_multiword, pack_round_float) and constants.
00436b40	fold_sub_float	unsigned int fold_sub_float(unsigned int *lhs, unsigned int *rhs, unsigned int *result)	= shcmdl fold_sub_float (00426520): flips rhs's sign into a local and calls fold_add_float. LEAD DECIDE: Ghidra's sig says undefined, but the body leaves fold_add_float's EAX (CALL 004368b0; ADD ESP; RET) and the caller 0040c1b0 returns it (uVar2 = FUN_00436b40(...); return uVar2), so unsigned int as in shcmdl.
00436b70	fold_div_float	unsigned int fold_div_float(unsigned int *lhs, unsigned int *rhs, unsigned int *result)	= shcmdl fold_div_float (00426550): unpack_float x2, classify_div_operands, pack_round_float.
00436ce0	fold_mul_float	unsigned int fold_mul_float(unsigned int *lhs, unsigned int *rhs, unsigned int *result)	= shcmdl fold_mul_float (004266c0): unpack_float x2, classify_mul_operands, pack_round_float.
00436e50	fold_add_double	unsigned int fold_add_double(unsigned int *lhs, unsigned int *rhs, unsigned int *result)	= shcmdl fold_add_double (00426830): unpack_double x2, classify_add_operands, add/sub/negate_multiword, pack_round_double.
00437150	fold_sub_double	unsigned int fold_sub_double(unsigned int *lhs, unsigned int *rhs, unsigned int *result)	= shcmdl fold_sub_double (00426b30): flips rhs's sign and calls fold_add_double. LEAD DECIDE: Ghidra's sig says undefined, but EAX is fold_add_double's (CALL 00436e50; ADD ESP; RET) and caller 0040c1b0 returns it.
00437190	fold_mul_double	unsigned int fold_mul_double(unsigned int *lhs, unsigned int *rhs, unsigned int *result)	= shcmdl fold_mul_double (00426b70): unpack_double x2, classify_mul_operands, add_multiword, pack_round_double (bias 0x3fe).
00437370	fold_div_double	unsigned int fold_div_double(unsigned int *lhs, unsigned int *rhs, unsigned int *result)	= shcmdl fold_div_double (00426d50; shcmdl kept void): unpack_double x2, classify_div_operands, compare_multiword/sub_multiword long division, pack_round_double. LEAD DECIDE: Ghidra's sig says undefined, but it ends with CALL 00439fd0 (pack_round_double) and returns its EAX, and caller 0040c1b0 returns it (uVar2 = FUN_00437370(...); return uVar2).
00437560	classify_add_operands	void classify_add_operands(unsigned int sign1, int class1, unsigned int sign2, int class2, int *action, unsigned int *result_sign)	= shcmdl classify_add_operands (004272e0): action and result sign by the two operand classes (normal, zero, infinity, NaN). Callers fold_add_float, fold_add_double.
004375e0	classify_mul_operands	void classify_mul_operands(unsigned int sign1, int class1, unsigned int sign2, int class2, int *action, unsigned int *result_sign)	= shcmdl classify_mul_operands (00427630). Callers fold_mul_float, fold_mul_double.
00437610	classify_div_operands	short classify_div_operands(unsigned int sign1, int class1, unsigned int sign2, int class2, int *action, unsigned int *result_sign)	= shcmdl classify_div_operands (00427920); Ghidra returns undefined2. Callers fold_div_float, fold_div_double.
00437650	fold_float_eq	int fold_float_eq(unsigned int *a, unsigned int *b, int *result)	= shcmdl fold_float_eq (00425540): compare_float_constants == 0. Callers 0040c7c0 and 00428910 (compares a node constant with the float at 00458ac0).
00437680	fold_float_ne	int fold_float_ne(unsigned int *a, unsigned int *b, int *result)	= shcmdl fold_float_ne (00425570).
004376b0	fold_float_lt	char fold_float_lt(unsigned int *a, unsigned int *b, int *result)	= shcmdl fold_float_lt (004255a0). Ghidra returns bool (1 byte); the only caller 0040c7c0 returns CONCAT31(extraout_var, result), i.e. the byte plus whatever EAX held: keep the 1-byte width.
004376f0	fold_float_le	char fold_float_le(unsigned int *a, unsigned int *b, int *result)	= shcmdl fold_float_le (004255e0). 1-byte return as Ghidra has it (caller 0040c7c0, see fold_float_lt).
00437740	fold_float_gt	char fold_float_gt(unsigned int *a, unsigned int *b, int *result)	= shcmdl fold_float_gt (00425630). 1-byte return (caller 0040c7c0).
00437780	fold_float_ge	char fold_float_ge(unsigned int *a, unsigned int *b, int *result)	= shcmdl fold_float_ge (00425670). 1-byte return (caller 0040c7c0).
004377c0	compare_float_constants	short compare_float_constants(unsigned int *a, unsigned int *b)	= shcmdl compare_float_constants (004256b0): NaN checks (0x7f800000/0x7fffff), sign-magnitude compare via compare_multiword; called by the six fold_float_* compares.
00437850	fold_double_eq	int fold_double_eq(unsigned int *a, unsigned int *b, int *result)	= shcmdl fold_double_eq (00425740). Callers 0040c7c0, 00428910.
00437880	fold_double_ne	int fold_double_ne(unsigned int *a, unsigned int *b, int *result)	= shcmdl fold_double_ne (00425770).
004378b0	fold_double_lt	char fold_double_lt(unsigned int *a, unsigned int *b, int *result)	= shcmdl fold_double_lt (004257a0). 1-byte return (caller 0040c7c0).
004378f0	fold_double_le	char fold_double_le(unsigned int *a, unsigned int *b, int *result)	= shcmdl fold_double_le (004257e0). 1-byte return (caller 0040c7c0).
00437940	fold_double_gt	char fold_double_gt(unsigned int *a, unsigned int *b, int *result)	= shcmdl fold_double_gt (00425830). 1-byte return (caller 0040c7c0).
00437980	fold_double_ge	char fold_double_ge(unsigned int *a, unsigned int *b, int *result)	= shcmdl fold_double_ge (00425870). 1-byte return (caller 0040c7c0).
004379c0	compare_double_constants	short compare_double_constants(unsigned int *a, unsigned int *b)	= shcmdl compare_double_constants (004258b0): NaN checks (0x7ff00000/0xfffff), compare_multiword; called by the six fold_double_* compares.
00437a80	configure_signal_handlers	void configure_signal_handlers(int mode)	= shcpep configure_signal_handlers (0041dab0) / shcmdl install_signal_handlers: mode != 1 calls _signal for 2, 0x15, 4, 0x16, 0xb. Caller shcgen_main.
00437b50	emit_progress_banner	void emit_progress_banner(short stage)	= shcpep emit_progress_banner (0041db80): fputs(g_progress_banner_table[stage]) ("Analyzing Source Program ..." table at 0045c818), fputc('\n') and fflush on stderr (0045cad0). Caller shcgen_main.
00437b90	load_request_record_file	request *load_request_record_file(short stage, char *path)	= shcpep load_request_record_file (0041cb10): stock_fopen(path, "rb"), reads the short fixed size into g_request_fixed_size, stock_malloc's g_request_being_loaded, read_request_fixed_part, read_request_variable_part, select_env_variable_names(cpp_block != 0), save_request_trailer_to_temp, fclose (0xce5), sets g_loaded_request and request->stage = stage, 0xceb on g_request_version_mismatch, copies path into g_request_record_path. Ghidra returns char *; it is the request. Caller load_request_and_open_stage_files (stage 2).
00437d30	check_request_read_result	void check_request_read_result(int result)	= shcpep check_request_read_result (0041ccb0): 0 or -1 -> report_message_by_code(NULL, 0, 0xce6) and stock_exit(9).
00437d60	read_request_fixed_part	void read_request_fixed_part(request *req, FILE *in)	= shcpep read_request_fixed_part (0041cce0): read_file_bytes (004331d0) of g_request_fixed_size bytes into the request.
00437d90	read_request_variable_part	void read_request_variable_part(request *req, FILE *in)	= shcpep read_request_variable_part (0041cd10): the string count and counted strings (read_request_string), then the lists (section, 040, 048, sized, source files, 11-byte x2, 12-byte, cpp block); compares the compiler/copyright strings ("SH SERIES C Compiler Ver. 5.0 Re...", "Copyright (c) 1992-1996 Hitachi...") and sets g_request_version_mismatch; 0x12c1 on a bad string count.
004380e0	read_request_string	void read_request_string(char **field, FILE *in)	= shcpep read_request_string (0041d060): short length, stock_malloc(len) + bytes or NULL; 0xbcd on allocation failure.
00438170	read_request_section_list	void read_request_section_list(request_section **list, FILE *in)	= shcpep read_request_section_list (0041d0f0): count of 0x20-byte records (stock_malloc(0x20)) each followed by its name.
00438290	read_request_string_list_040	void read_request_string_list_040(request_string **list, FILE *in)	= shcpep read_request_string_list_040 (0041d210): 8-byte nodes; zero length is error 0x12c2.
004383d0	read_request_string_list_048	void read_request_string_list_048(request_string12 **list, FILE *in)	= shcpep read_request_string_list_048 (0041d350): 12-byte nodes; error 0x12c3.
00438510	read_request_sized_string_list	void read_request_sized_string_list(request_sized_string **list, FILE *in)	= shcpep read_request_sized_string_list (0041d490): {next, str, short len-1}; error 0x12c3.
00438650	read_request_source_file_list	void read_request_source_file_list(request_source_file **list, FILE *in)	= shcpep read_request_source_file_list (0041d5d0): {next, short filno, short len, name}; error 0x12c4.
004387a0	read_request_11byte_entry_list	void read_request_11byte_entry_list(request_entry **list, FILE *in)	= shcpep read_request_11byte_entry_list (0041d720): 11-byte entries into 16-byte nodes; called twice (request +0xb8, +0xbc).
004388a0	read_request_12byte_entry_list	void read_request_12byte_entry_list(request_entry **list, FILE *in)	= shcpep read_request_12byte_entry_list (0041d820): 12-byte entries into 16-byte nodes (request +0xc0).
004389b0	read_request_cpp_block	void read_request_cpp_block(request_cpp_block **block, FILE *in)	= shcpep read_request_cpp_block (0041d930): short size into g_request_cpp_block_size, raw block, 5 counted strings at +4..+0x14.
00438aa0	save_request_trailer_to_temp	void save_request_trailer_to_temp(FILE *in, short stage)	= shcpep save_request_trailer_to_temp (0041da20): if bytes follow and stage != 5, open_temp_file into g_request_trailer_file and copy the rest byte by byte; else g_request_trailer_file = NULL.
00438b30	store_request_record_file	unsigned int store_request_record_file(int stage, char *path)	= shcpep store_request_record_file (0041c0a0): stock_fopen(path, "wb") (0xce4), writes g_request_fixed_size, the fixed and variable parts of g_loaded_request, the trailer (copy_request_trailer_from_temp) when g_request_trailer_file is set, fclose (0xce5), frees g_request_record_path. Returns stock_free's EAX & 0xffff0000; stage unused. Caller run_stage_pipeline_and_exit.
00438c10	check_request_write_result	void check_request_write_result(int result)	= shcpep check_request_write_result (0041c180): -1 -> report_message_by_code(source_name, 0, 0xce7) and stock_exit(9).
00438c40	write_request_fixed_part	void write_request_fixed_part(request *req, FILE *out)	= shcpep write_request_fixed_part (0041c1b0): write_file_bytes (00433230) of g_request_fixed_size bytes.
00438c70	write_request_variable_part	void write_request_variable_part(request *req, FILE *out)	= shcpep write_request_variable_part (0041c1e0): mirror of read_request_variable_part (write_request_string per string, then the list writers).
00438ef0	write_request_string	void write_request_string(char **field, FILE *out)	= shcpep write_request_string (0041c460): short strlen+1 and the bytes, or short 0 for NULL.
00438f80	write_request_section_list	void write_request_section_list(request_section **list, FILE *out)	= shcpep write_request_section_list (0041c4f0): count, then each 0x20-byte record (chained by +0x1c) and its name.
00439020	write_request_string_list_040	void write_request_string_list_040(request_string **list, FILE *out)	= shcpep write_request_string_list_040 (0041c590).
004390c0	write_request_string_list_048	void write_request_string_list_048(request_string12 **list, FILE *out)	= shcpep write_request_string_list_048 (0041c630).
00439160	write_request_sized_string_list	void write_request_sized_string_list(request_sized_string **list, FILE *out)	= shcpep write_request_sized_string_list (0041c6d0).
00439200	write_request_source_file_list	void write_request_source_file_list(request_source_file **list, FILE *out)	= shcpep write_request_source_file_list (0041c770).
004392b0	write_request_11byte_entry_list	void write_request_11byte_entry_list(request_entry **list, FILE *out)	= shcpep write_request_11byte_entry_list (0041c820); called twice (+0xb8, +0xbc).
00439370	write_request_12byte_entry_list	void write_request_12byte_entry_list(request_entry **list, FILE *out)	= shcpep write_request_12byte_entry_list (0041c8e0).
00439440	write_request_cpp_block	void write_request_cpp_block(request_cpp_block **block, FILE *out)	= shcpep write_request_cpp_block (0041c9b0): g_request_cpp_block_size, the raw block and 5 counted strings.
00439510	copy_request_trailer_from_temp	void copy_request_trailer_from_temp(FILE *out)	= shcpep copy_request_trailer_from_temp (0041ca80): rewind(g_request_trailer_file), byte copy to out, clears it, close_and_delete_temp_files.
004395a0	find_keyed_offset	int find_keyed_offset(request *req, int key, int *value)	= shcmdl find_keyed_offset (00428ad0), same code: walks the request_entry list at req +0xc0 (entry12_list_0c0) for an entry whose +4 word equals key; stores its +8 word in *value and returns 1, else 0 (also 0 for a NULL req). Caller 00420600 passes g_request and the node's short +2, then seeks (0043a860) the stream DAT_0045feec to *value and reads from it; 0x1218 when not found.
004395e0	find_keyed_entry	request_entry *find_keyed_entry(request *req, int key)	Same walk as find_keyed_offset over req +0xc0 (key at +4) but returns the matching request_entry (NULL if none or req is NULL). Caller 00420220 passes g_request and the node's short +2, reports 0x1218 on NULL and stores DAT_0045ee9c into the entry's +0xc word. No shcpep/shcmdl counterpart. Ghidra returns uint; the caller uses it as the entry pointer.
00439620	open_temp_file	FILE *open_temp_file(void)	= shcpep open_temp_file (0041dbc0): NULL if 8 temp files are open; make_temp_file_name() + ".tmp" (0045c8e0) into g_temp_path_in_progress, stock_fopen "wb+" (0xce4), records {path, FILE*} in g_temp_files[g_temp_file_count++]. Ghidra returns int; the caller save_request_trailer_to_temp stores it as the FILE *.
00439750	close_and_delete_temp_files	void close_and_delete_temp_files(void)	= shcpep close_and_delete_temp_files (0041dcf0): fclose (0xce5), stock_unlink (0xce8), stock_free the path per g_temp_files entry; g_temp_file_count = 0.
004397f0	make_temp_file_name	char *make_temp_file_name(void)	= shcpep make_temp_file_name (0041dd90): get_env_directory(g_tmp_env_name) ("" if unset, 0xcf9 if too long), abs(GetCurrentProcessId()) and its digit count cached, buffer sized with tmpnam's length, sprintf("%s%d.%d", dir, pid, g_temp_name_counter++) into g_temp_name_buffer.
00439910	report_message_by_code	unsigned int report_message_by_code(char *file_name, int line, int msgno, char *text)	= shcpep report_message_by_code (0041deb0): file number from g_loaded_request->source_files; when msgno/1000 > 0, message_flags & 8 or message_all == 1 appends {short msgno, int line, short 0, short filno, byte len, text} to message_path opened "ab"; counts error/warning/info. Write failures -> report_message_file_error_and_exit. Ghidra's first param is byte *.
00439b80	report_message_file_error_and_exit	void report_message_file_error_and_exit(int msgno)	= shcpep report_message_file_error_and_exit (0041e120): prints "\n  <source>(0) : <msgno> " to stdout plus "Internal error" (4xxx) or the 33xx text (table indexed as 004595f8 + msgno*4, i.e. 0045c988 for 0xce4..0xce7), close_and_delete_temp_files, stock_exit(0x29 or 0x2b).
00439c60	unpack_float	int unpack_float(unsigned int *value, unsigned int *sign, unsigned short *exponent, unsigned int *mantissa, int *fp_class)	= shcmdl unpack_float (00428f30): sign, exponent (0xff), mantissa with the hidden bit, class 0 normal / 1 zero / 2 infinity / 3 NaN.
00439d50	unpack_double	unsigned int unpack_double(unsigned int *value, unsigned int *sign, unsigned short *exponent, unsigned int *mantissa, int *fp_class)	= shcmdl unpack_double (00429020): same for doubles (exponent 0x7ff, 0x100000 hidden bit).
00439e70	pack_round_float	unsigned int pack_round_float(unsigned int sign, short exponent, unsigned int *mantissa, unsigned int *result)	= shcmdl pack_round_float (00429140): normalises, rounds (round_float_mantissa), handles overflow/denormals and packs.
00439fd0	pack_round_double	int pack_round_double(unsigned int sign, short exponent, unsigned int *mantissa, unsigned int *result)	= shcmdl pack_round_double (004292a0): double counterpart (round_double_mantissa).
0043a190	round_float_mantissa	void round_float_mantissa(short *exponent, unsigned int *mantissa)	= shcmdl round_float_mantissa (00429460). Caller pack_round_float.
0043a1d0	round_double_mantissa	void round_double_mantissa(short *exponent, unsigned int *mantissa)	= shcmdl round_double_mantissa (004294a0). Caller pack_round_double.
0043a230	add_multiword	void add_multiword(unsigned int *dst, unsigned int *src, int nwords)	= shcmdl add_multiword (00429500): dst += src over nwords words, most significant first. Ghidra's int params are the two word arrays.
0043a270	sub_multiword	void sub_multiword(unsigned int *dst, unsigned int *src, int nwords)	= shcmdl sub_multiword (00429540).
0043a2c0	compare_multiword	int compare_multiword(unsigned int *a, unsigned int *b, int nwords)	= shcmdl compare_multiword (00429590): uses negate_multiword for the signed compare. Callers fold_div_double, compare_float_constants, compare_double_constants.
0043a3e0	negate_multiword	void negate_multiword(unsigned int *value, int nwords)	= shcmdl negate_multiword (004296b0): two's complement over nwords words, borrow from the last word up.
0043a420	get_env_directory	char *get_env_directory(char *var_name, int *ok)	= shcpep get_env_directory (0041e200): getenv into g_env_directory (<= 0x74 chars) with a trailing '\\'; NULL when unset (*ok = 1) or too long (*ok = 0). Caller make_temp_file_name.
0043a4e0	select_env_variable_names	void select_env_variable_names(int is_cplusplus)	= shcpep select_env_variable_names (0041e2c0): "SHC_INC"/"SHC_TMP"/"SHC_LIB" or "SHCPP_*" into g_inc_env_name, g_tmp_env_name and the four g_lib_env_name_*. Caller load_request_record_file (request cpp_block != 0).
0043a550	stock_malloc	void *stock_malloc(unsigned int size)	CRT malloc = stock_nh_malloc(size, stock_newmode 0045cd40) (= shcpep 0041e370, shcmdl 0042a320). LEAD DECIDE: Ghidra's sig says undefined, but EAX is stock_nh_malloc's and every caller uses the pointer (void *, as the sisters).
0043a570	stock_nh_malloc	void *stock_nh_malloc(unsigned int size, int call_new_handler)	CRT _nh_malloc (= shcpep 0041e390): NULL above 0xffffffe0, 0 -> 1, stock_heap_alloc with the stock_callnewh retry. Ghidra returns int (shcmdl kept int); the value is the block.
0043a5b0	stock_heap_alloc	void *stock_heap_alloc(unsigned int size)	CRT _heap_alloc (= shcpep 0041e3d0): HeapAlloc(stock_crtheap, 0, size). LEAD DECIDE: Ghidra's sig says undefined; EAX is returned and stock_nh_malloc uses it.
0043a5d0	stock_strncmp	int stock_strncmp(char *str1, char *str2, unsigned int count)	CRT strncmp (Ghidra FID _strncmp); compiled in the rebuild (0043a5d0__strncmp.c).
0043a610	stock_free	void stock_free(void *block)	CRT free (= shcpep 0041e3f0): HeapFree(stock_crtheap, 0, p) when p. store_request_record_file returns this call's EAX & 0xffff0000 (low half 0), so void as in shcpep.
0043a6a0	stock_calloc	void *stock_calloc(int count, int size)	CRT calloc (= shcpep 0041e480): HeapAlloc(HEAP_ZERO_MEMORY) with the new-handler retry while stock_newmode.
0043a730	stock_fopen	FILE *stock_fopen(char *path, char *mode)	CRT fopen = __fsopen(path, mode, 0x40 _SH_DENYNO) (= shcmdl stock_fopen 00429ce0; shcpep calls the same code open_shared_file 0041e510). LEAD DECIDE: Ghidra's sig says undefined; every caller uses EAX as the FILE *.
0043a780	stock_exit	void stock_exit(unsigned int exit_code)	CRT exit = doexit(code, 0, 0) (FUN_0043a7c0) (= shcpep 0041e560).
0043a7c0	stock_doexit		CRT doexit (code, quick, retcaller): stock_exit calls it; replaced by src/_crt_shim.c (the VC6 CRT exit runs atexit and the stdio flush)
0043a860	stock_fseek		CRT fseek; replaced by src/_crt_shim.c (the streams are the VC6 CRT's)
0043aa10	stock_amsg_exit	void stock_amsg_exit(int msg)	CRT _amsg_exit (Ghidra FID __amsg_exit; = shcmdl 0042a4b0): FF_MSGBANNER unless stock_error_mode == 2, stock_NMSG_WRITE(msg), stock_aexit_rtn(255).
0043ab90	stock_fwrite		CRT fwrite; replaced by src/_crt_shim.c
0043b430	stock_getenv	char *stock_getenv(char *name)	CRT getenv (Ghidra FID_conflict:__getenv_lk; = shcmdl 0042ad60): converts the wide environment if needed, matches "NAME=" with stock_mbsnbicoll. Caller get_env_directory.
0043b4d0	stock_callnewh	int stock_callnewh(unsigned int size)	CRT _callnewh (= shcpep 0041fdf0): calls stock_pnhHeap (0045e750) and returns 1 if it returns nonzero.
0043c840	stock_FF_MSGBANNER	void stock_FF_MSGBANNER(void)	CRT _FF_MSGBANNER (Ghidra FID __FF_MSGBANNER): error_mode 1 or (0 and console app) -> NMSG_WRITE(0xfc), stock_adbgmsg hook, NMSG_WRITE(0xff). Compiled in the rebuild (0043c840___FF_MSGBANNER.c).
0043c880	stock_NMSG_WRITE	void stock_NMSG_WRITE(int msg)	CRT _NMSG_WRITE (= shcpep 00420f30): rterrs lookup (0045d278..0045d300), WriteFile to stderr's handle or the "Runtime Error!\n\nProgram: " message box text ("Microsoft Visual C++ Runtime Library").
0043d150	stock_dosmaperr	void stock_dosmaperr(unsigned int oserr)	CRT _dosmaperr (= shcpep 00421800): _doserrno = oserr; errtable 0045d368..0045d4d0; 19..36 -> 13, 188..202 -> 8, else 0x16.
0043dee0	stock_strdup	char *stock_strdup(char *src)	CRT _strdup (Ghidra FID __strdup; = shcmdl 0042df70): stock_malloc(strlen+1) + strcpy.
0043e790	stock_mbsnbicoll	int stock_mbsnbicoll(unsigned char *str1, unsigned char *str2, unsigned int count)	CRT _mbsnbicoll (Ghidra FID __mbsnbicoll; = shcmdl 0042de50): stock_crtCompareStringA(mblcid, NORM_IGNORECASE, ..., mbcodepage) - 2, 0x7fffffff on failure.
0043e7d0	stock_wtomb_environ	int stock_wtomb_environ(void)	CRT __wtomb_environ (Ghidra FID ___wtomb_environ; = shcmdl 0042de90): converts each stock_wenviron string with WideCharToMultiByte and stock_crtsetenv(s, 0).
0043eb50	stock_strncpy	char *stock_strncpy(char *dest, char *source, int count)	CRT strncpy (= shcpep 004228a0): copies at most count chars and NUL-pads. Caller stock_NMSG_WRITE ("..." when shortening the program name).
0043ed90	stock_strlen	unsigned int stock_strlen(char *str)	CRT strlen (strlen.asm, 0x7efefeff/0x81010100 word scan; = shcmdl 0042fe50). Ghidra types it char *(uint *): the value is the length, 4 bytes either way. Caller stock_strdup. LEAD DECIDE: shcpep left its strlen without a signature because of the uint * word stepping.
0043ee10	stock_strcpy	char *stock_strcpy(char *dest, char *source)	CRT strcpy (Ghidra FID_conflict:__mbscpy; strcat.asm's word copy; = shcmdl 0042fed0). Caller stock_strdup.
0043f2c0	stock_crtCompareStringA	int stock_crtCompareStringA(unsigned int locale, unsigned int flags, unsigned char *str1, unsigned int cnt1, unsigned char *str2, unsigned int cnt2, unsigned int code_page)	CRT __crtCompareStringA (= shcpep 00422e50): probes CompareStringA/W once (stock_f_use_CompareString 0045d7f8), stock_strncnt the lengths, default code page stock_lc_codepage (0045d778).
0043f5b0	stock_strncnt	unsigned int stock_strncnt(char *str, unsigned int count)	CRT _strncnt (Ghidra FID _strncnt; = shcmdl 0042b5e0). Caller stock_crtCompareStringA.
0043f5e0	stock_crtsetenv	int stock_crtsetenv(unsigned char *option, int primary)	CRT __crtsetenv (= shcpep 00423170): '=' split (stock_mbschr), copy_environ when environ == initenv, findenv, stock_realloc, wide environment update.
0043f830	stock_findenv	int stock_findenv(unsigned char *name, unsigned int len)	CRT findenv (Ghidra FID findenv; = shcmdl 0042fd70): index of "name=" / "name" in stock_environ, or -count.
0043f890	stock_copy_environ	char **stock_copy_environ(char **env)	CRT copy_environ (Ghidra FID copy_environ; = shcmdl 0042fdd0): stock_malloc'd copy of the array with stock_strdup'd strings; amsg_exit(9) on failure.
0043fdc0	stock_realloc	void *stock_realloc(void *block, unsigned int size)	CRT realloc (= shcpep 00423950): NULL -> stock_malloc, 0 -> stock_free, else HeapReAlloc with the new-handler retry.
0043fe30	stock_mbschr	unsigned char *stock_mbschr(unsigned char *str, unsigned int ch)	CRT _mbschr (Ghidra FID __mbschr; = shcmdl 00430ea0): stock_strchr when stock_mbcodepage == 0, else a lead-byte walk over stock_mbctype.
0043fec0	stock_strchr	char *stock_strchr(char *str, char ch)	CRT strchr (= shcpep 00423a50): first ch (the terminator included) or NULL. Caller stock_mbschr.
0043fee0	stock_remove	int stock_remove(char *path)	CRT remove (= shcpep 00423a70): DeleteFileA; failure -> stock_dosmaperr(GetLastError()), -1; else 0.
0043ff10	stock_unlink	int stock_unlink(char *path)	CRT _unlink = remove(path) (= shcpep 00423aa0). LEAD DECIDE: Ghidra's sig says undefined, but EAX is stock_remove's and close_and_delete_temp_files tests it (0xce8 when nonzero), so int as in the sisters.
