# address	name	signature (C prototype; empty = Ghidra's)	note
00401000	load_debug_symbol_tables	void load_debug_symbol_tables(void)	reads two counted tables from g_object_output (00447f24, opened "rb", see globals): u16 LE count, then per entry a length byte + that many bytes. Table 1 -> 0x20-byte debug_symbol nodes (FUN_0040cf00(0x20)): +6 = kind*2|1, +4 id, +7 location type (6 = stack offset, 4 bytes, a negative one is rebased by the frame size from FUN_0042ec79 and the 0x44-byte frame table DAT_0044bc74 of the current function DAT_0044e148; otherwise 1 byte = register), kind 0xe gets an 8-byte attachment at +0x1c; chained into g_debug_symbol_hash (0x7f buckets by id). Table 2 -> 0xc-byte debug_location nodes into g_debug_location_hash. Errors 0xce6 (read). Callers FUN_0040f97b (tag 0x32 scope 3), FUN_0041080f (tag 0x34, which builds the same nodes) guard it with DAT_00447cb4. Ghidra return undefined (ret4 value unused by callers)
0040156c	free_debug_symbol_table	void free_debug_symbol_table(void)	frees every 0x20-byte node of g_debug_symbol_hash (and its 8-byte attachment at +0x1c) with FUN_0040d5cb, clears the 0x7f buckets, then frees the 0x104-byte string pool blocks (g_string_pool_blocks) and resets g_string_pool_pos/end. Callers FUN_0040f97b (scope end)
00401655	free_debug_location_table	void free_debug_location_table(void)	frees the 0xc-byte nodes of g_debug_location_hash (0x7f buckets) and clears the buckets; called with free_debug_symbol_table at scope end (FUN_0040f97b)
004016cc	store_string_in_pool	char *store_string_in_pool(char len, char *text)	copies len bytes + NUL into the string pool (0x104-byte blocks = next pointer + 0x100 bytes, chained in g_string_pool_blocks, allocated with FUN_0040cf00 when the rest of the block is too small); returns the copy, NULL for len 0. Caller FUN_0041080f stores it as the debug symbol's name (+0x18)
004017a0	emit_import_symbol	void emit_import_symbol(short symbol_id)	looks the symbol up (FUN_00427a7d); unless it is kind 10 with misc != 0xff: if its name is a runtime routine (g_runtime_routine_names 1..0xb6) sets the routine's bit in g_runtime_routines_imported and records the import index in g_runtime_routine_import_index; unless symbol flag 0x40: object mode (request +0x12 == 1) writes an import record (tag 0xc: 0xc0, name length+1, '_', name; tag 0x8c to force a new record when the buffer is short) and gives the symbol import number g_import_symbol_index++ at +0x28; listing mode prints ".IMPORT _name" (s__IMPORT_0043c034). Callers run_assembler_passes (kind 10/11 symbols), emit_runtime_routine_imports
00401a14	emit_runtime_routine_imports	void emit_runtime_routine_imports(void)	for each bit of g_runtime_routines_used (32 bytes, MSB first, routine = bit+1) creates the routine's symbol (FUN_00416e00(0xb,0x80,id), name from g_runtime_routine_names) and imports it with emit_import_symbol unless g_runtime_routines_imported already has it (then copies the saved import index to +0x28). Caller run_assembler_passes
00401b2a	emit_export_symbol	void emit_export_symbol(short symbol_id)	unless kind 7..9 with misc != 0xff: object mode writes an export record (tag 0x14: kind-dependent word/flag, section number from +0x1a, big-endian address from +8, name with '_' prefix; tag 0x94 to force a new record) and numbers the symbol with g_export_symbol_index++ at +0x28; listing mode prints ".EXPORT _name" (s__EXPORT_0043c03c). Caller run_assembler_passes (kinds 7,8,9,0xc with flag 0x80)
00401d87	build_section_select_record	int build_section_select_record(unsigned char *out)	object mode only: writes 0x9a, 7, a zero word and the big-endian section number of the current section kind (g_current_section_kind 0..3 -> DAT_0044e028/2a/2c/2e) at out, clears g_section_data_bytes, returns 6 (bytes written); 0 in listing mode. Caller append_object_record_bytes before a data record (tags 0x1c/0x9c) when g_object_need_section_select is set; the caller then closes it as record 0x1a
00401e96	count_import_and_export_symbols	void count_import_and_export_symbols(void)	walks the symbol table (DAT_0044e14c, request +0xac entries of 0x2c bytes): an exported (flag 0x80) kind 7..9 symbol with misc != 0xff decrements g_export_symbol_count (it will not be exported, see emit_export_symbol); kind 11, or kind 10 with misc == 0xff, without flag 0x40 counts in g_import_symbol_count and marks its runtime routine in a local bitmap; then counts the routines of g_runtime_routines_used not marked. Both counts go to the object header (FUN_00412b7c) and request +0xe4/+0xe8 (store_request_record_updates). Caller run_assembler_passes
00402180	append_object_record_byte	int append_object_record_byte(unsigned char value, short tag)	append_object_record_bytes(&value,1,tag); returns 1 (bytes written)
004021b1	append_object_record_word	int append_object_record_word(int value, short tag)	byte-swaps the low 16 bits of value (FUN_0042efb0) and appends them; returns 2
004021ec	append_object_record_long	int append_object_record_long(int value, short tag)	byte-swaps value to big-endian (FUN_0042ef70) and appends 4 bytes; returns 4
00402227	append_sized_value_to_data_record	int append_sized_value_to_data_record(unsigned char *value, short size_code)	size_code 0/1/2 = byte/word/long read from *value, appended to a data record (tag 0x1c); returns 1/2/4 (uninitialised for another code). Callers FUN_00417bfa, FUN_00424a19, FUN_00424cc4, FUN_0042861d (add the result to the section location counter)
004022cc	append_sized_value_to_repeat_data_record	int append_sized_value_to_repeat_data_record(int value, short size_code)	as append_sized_value_to_data_record but with the value itself and tag 0x9c; returns 1/2/4. Only caller FUN_00424a19, which writes 0xc0, the location, a repeat count, the unit size and the value as one 0x9c record when the count is >= 2 (hence "repeat")
00402374	append_object_record_bytes	void append_object_record_bytes(unsigned char *data, int len, unsigned int tag)	the object file record buffer (g_object_record_start/pos/end): a new tag (or g_object_record_force_new) closes the current record with finish_object_record (marking it 0x80 when the low 7 bits of the tag change); a fresh record gets the tag byte & 0x7f and a length slot; a 0x1c record also gets 0x80 and the big-endian location counter of the current section, and is preceded by a section select record (build_section_select_record, closed as 0x1a) when g_object_need_section_select is set; data that does not fit is split over records except for tags 0x1c (<= 4 bytes), 0x30, 0x34, 0x38, 0x3a, 0x40. data NULL/len 0 with tag 0xff just closes. Ghidra return undefined (ret4 value unused)
0040266b	finish_object_record	void finish_object_record(int tag)	if the record buffer is not empty: stores the length byte (size+1) at start[1]; for tag 0x1c adds the size to g_section_data_bytes, stores the data length (size-8) at start[7] and advances the current section's location counter g_section_location_counter[kind] by it; appends compute_object_record_checksum and writes the record to g_object_file (FUN_0042ef00, error 0xce7); resets pos to start. Callers append_object_record_bytes, run_assembler_passes (0x7f at the end). Ghidra return undefined (ret4 value unused)
004027dc	compute_object_record_checksum	unsigned int compute_object_record_checksum(void)	~(sum of the record bytes from g_object_record_start to pos, as a short); caller finish_object_record stores its low byte
00402832	append_reloc_expression_byte	int append_reloc_expression_byte(int value)	SIG kept (takes the address of its own stack argument): append_reloc_expression_bytes(&value,1); returns its result
0040284b	append_reloc_expression_word	int append_reloc_expression_word(int value)	SIG kept: byte-swaps the low 16 bits in place, append_reloc_expression_bytes(&value,2)
00402874	append_reloc_expression_long	int append_reloc_expression_long(int value)	SIG kept: byte-swaps to big-endian in place, append_reloc_expression_bytes(&value,4)
0040289d	append_reloc_entry_header	int append_reloc_entry_header(int address, short bit_width, int flag)	SIG kept (third stack argument). Writes a flag byte (3 when flag == 0, | (bit_width*2-0x10) when request byte +0x2a is set, | 4), the 4-byte address, then the field layout: request +0x2a clear: 0, bit_width; else 8/16/32-bit layouts as (offset,width) bytes. Only caller FUN_00427769, which follows it with the expression terms (symbol refs via FUN_00427942, 0x20/0x21/0x24/0x25 operators, 0xff end), patches the entry length and commits it (append_reloc_expression_bytes(NULL,0)). The returned value is not used
004029b2	append_reloc_expression_bytes	char *append_reloc_expression_bytes(char *data, short len)	appends len bytes to the relocation expression buffer (g_reloc_expr_pos, error 0x1360 past g_reloc_expr_end); data NULL commits the buffered entry (g_reloc_expr_start..pos) to the relocation record buffer (append_reloc_record_bytes) and resets pos. Ghidra return undefined; kept 4 bytes (ret4: the write pointer) because append_reloc_expression_byte/word/long return it (no caller uses it further)
00402a55	append_reloc_record_bytes	void append_reloc_record_bytes(char *data, short len)	appends len bytes to the relocation record buffer (g_reloc_record_pos), flushing it first (flush_reloc_records) when they do not fit before g_reloc_record_end. Caller append_reloc_expression_bytes. Ghidra return undefined (ret4 value unused)
00402ab2	flush_reloc_records	void flush_reloc_records(void)	writes the relocation record buffer as object records of tag 0x20 (append_object_record_bytes), resets it and sets g_object_need_section_select (the next data record must re-select its section). Callers run_assembler_passes (end), emit_final_asm_record_stream, FUN_00417bfa, FUN_00424a19, FUN_00424cc4, FUN_00425a51, FUN_00425fbc, FUN_0042861d
00402b00	read_backend_record_payload	unsigned int read_backend_record_payload(FILE *stream, psd *rec, unsigned char op)	saves stream in g_backend_stream and reads the rest of a record whose op byte was read, by the payload format g_backend_op_payload_format[op] (u16 per op): 1/7 none; 2..6, 10..12 fixed byte counts into psd fields (+8..+0x17); 8 = an instruction: 4 bytes to +0xc, 4 to +8, flg (&0xe3), misc (&0xa0), then 0/1/2 operands (read_record_operand(rec,1/2)), error 0x131e otherwise; 9 = pseudo-op (read_pseudo_op_record_payload). Unknown format: error 0x131d. Returns the byte count / nonzero, 0xffffffff on a short read. Callers read_next_backend_record (.sub/.sua records), run_assembler_passes (the leading section record 0xc..0xf)
0040305c	read_backend_stream_bytes	unsigned int read_backend_stream_bytes(char *buf, unsigned int count)	FUN_0042eea0(g_backend_stream, buf, count) (fread wrapper), error 0xce6 on -1; returns the count read. Callers: the backend record readers 00402b00..00404596
004030aa	read_pseudo_op_record_payload	unsigned int read_pseudo_op_record_payload(psd *rec)	payload of the pseudo-ops 0x22..0x31 (OP_RETURN .. OP_EXTST, enums.tsv): 8 header bytes to +0xc (filno/linno) and +8 (expno), then per op: RETURN/CALL/JUMP/JUMPT/JUMPF a label operand (read_branch_label_operand; CALL also a misc byte &0x80, the jumps a tmp byte); MV_LOC/MVA_LC: register + @(disp,FP) (reg 0x6c) operands; MVA_PC/MOVI/MVA_FC/MOVIF: #imm source (kind 7) with label refs (read_operand_label_refs) and a register destination (MOVI's register is the third payload byte, notes "late _init_slow_flag"); FPRSET two registers; EXTLD/EXTST @Rn <-> reg 0x60. Allocates 0xc-byte ea operands (FUN_0040cf00, error 0xbcd); unknown op error 0x131f. Returns 0xffffffff on a short read. Caller read_backend_record_payload (format 9)
00403e5d	read_record_operand	unsigned int read_record_operand(psd *rec, int which)	allocates an ea (0xc) as rec->ea1 (which 1) or rec->ea2 (which 2, else error 0x131e) and reads it: a kind byte (&0x1f, |0x80 flag), then per kind: 1..4, 0xf, 0x10 register byte; 5 control register (byte + 0x61 = REG_SR..); 6 system register (byte + 0x64 = REG_MACH..); 7 #imm of the record's operand size (operand_size_from_flags, store_immediate_in_operand; AND/OR/TST/XOR/TRAPA keep only the low byte) followed by a label-ref count (read_operand_label_refs); 8 @(disp,Rn) register + s16 disp; 9 @(R0,Rn) index<<4|base nibbles; 10 @(disp,PC) s16 disp, base REG_PC; 11 @(disp,GBR) 4-byte disp + label refs, base REG_GBR; 12 @(R0,GBR) index byte, base REG_GBR; other kinds error 0x1320. Caller read_backend_record_payload (format 8)
00404316	read_branch_label_operand	unsigned int read_branch_label_operand(psd *rec)	reads a 2-byte label number and makes rec->ea1 an #imm operand (kind 7) whose label_ref list (one 8-byte label_ref, labno1 = the label) names it. Caller read_pseudo_op_record_payload (RETURN, CALL, JUMP, JUMPT, JUMPF)
004043ee	operand_size_from_flags	int operand_size_from_flags(psd *rec)	rec->flg & 3: 0/1/2 -> 1/2/4 bytes; error 0x1321 otherwise (result uninitialised). Caller read_record_operand (#imm operands)
0040447c	store_immediate_in_operand	void store_immediate_in_operand(short *value, ea *op, int size)	stores a 1/2/4-byte immediate (the bytes at value) into op->disp (+4..+7), sign-extending 1 and 2 byte values; error 0x1322 for another size. Callers read_record_operand, read_pseudo_op_record_payload (MV_LOC). Ghidra return undefined (ret4 value unused)
00404596	read_operand_label_refs	void read_operand_label_refs(int count, ea *op)	reads count 2-byte label numbers (error 0x1323 on a short read) into op->labels: pairs fill labno1 then labno2 of the last label_ref (labno1 - labno2 differences), a new 8-byte label_ref is appended when the last one is full. Callers read_record_operand, read_pseudo_op_record_payload
004046d0	compare_bytes	int compare_bytes(char *a, char *b)	qsort comparator: *a vs *b ascending (0 / -1 / 1). Passed to sort_array by build_sh4_dependency_graph for the per-entry register lists
00404737	compare_order_entries_by_height	int compare_order_entries_by_height(superscalar_order_slot *a, superscalar_order_slot *b)	qsort comparator on the 0xc-byte entries of g_sh4_order_table: height (+4) descending. Passed to sort_array by FUN_00406ac1 (list scheduler: highest critical-path height first)
0040479a	compare_order_entries_by_index	int compare_order_entries_by_index(superscalar_order_slot *a, superscalar_order_slot *b)	qsort comparator on g_sh4_order_table entries: window index byte (+1) ascending. Passed (PUSH 0x40479a) to sort_array by the debug dump FUN_0040ba89 ("Scheduled Easy View")
00404805	compare_superscalar_entries_by_issue_order	int compare_superscalar_entries_by_issue_order(superscalar_entry *a, superscalar_entry *b)	qsort comparator on the 0xe0-byte g_sh4_window entries: issue order byte (+0x18, set by the scheduler FUN_00406ac1) ascending, signed. Passed to sort_array by drain_next_sh4_scheduled_record
00404870	read_next_superscalar_scheduled_record	psd *read_next_superscalar_scheduled_record(psd *rec)	Existing name read_next_pipeline_buffered_backend_record was misleading: it does not use the pipeline() window; with request->cpu == 4 (SH-4) read_next_backend_record reads through it, it fills the 0xe0-byte superscalar window (g_superscalar_window), schedules it (schedule_superscalar_window) and returns the scheduled records one at a time (s01).
00404c54	drain_next_superscalar_scheduled_record	psd *drain_next_superscalar_scheduled_record(psd *rec)	sets g_sh4_draining, sorts g_sh4_window by issue order (sort_array with compare_sh4_entries_by_issue_order; every call), copies entry g_sh4_drain_index's record to rec and advances; when g_sh4_drain_count is reached clears g_sh4_draining and the index. Returns rec. Callers read_next_pipeline_buffered_backend_record, read_next_backend_record (while g_sh4_draining)
00404ce6	sort_array	void sort_array(void *base, int count, int size, void *compare)	qsort-style: packs {base, size, compare} in a local sort_context and runs quicksort_range(1, count, &ctx). Callers drain_next_sh4_scheduled_record, build_sh4_dependency_graph, FUN_00406ac1, FUN_0040ba89. Ghidra return undefined (ret4 value unused)
00404d18	quicksort_range	void quicksort_range(int first, int last, sort_context *ctx)	recursive quicksort of elements first..last (1-based) of ctx->base (element size ctx->size, comparator ctx->compare(a,b) < 0 = a before b), swapping byte by byte and following the pivot when it moves; recurses into the smaller part. Caller sort_array, itself. Ghidra return undefined (ret4 value unused)
00404f53	run_superscalar_scheduler	void run_superscalar_scheduler(void)	when the window has more than one record: clears every entry's scheduling fields (FUN_0040728c), analyses each entry (FUN_00407518, index in the global g_sh4_analyze_index), builds the dependency graph and heights (build_sh4_dependency_graph), dumps the original order when request byte +0x13c & 8 (FUN_00406664 -> FUN_0040ba89(1)), list-schedules (FUN_00406ac1, sets the +0x18 issue order). Caller read_next_pipeline_buffered_backend_record
00404fc5	build_superscalar_dependency_graph	void build_superscalar_dependency_graph(void)	for g_sh4_window entries 0..g_pipeline_window_last_index: sorts each read-register (+0x20, count +0x1e) and written-register (+0x38, count +0x1f) list (compare_bytes); forward pass: a register written by i and read by a later j = flow edge (child mask +0xbc / count +0xb8 on i, parent mask +0xc0 / count +0xb9 on j), written again by a later j = output ("ambi") edge (+0xd4/+0xd0, +0xd8/+0xd1) and stop; memory edges via FUN_004059f8; backward pass: written by i and read by an earlier j = anti edge (+0xc8/+0xc4 on j, +0xcc/+0xc5 on i); stores (issue class 0x11..0x15 LSs) against earlier loads (0xc..0x10 LSl, not @(disp,PC)) sharing a register = ambi edges; finally the height (+0x54) of each entry from the end: max(height of flow children + latency (+0x50, 1 when 0), height of anti children + 1). Masks use g_window_entry_bit_masks (0x80000000 >> i). Dumps the table (FUN_0040ba89(0): "Data Dependency List", "FlowChild AntiChild AmbiChild", ...) when request byte +0x13c & 8. Caller schedule_sh4_window. Ghidra return undefined (ret4 value unused)
004059f8	add_store_memory_order_dependencies	void add_store_memory_order_dependencies(void)	For every superscalar-window entry whose issue_group (+0x51) is a store class 0x11..0x15, adds an "ambi" (ordering) dependency with every other load/store-class entry (group 7..0x15): the earlier of the pair gets the later's bit in ambi_child_mask (+0xd4) and ambi_child_count++ (+0xd0); the later gets the earlier's bit in ambi_parent_mask (+0xd8) and ambi_parent_count++ (+0xd1). Bits from g_bit_mask_msb_first. Iterates g_pipeline_window_last_index..0. Only caller: FUN_00404fc5 (builds the register flow/anti/ambi dependencies, then calls this). Window = g_superscalar_window (0044bcb0, 32 x 0xe0).
00405bbb	rewrite_entry_expression_with_earlier_definitions	void rewrite_entry_expression_with_earlier_definitions(char entry)	Sets expr_rewritten (+0x52)=1; if the entry's expr_text (+0x98) is non-empty, points expr (+0xdc) at it, then walks earlier entries entry-1..0: takes their defs_text (+0x58, "lhs=rhs" pairs separated by ':') or, when empty, their expr_text (returns when both are empty), splits each pair at '=' and replaces the first occurrence of lhs in the current expression by rhs (replace_first_substring); each successful replacement becomes the new expr (malloc'd, never freed). NO CALLERS in the export (dead code; the unfinished memory disambiguation, with 00405f44).
00405f44	entries_access_disjoint_memory	int entries_access_disjoint_memory(char entry_a, char entry_b)	0 when either entry's expr_text (+0x98) is empty. Splits each entry's rewritten expression (*(+0xdc)) into terms at '+','-','=' (dropping '@','(',')'; at most 64 terms of 64 bytes: 8 KB of stack, hence _chkstk FUN_00435020). Term counts differ: 0. Access size from rec.flg&3 (2->4, 1->2, else 1 byte). Returns 0xff ("disjoint") only when both offsets are >0 and the byte ranges [off, off+size) do not overlap; otherwise runs a strncmp-like loop over the terms (FUN_00435000, result unused) and returns 0. The offset read is the SIGNED BYTE at +2 of rec.ea1 (ea.index in types.h): see the lead note. NO CALLERS (dead code). Return kept 4 bytes.
00406541	replace_first_substring	char *replace_first_substring(char *str, char *find, char *repl)	strlen (FUN_00434da0) of all three; NULL if find is longer than str, if strstr (FUN_0042efd0) finds no match, or if malloc (FUN_00435050) of len(str)-len(find)+len(repl)+1 fails; otherwise a new string = prefix + repl + rest after the match. Only caller: rewrite_entry_expression_with_earlier_definitions. Ghidra's params were uint* (4 bytes, used as byte strings).
00406664	compute_original_order_issue_cycles	void compute_original_order_issue_cycles(void)	Debug path only: FUN_00404f53 calls it when request +0x13c & 8 (the pipeline-dump flag). Walks the superscalar window in ORIGINAL order with a per-entry latency countdown (char[32], 0 = done): an entry stalls while a flow parent (+0xc0), anti parent (+0xcc) or ambi parent (+0xd8) still counts down; an issued entry gets countdown = latency (+0x50) and its cycle in g_superscalar_order[i].cycle (0044e168 + i*0xc); the next entry issues in the same cycle when it is also ready and issue_groups_conflict() == 0 (dual issue). Ends with FUN_0040ba89(1), which prints "Original Easy View".
00406ac1	schedule_superscalar_window	void schedule_superscalar_window(void)	The scheduler of this path (FUN_00404f53 always calls it). Fills g_superscalar_order[i] = {issued 0, entry i, path_length (+0x54)}, sorts by path_length descending (FUN_00404ce6, qsort-like, comparator FUN_00404737 on +4), then for up to 200 cycles: decrements latency countdowns; picks the first unissued slot (highest path) whose flow parents are not busy and whose flow/anti/ambi parents are all issued (+0x19); marks it (order +0x18 = running issue number, scheduled +0x19 = 1, slot.issued = 1, slot.cycle = cycle); then tries a second ready entry that issue_groups_conflict() lets pair with it. Stops when every slot is issued. Dumps FUN_0040ba89(2) "Scheduled Easy View" when request +0x13c & 8.
00407145	issue_groups_conflict	int issue_groups_conflict(int entry_a, int entry_b)	0xff when the issue groups (+0x51) of the two window entries cannot issue in the same cycle, 0 when they can: either is 4; both 1; a==6 and b is 6 or 5; a==5; both in 7..0x15; both 2. Callers compare the whole value with 0 (compute_original_order_issue_cycles, schedule_superscalar_window): keep int. Matches the SH-4 dual-issue rules (groups in types_proposal.h).
0040728c	clear_superscalar_window_analysis	void clear_superscalar_window_analysis(void)	For entries 0..g_pipeline_window_last_index clears the fields after the psd record: order (+0x18) = 0xff, scheduled, read/write counts and register lists, latency/group/flag, path_length, defs_text and expr_text (0x40 bytes each from +0x58 and +0x98; the second runs to +0xd8 and is re-cleared by the later stores), the flow/anti/ambi counts and masks. Leaves +0x1a..+0x1d (operand registers/kinds, set when the record is loaded, FUN_0040b3e0) and +0xdc. Only caller: FUN_00404f53 (first step).
00407518	describe_superscalar_window_entry	void describe_superscalar_window_entry(void)	For window entry g_superscalar_current_entry (FUN_00404f53 loops it over 0..last) switches on rec.op (MOV, FMOV, FADD, FDIV, FSQRT, FLOAT, FLDI0/1, FSTS/FLDS, BF/BT/..., RTE, TRAPA, SLEEP, SETT, NOP, ...) and the operand registers/kinds (+0x1a..+0x1d); records registers read (FUN_0040ad6c: read_regs +0x20, count +0x1e; FPSCR 0x68 for FPU ops, TBIT 0x6d, SSR/SPC for RTE) and written (FUN_0040b055: +0x38/+0x1f); builds the definition texts ("Rn=@(Rm)", "Rn=IMM", "Rm=4+Rm"... from the strings 0043c508..0043c640 and the register-name table 0043ecc8) and stores latency, issue group, a third value (to 0044d8f0[entry]) and both texts with FUN_0040b33e. Branches, RTE, TRAPA etc. make every other entry their flow child (barrier). Only caller: FUN_00404f53.
0040ad6c	add_superscalar_entry_read_register	void add_superscalar_entry_read_register(char regno)	appends regno to the read-register list (+0x20, count +0x1e) of g_sched_window[g_sched_current_index] (0xe0-byte sched_entry at 0044bcb0); expands groups to single registers: 0x20..0x2e (DRn) -> regno-0x10, regno-0xf; 0x30..0x3c (FVn) -> 4 regs from regno-0x20; 0x50..0x5e (XDn) -> regno-0x40, regno-0x3f; 0x60 (XMTRX) -> 0x10..0x1f; else regno itself. Only caller FUN_00407518 (per-op register/latency analysis; passes 'h' = FPSCR 0x68, 'g' = FPUL 0x67)
0040b055	add_superscalar_entry_written_register	void add_superscalar_entry_written_register(char regno)	twin of add_sched_entry_read_register for the written-register list (+0x38, count +0x1f) of the current g_sched_window entry; same DR/FV/XD/XMTRX expansion. Only caller FUN_00407518
0040b33e	set_superscalar_entry_timing	void set_superscalar_entry_timing(char latency, char issue_group, int stage_pattern, void *effect_text1, void *effect_text2)	current g_sched_window entry: +0x50 = latency (dump column 'Latency', %2d), +0x51 = issue group (dump column 'Kind'; names at 0043f298 ----,EX,FE,MT,CO,CB,BR,LS,LS1..LSs8 = SH-4 issue groups), g_sched_entry_stage_pattern[i] = stage_pattern (Easy View 'Pipeline' column; names at 0043f2f0 EAS,E=S,...), memcpy 0x40 bytes of each text buffer into +0x58 / +0x98 (FUN_00407518 builds texts like "R1=@(R2):R2=R2+8" with strcpy/strcat into 0x40-byte locals). Caller FUN_00407518, e.g. (2, 0xc /*LSl*/, 0, ...) for loads, (1, 0x11 /*LSs*/, ...) for stores. NOTE: the +0x98 copy (0x40 bytes) overlaps the dependency masks at +0xbc..+0xd4 (see types_proposal.h)
0040b3e0	record_superscalar_entry_operands	void record_superscalar_entry_operands(psd *rec, char classify_only)	rec = &g_sched_window[g_pipeline_window_last_index].rec (only caller read_next_pipeline_buffered_backend_record, classify_only = 0). classify_only == 0: an @(disp,Rn) operand (kind 8) with disp 0 and no labels becomes @Rn (kind 2 kept in the high bits); stores ea1/ea2 register (ea.base, entry +0x1a/+0x1b) and kind (type & 0x1f, +0x1c/+0x1d); single-operand ops (0x42,0x49..0x4f,0x55,0x56,0x59..0x5f,0x86,0x8a,0x94,0x95,0x99,0x9a,0xa0,0xb3,0xb4,0xd0,0xd2,0xd4,0xf1) clear operand 2; ops 0x76,0x88,0x8b,0x8e..0x93,0x96..0x98,0x9b,0x9e,0x9f,0xee clear both. classify_only != 0: sets g_operand1_register_class / g_operand2_register_class to the group base of each operand register (0x10 FR, 0x20 DR, 0x30 FV, 0x40 XF, 0x50 XD, else 0)
0040ba89	dump_superscalar_window	void dump_superscalar_window(char view)	debug print of g_sched_window to g_sched_dump_file. view 0: "Data Dependency List" (read/write registers, Flow/Anti/Ambi Child and Parent masks, Kind, Latency, Path); 1: "Original Easy View"; 2: "Scheduled Easy View" (sorts g_sched_cycle_table with FUN_00404ce6/FUN_0040479a, finds the entry whose +0x18 order equals the row, prints cycle and the 'Pipeline' stage pattern). Callers FUN_00404fc5 (0), FUN_00406664 (1), FUN_00406ac1 (2)
0040ca39	print_superscalar_entry_operands	void print_superscalar_entry_operands(char index)	prints the two operands of g_sched_window[index] in addressing-mode notation ("%s", "@%s", "@-%s", "@%s+", "@(disp,%s)", "@(R0,%s)", "@(disp,GBR)", "@(%s,GBR)", "IMM"; the second prefixed ',' and skipped when its register is -1) from kind +0x1c/+0x1d and register +0x1a/+0x1b, then pads with spaces to 18 columns. Only caller dump_sched_window
0040cf00	pool_alloc	void *pool_alloc(unsigned int size)	zeroed small-block allocation: size must be 1..0x400 and a multiple of 4; finds or adds the size class in g_pool_size_classes (0x108-byte pool_size_class blocks from FUN_00435050 = malloc, 32 classes each, chained at +4), allocates with alloc_from_pool_chunks, zero-fills; message 0xbcd (out of memory) on failure. ~95 call sites with sizes 8/0xc/0x10/0x18/0x20/0x30/0x104; freed by pool_free with the same size. Callers use the result as an address (Ghidra: int)
0040d1bf	pool_try_alloc	void *pool_try_alloc(unsigned int size)	identical to pool_alloc but returns 0 without reporting 0xbcd. No callers in the export
0040d448	alloc_from_pool_chunks	void *alloc_from_pool_chunks(alloc_chunk **chunks, int size)	walks one size class's chunk list: bump-allocates (free_ptr += size while <= end) or pops the chunk's free list (free_count--); if none can serve, prepends a new_pool_chunk and bump-allocates from it; 0 when malloc fails. Callers pool_alloc, pool_try_alloc
0040d554	new_pool_chunk	alloc_chunk *new_pool_chunk(void)	FUN_00435050(0x414) (malloc): next = 0, free_ptr = data (+0x14), end = +0x414, free_list = 0, free_count = 0. Only caller alloc_from_pool_chunks
0040d5cb	pool_free	void pool_free(void *ptr, int size)	finds size class `size` in g_pool_size_classes and frees ptr with free_to_pool_chunks; message 0x12e8 when there is no class of that size. ~35 callers (store_request_record_updates frees each section's +0x18 record with size 0x30)
0040d689	free_to_pool_chunks	void free_to_pool_chunks(alloc_chunk **chunks, void *ptr, int size)	finds the chunk whose data area [end-0x400, end) holds ptr (message 0x12ea if none), message 0x12eb if ptr is already on that chunk's free list (double free), pushes ptr, free_count++; when free_count == 0x400/size unlinks the chunk and releases it with FUN_00435290 (free). Only caller pool_free
0040d7d0	assemble_instruction	void assemble_instruction(psd *rec)	one backend record -> instruction word + text: format = g_opcode_format_index[op] or, when 0xff, the alternative-list row matching size (flg&3), ea1/ea2 kind and (ops 0x8c/0x8d/0x9c/0x9d) the register (message 0x1338 when none); prints the mnemonic (format +0x10) on channel 3 (listing, request+6 bit 2) or 2 (.src, request+0x12 != 1); calls the format's two operand encoders (+4/+8) with the field shifts (+0xc..+0xf), flg&3, filno, linno and ORs their bits into the base word (+0); prints "; Line n" when request+0x13c bit 2 (listing, request+4 != 0); for op 0x40 with an @(disp,PC) source calls print_pc_relative_literal_comment; in object mode (request+0x12 == 1) writes the word with FUN_004021b1(word, 0x1c), byte-swapped when request+0x2a == 0; g_location_counter += 2. Callers emit_final_asm_record_stream, FUN_00416ff0. Before that, FUN_0042e064 is applied to both operands (not identified)
0040dd0b	print_pc_relative_literal_comment	void print_pc_relative_literal_comment(short channel, psd *rec)	for MOV.W/MOV.L @(disp,PC),Rn: picks the literal_entry at index (disp - (label record +0x24 - +8 via FUN_00427a7d(labno2 of ea1 labels)))/4 in g_long_literal_pool (size 2) or disp/2 in g_word_literal_pool and prints "; " + "H'" value (FUN_0042375c long / FUN_00423722 word), or for a literal with labels "H'"value (if non-zero) and each label_ref labno1 [+labno2] joined by '+' (FUN_004232ef). Only caller assemble_instruction
0040df28	emit_register_operand	unsigned short emit_register_operand(ea *op, int field_shift)	operand encoder of g_instruction_format_table for registers (Rn/Rm, control/system registers, FRn; FIPR/FTRV vector registers 0x30/0x34/0x38/0x3c -> 0..3): returns (reg & 0xf) << field_shift (0 when field_shift == -1) and prints the register name (FUN_004234f6) on channel 3/2. Called only through the table (+4/+8); the table passes 6 arguments, Ghidra's 2 kept
0040e072	emit_memory_operand	unsigned short emit_memory_operand(ea *op, int reg_shift, int disp_shift, int size_code, short filno, unsigned int linno)	operand encoder for @Rn (kind 2), @(disp,Rn)/@(disp,GBR), @(R0,Rn)/@(R0,GBR) (disp_shift == -1: prints the index register) and @(disp,PC) (kind 10): register bits at reg_shift; displacement = FUN_0042df80 value (PC-relative: minus (g_location_counter+4) & ~3 for size_code 2, & ~1 otherwise) must be a multiple of 1<<size_code (msg 0xc1c) and fit 4 bits (kind 2) / 8 bits after scaling (msg 0x133a; an unresolved external symbol gets a relocation via FUN_00427769 and msg 0xa98, severity 3); prints "@(disp,Rn)" etc. Used by MOV.B/W/L, MOVA, TAS.B, JMP/JSR, PREF, FMOV.S, AND.B/OR.B/TST.B/XOR.B
0040e472	emit_postincrement_operand	unsigned short emit_postincrement_operand(ea *op, int field_shift)	operand encoder for @Rn+: returns reg << field_shift (callers use the low 16 bits; Ghidra's 4-byte return kept), prints "@", the register, "+". Used by MOV.x @Rm+,Rn, LDS.L/LDC.L, MAC.W/MAC.L, FMOV.S LOW HALF: returns 2 bytes; the stock code leaves a leftover in the high half (CONCAT22) and its only caller, assemble_instruction (through the format table), ORs the result into the 16-bit opcode_word.
0040e530	emit_predecrement_operand	unsigned short emit_predecrement_operand(ea *op, int field_shift)	operand encoder for @-Rn: returns reg << field_shift, prints "@-" (0043c7c4) and the register. Used by MOV.x Rm,@-Rn, STS.L/STC.L, FMOV.S LOW HALF: returns 2 bytes; the stock code leaves a leftover in the high half (CONCAT22) and its only caller, assemble_instruction (through the format table), ORs the result into the 16-bit opcode_word.
0040e5e0	emit_branch_disp8_operand	unsigned short emit_branch_disp8_operand(ea *op, int field_shift, int unused_3, int unused_4, short filno, unsigned int linno)	operand encoder for BT/BF/BT/S/BF/S: disp = target (FUN_0042df80) - (g_location_counter + 4); odd -> msg 0x1339, outside -0x100..0xfe -> msg 0x133a; returns ((disp >> 1) & 0xff) << field_shift; prints the target expression (labels via FUN_004272c3 / FUN_00427c99, then FUN_00423453) LOW HALF: returns 2 bytes; the stock code leaves a leftover in the high half (CONCAT22) and its only caller, assemble_instruction (through the format table), ORs the result into the 16-bit opcode_word.
0040e787	emit_branch_disp12_operand	unsigned short emit_branch_disp12_operand(ea *op, int field_shift, int unused_3, int unused_4, short filno, unsigned int linno)	operand encoder for BRA/BSR: as emit_branch_disp8_operand with range -0x1000..0xffe and a 12-bit field ((disp >> 1) & 0xfff) LOW HALF: returns 2 bytes; the stock code leaves a leftover in the high half (CONCAT22) and its only caller, assemble_instruction (through the format table), ORs the result into the 16-bit opcode_word.
0040e92e	emit_unsigned_imm8_operand	unsigned short emit_unsigned_imm8_operand(ea *op, int field_shift, int unused_3, int unused_4, short filno, unsigned int linno)	operand encoder for #imm of AND/OR/TST/XOR (register and .B @(R0,GBR) forms): value (FUN_0042df80) must fit 0..0xff (msg 0x133a); returns (value & 0xff) << field_shift; prints '#' and the expression LOW HALF: returns 2 bytes; the stock code leaves a leftover in the high half (CONCAT22) and its only caller, assemble_instruction (through the format table), ORs the result into the 16-bit opcode_word.
0040ea8b	emit_signed_imm8_operand	unsigned short emit_signed_imm8_operand(ea *op, int field_shift, int unused_3, int unused_4, short filno, unsigned int linno)	operand encoder for #imm of MOV/ADD/CMP/EQ: value must be -0x80..0x7f (msg 0x133a); an unresolved external symbol (label_ref with labno2 == -0x8000 and no next) gets an 8-bit relocation via FUN_00427769(..., 8, 0, 1), msg 0xa98 (severity 3) when out of range; returns (value & 0xff) << field_shift; prints '#' and the expression LOW HALF: returns 2 bytes; the stock code leaves a leftover in the high half (CONCAT22) and its only caller, assemble_instruction (through the format table), ORs the result into the 16-bit opcode_word.
0040ecf4	emit_trapa_imm8_operand	unsigned short emit_trapa_imm8_operand(ea *op, int field_shift, int unused_3, int unused_4, short filno, unsigned int linno)	operand encoder used only by TRAPA (format c300): the constant ea.disp (no labels) must fit 0..0xff (msg 0x133a); returns (disp & 0xff) << field_shift; prints '#' and the number LOW HALF: returns 2 bytes; the stock code leaves a leftover in the high half (CONCAT22) and its only caller, assemble_instruction (through the format table), ORs the result into the 16-bit opcode_word.
0040edd0	shcasm_main	void shcasm_main(int argc, char **argv)	(already named) argv[1] is the request record path (load_request_record_file(4, argv[1]), store_request_record_updates(argv[1])); argc unused. Also sets g_current_request_copy and runs FUN_00429060 (first layout pass) between load_intermediate_record_stream and run_assembler_passes; exits via FUN_004352e0(severity * 2 + 1)
0040ef41	store_request_record_updates	void store_request_record_updates(char *request_path)	(already named) request+0xac = DAT_0044a6dc; pool_free(section +0x18, 0x30) for each section of the request+0x24 list (next at +0x1c); request+0xe4/+0xe8 = DAT_0044bc5c/DAT_0044a8ea; store_request_record_file(4, path), msg 0x1325 on failure
0040f000	emit_debug_information	void emit_debug_information(void)	Existing name emit_final_object_file was wrong: run_assembler_passes calls it only for object output (request +0x12 == 1) with debug information (request +0x16). Closes the debug scopes, opens the .db1 (request +0x78) and .db2 (request +0x7c) temp files "rb", rewinds the line-range/stack-offset/register-map temp files, writes the object header (emit_object_header_and_tables) and translates the .db1 records (tags 0x32..0x50) into object debug records (s04).
0040f483	emit_object_header_and_tables	void emit_object_header_and_tables(void)	name kept (already given). Called by emit_final_object_file before its record loop. Appends (FUN_00402374 = append bytes to the stream-1 object record of a tag) tag 0x30: 'H' ('h' when request+4), word g_object_header_word, word g_section_count; one 10-byte tag-0x30 section entry per used section (section number from the section_group +0x18 table, u32 0, u32 size section_group->size[kind]; only group 0 kind 0 when g_program_has_content is 0) plus the extra section when g_extra_section_needed; the language tag as a counted string (C_SH / C++ tag by request+0x144); 12 date bytes YYMMDDhhmmss from the request's date text (+0xf0.., month via month_name_to_digits). Then tag 0x40: word 0x1001 (g_debug_word_1001), count of the request+0xec source-file list, per file id 1..count a 0 byte and the counted full path (FUN_0042ef50, else the stored name of length entry+6; message 0x1358 when an id is missing), word 0 terminator.
0040f97b	translate_scope_record	void translate_scope_record(void)	emit_final_object_file case 0x32 (body at g_temp_record_cursor). Byte 0: scope kind (low 7 bits; 0 compilation unit, 3 function, 4 and 9 inner blocks) with 0x80 = scope end. Begin: g_debug_scope_depth++, pushes the next child scope_node on g_scope_stack (g_scope_top++), writes tag 0x32: kind, request+4 byte, section number (symbol+0x1a of the function symbol g_debug_function_symbol via FUN_00427a7d; 0 for kind 0), u32 start, u32 size (end - start; for kind 0 the sum of the section_group sizes), a byte, a frame byte (0x80 + u32 return-address offset -(FUN_0042ec79 saved words*4+4) for a non-leaf, non-interrupt function; 0x40 interrupt; 0x60 + 4 bytes read from g_stack_offset_file for an interrupt with a stack switch, consuming one aux_record+0x1c count), then a word. Kind 3 then: emit_stack_offset_records, a kind-4 inner scope begin when request+4, FUN_00401000 (load the function's debug symbol and location tables) once per function (g_function_debug_loaded). A kind-3 begin while g_drop_function_debug is set instead skips temp records up to the next kind-3 scope record and frees the debug symbols (FUN_0040156c). End: g_debug_scope_depth--; kind 3 with request+4: emit_block_scope_records then an 0x84 end; pops the scope stack; writes the 1-byte end record; kind 3 frees the tables (FUN_0040156c, FUN_00401655) and clears g_function_debug_loaded.
0041013c	emit_block_scope_records	void emit_block_scope_records(void)	Called by translate_scope_record at a function's end (request+4 path). While the current scope_node has a child: push it, write a tag-0x32 block begin (kind 9, request+4 byte, function section number, u32 start, u32 size, 1, word 0x1001), then read (symbol id, location id) short pairs from g_block_symbol_file until id -1; for ids <= request+0xb4 or > request+0xb0 look up the debug_symbol (g_debug_symbol_hash, id % 0x7f) and debug_location (g_debug_location_hash) and write a tag-0x34 symbol record: kind byte + id, counted name, word +0xc, then if kind & 1 the location kind, u32 +0x10 and the location (u32 stack offset for kind 6, else counted register name "R%d" / "FR%d"), words +8, +0xa, 0x1001, and for kind 0xe two type bytes; then pop and write 0x89 (block end).
004106f1	emit_stack_offset_records	void emit_stack_offset_records(void)	Called by translate_scope_record at a function scope begin. Writes tag 0x3a: word (g_debug_function_symbol - 0xb6), u32 count = aux_record+0x1c of the function (FUN_00427a7d(g_debug_function_symbol)->aux_index into g_aux_record_table), then copies count 8-byte entries from g_stack_offset_file (FUN_0041e4b5 writes (address, stack offset) pairs there when the offset changes and increments aux+0x1c). Message 0xce6 on a read error.
0041080f	translate_debug_symbol_record	void translate_debug_symbol_record(void)	emit_final_object_file case 0x34. Byte 0 = kind<<1 | has_location, word symbol id (+0xb6 = symbol number; kind 3 sets g_debug_function_symbol), name length (the name itself is read from g_object_record_input). Location kinds 2/3/4 refer to an asm symbol (hash 0044ab30, number % 0x3fd): missing -> g_suppress_debug_record and g_drop_function_debug set; 2/4 write the symbol's section number (+0x1a) and value (+8); 2/3 add a separate record with the name prefixed '_'. Kind 0xe, or kind 0 with location 1/6: finds or creates the debug_symbol (FUN_0040cf00(0x20), g_debug_symbol_hash) and writes its location (6 = u32 stack offset, 1 = counted register name R%d / FR%d / DR%d). Then kind 7: byte + 2 or 3 u32; kind 8: counted bytes; word value-1 (also stored at debug_symbol+8), two words; kind 9: a byte; kind 0xe: type bytes from debug_symbol+0x1c (u32 or register name). Nothing is written while g_suppress_debug_record is set (cleared on entry when g_debug_group_depth is 0).
00411a0a	translate_tag4e_record	void translate_tag4e_record(void)	emit_final_object_file case 0x4e. Copies with byte swapping (FUN_0042ef70 u32, FUN_0042efb0 u16; host order -> big endian): u32, count byte, count x (byte, byte, u32, byte, u32), word; writes it under the input tag unless g_suppress_debug_record. What the record describes is not established.
00411b5d	translate_tag44_record	void translate_tag44_record(void)	emit_final_object_file case 0x44. Copies kind byte, u32 (swapped), byte, an extra word when kind is 10 or 11, then a word; writes under the input tag unless g_suppress_debug_record. What the record describes is not established.
00411c45	translate_short_tagged_record	void translate_short_tagged_record(unsigned int tag)	emit_final_object_file cases 0x36, 0x48, 0x4a, 0x4c, 0x50 (tag = the input record's tag byte). Except for 0x50 copies a leading byte and stops after it when the record's first byte has bit 0x80 (end form); 0x48 copies a second byte; then one word (swapped). Writes under the tag unless g_suppress_debug_record. Tag 0x36 nests: first byte 0 = begin (g_debug_group_depth++), else end (g_debug_group_depth--, at 0 clears g_suppress_debug_record).
00411d44	emit_spooled_tag38_records	void emit_spooled_tag38_records(void)	Called by emit_final_object_file after its record loop. Tag 0x38: word count (DAT_0044d8e4, entries spooled by FUN_0041fcb9), then per entry the 16-byte header read back from the temp file DAT_0044d8bc (opened by FUN_0041e360) and as many 4-byte items as the header's word at +0xe; then the word 0x1001. What the entries describe is not established (FUN_0041fcb9 builds them from the 0x18-byte list at DAT_0044bc64).
00411ea0	run_assembler_passes	void run_assembler_passes(void)	name kept (already given).
00412995	emit_object_module_header_record	void emit_object_module_header_record(void)	run_assembler_passes, object output only (request+0x12 == 1). Builds the tag-4 record in g_module_header_record (0x1c bytes): 0x20 (0x28 when request+0x2a), date YYMMDDhhmmss from the request date text, word 1, 0, "0200", 8, 0x20, 0x20, five zero bytes; then the counted module name (get_module_name) and the counted CPU name "SH" (pointer at 00443040), all under tag 4.
00412b7c	emit_object_unit_record	void emit_object_unit_record(void)	run_assembler_passes, object output only. Tag 6 from g_unit_record: 0x40, words g_section_count, DAT_0044bc5c, DAT_0044a8ea (the counts store_request_record_updates writes to request+0xe4 / +0xe8); the counted module name; the counted language tag (C / C++ by request+0x144); the 12 date bytes at g_module_header_record+1.
00412cda	emit_section_definition_record	void emit_section_definition_record(short kind, request_section *group)	run_assembler_passes calls it per used (group, kind) in section-number order (kind 0..3 = the four section kinds whose default names are request+0x50..+0x5c). Object output only: flushes, then tag 8 from g_section_record: 0x40, u32 0, u32 size group->size[kind] (Ghidra: short* param_2 + kind*2 + 4 = byte +8 + kind*4), u32 alignment (0x20 for kind 0 with request+0x13d & 8; 0x10 for kind 0 with request+0x14b; 8 for kind != 0 when request+0x18 == 4; else 4), attribute byte (0 kind 0 / 0x10 kinds 1..3), word 0xffc0; then the section name (FUN_00427d94) as length byte (FUN_00402180) + text.
00412e9e	emit_object_record_kind_table	void emit_object_record_kind_table(void)	run_assembler_passes, object output only. Writes the 0x1e-byte table at 00440d00 (request+0x16 set) or 00440d20 (not set) under tag 0: one byte per index, 0x80 or 0; the request+0x16 variant also marks indexes 0x0c..0x1a. Read as the record kinds present in the object, the debug kinds only with debug information (request+0x16 also gates emit_final_object_file); the code itself only copies the table.
00412eef	copy_to_counted_string	void copy_to_counted_string(char *out, char *text)	Copies the NUL-terminated text to out+1 and stores its length (one byte) in out[0]. Callers: emit_object_header_and_tables, emit_object_module_header_record, emit_object_unit_record (language tag, CPU name).
00412f3f	month_name_to_digits	void month_name_to_digits(char *out, char *month)	Writes the two ASCII digits of a 3-letter month name: Jan 01, Feb 02, Mar 03, Apr 04, May 05, Jun 06, Jul 07, Aug 08, Sep 09, Oct 10, Nov 11, anything else 12. Called with request+0xf3 (the month of the request's date text "dd Mmm yyyy hh:mm:ss" at +0xf0) by emit_object_header_and_tables and emit_object_module_header_record.
004130d6	get_module_name	void get_module_name(char *out)	Counted string (length byte + text) of the output file name request+0x3c without its directory (FUN_00434460; message 0x132e when it fails) and up to the first '.'. Callers: emit_object_module_header_record, emit_object_unit_record.
004131a0	open_output_stream	void open_output_stream(short stream)	run_assembler_passes: 3 when request+6 & 2 (listing), then 1 (request+0x12 == 1, object) or 2 (== 2, assembler source). Allocates the g_streams[stream] buffer (size at +0x10; stream 3's size = request+8 line width, 0x84 when 0, + 2; message 0xbcd); fopen(get_output_stream_path(stream), mode at +0x18: 1 "wb", 2 "w", 3 "a"; message 0xce4); state 1; cursor = end for an 'r' mode, else base. Stream 1: end -= 1 and two more (size-3)-byte buffers (g_object_data_buffer, g_object_stage_buffer, each with cursor and end). Stream 2: end -= 2, line filled with spaces, g_text_columns = line+0, +10, +0x16, +0x21. Stream 3: end -= 2, spaces, listing fields g_listing_section_field (+0), g_listing_location_field (+4), g_listing_code_field (+0xd), g_listing_mark_field (+0x18), g_text_columns = +0x1a, +0x24, +0x30, +0x3b; resets the code-overflow lines (DAT_0044bc54 = -1, DAT_00448230 = 0, DAT_0044bb28 = 10), g_listing_page = 0, g_listing_page_lines = request+0xc - 4.
00413626	get_output_stream_path	char *get_output_stream_path(short stream)	open_output_stream: request+0x3c for streams 1 and 2 (the output file), request+0x38 for 3 (the listing); other values return an uninitialised local (never passed).
00413695	close_output_stream	void close_output_stream(short stream)	run_assembler_passes at the end (3 when listing, then 1 or 2): frees the g_streams[stream] buffer (for stream 1 also g_object_data_buffer and g_object_stage_buffer) and fcloses it (message 0xce5).
0041371d	allocate_spool_buffer	void allocate_spool_buffer(void)	Called by FUN_0042926d. Allocates g_streams[0] (the "wb+" temp spool, 0x1000 bytes): cursor = base, end = base + size; message 0xbcd. Its FILE is created lazily by FUN_004138e9 (write a byte, FUN_0042f040) and FUN_0041399e flushes and rewinds it.
004137e8	read_spool_byte	short read_spool_byte(void)	Returns the next byte of the g_streams[0] spool, sign-extended, refilling the buffer with fread when the cursor reaches the end (message 0xce6). Callers: the per-op expanders FUN_00416ff0, 00419b8d (s06: expand_call), 0041a148, 0041a67b, 0041a982, 0041c4d9, 0041ca2c, 0041cd09, 0041d1e0, 0041d57a; s06 reads it as the branch-form byte stream.
004138e9	record_size_decision_byte	void record_size_decision_byte(char value)	appends one byte to g_buffered_streams[0] (the sizing-pass decision stream); when the 0x1000-byte buffer is full it creates the temp file on first use (FUN_0042f040 tmp file, msg 0xce4), writes the buffer out (FUN_0042ef00, msg 0xce7) and restarts at the buffer start. Callers (00420a51, 004218bd, 00421d5b, 00421ffd, 004227c2, 00422b68, 004281b0) call it only when their pass argument is 1 and write the branch/switch form they chose (0 short, 1/2/3 long forms; switch: 1 = 2-byte table) and the two bytes (FUN_0042efb0 byte swap) of a label number they just created with create_symbol_entry; the final pass reads them back with FUN_004137e8
0041399e	rewind_size_decision_stream	void rewind_size_decision_stream(void)	switches g_buffered_streams[0] from writing to reading: if it spilled to the temp file, writes out the bytes still buffered (msg 0xce7), sets cur = end (so the first FUN_004137e8 read refills) and seeks the file to 0 (FUN_00435430(f,0,0), msg 0x1356); otherwise resets cur to the buffer start. Only caller 00429605 (end of the sizing pass, closes other files)
00413a4a	free_size_decision_stream_buffer	void free_size_decision_stream_buffer(void)	clears g_buffered_streams[0].spilled and frees its buffer (FUN_00435290); called once from run_assembler_passes after the final pass. The temp file itself is not closed here
00413ab0	load_intermediate_record_stream	void load_intermediate_record_stream(char *path, request *req)	name kept (correct). Opens path (FUN_00435500, g_intermediate_file), allocates the symbol table (request +0xac entries x 0x2c, g_symbol_table) and the section table (request +0x110 entries x 0x44, g_section_table), clears the 0x3fd-bucket hash g_symbol_hash; reads records by a 1-byte header (low 5 bits kind, bits 0xc0 flags): kinds 1..5,7..0xb are symbols (8 bytes: id, aux word, position; a length-prefixed name for kind > 4; attribute byte + extra byte for kind > 6), 0xc a section (many fields, a list of 0x10-byte nodes, name; copies name/section index/attributes to the symbol of the same id), 0xd end (reads g_next_label_number), 0xe three header fields; msg 0x131a/0x131b/0x131c on bad input. request is the loaded request record; kept int since no struct exists for it
00414647	read_intermediate_bytes	void read_intermediate_bytes(char *buf, unsigned int size)	FUN_0042eea0(g_intermediate_file, buf, size) (fread-like), msg 0xce6 on -1; callers load_intermediate_record_stream and read_intermediate_string
00414686	read_intermediate_string	char *read_intermediate_string(void)	reads a 1-byte length then that many bytes into a 0x100-byte string pool chunk (g_string_pool_chunk/_cursor/_end; a new chunk from FUN_00435050(0x100) when it does not fit, msg 0xbcd), NUL-terminates; returns the string, 0 for length 0 (names are length-prefixed in .asb; notes/shcasm.md)
00414765	find_symbol_entry_by_id	symbol *find_symbol_entry_by_id(short id)	walks g_symbol_hash[id % 0x3fd] following +0x14 until +6 == id; returns 0 if absent. Caller load_intermediate_record_stream (kind 0xc: msg 0x131b when missing). Return type: int if symbol_entry (types_proposal.h) is not adopted
004147c0	read_next_scheduled_pipeline_record	psd *read_next_scheduled_pipeline_record(psd *rec)	name kept (correct). Returns 0 with g_pipeline_end_of_stream set when the window is empty (last index -1) or the end was reached; else runs pipeline() first if g_pipeline_reload_pending, copies the head entry's record (g_pipeline_first_scheduled) to rec, release_pipeline_entry_successors, advances along pipeline_entry.next (-2: list now empty), clear_pipeline_entry_and_dependencies, schedule_pipeline_window, run_pipeline_until_stable, counts g_pipeline_drained_count; returns rec. Caller read_next_backend_record uses the result as a pointer
004148e2	pipeline	void pipeline(void)	name kept (the stage's own name: "pipetbl dump after pipeline()"). load_pipeline_window; on 0, or when the input ended (no lookahead record and no C_JMP), sets g_pipeline_input_exhausted; when the last window entry is a branch/RTS/RTE/TRAPA (0x8e,0x90..0x9a,0x9e), the window ended with C_JMP (g_pipeline_window_ended_at_c_jmp, cleared here) or the lookahead record is a label (0x18..0x1b), sets g_pipeline_window_ends_block; then mark_pipeline_tail_barrier, build_pipeline_dependency_graph, schedule_pipeline_window, run_pipeline_until_stable, optional dump (request +0x13c & 8)
00414aa0	load_pipeline_window	pipeline_entry *load_pipeline_window(void)	name kept (correct). Returns the last entry it filled (pipeline() reads its op byte), 0 when none (Ghidra: undefined *, pointer width kept). reset_pipeline_state; takes g_pipeline_lookahead_record or reads one (read_next_backend_record(..,1)); leading labels (0x18..0x1b), then records up to a branch/label/C_JMP/B_ASM (max 32); a branch joins the window and the next record becomes the lookahead; a C_JMP joins and sets g_pipeline_window_ended_at_c_jmp; other stoppers become the lookahead; sets g_pipeline_window_last_index, compute_pipeline_operand_masks, compute_pipeline_opcode_masks_and_flags
00414f9f	compute_pipeline_opcode_masks_and_flags	void compute_pipeline_opcode_masks_and_flags(void)	name kept, but it computes the DESTINATION side: the operand named by g_pipeline_op_written_operand (1 ea1, 2 ea2) goes to setreg when a register operand, else to refreg with flags 0x4000 (memory written; @-Rn/@Rn+ also set the base register); op-implied: MUL/MULS/MULU/MAC/CLRMAC set word-1 bits 0x0043ce0c|0x0043ce10 (MACH/MACL in the pre-SH-4 numbering 0x44/0x45); SLEEP/TAS/PREF/B_ASM/C_JMP, psd.flg & 0x80, and LDC to SR/VBR set every bit and 0x4000; g_pipeline_op_t_bit_use bit 0 sets T (word-1 bit 31), bit 1 reads it; g_pipeline_op_fpu_flags bit 0 sets word-1 bit 6; writing R15 sets 0x4000. Clearer: compute_pipeline_destination_masks (optional rename)
00415412	compute_pipeline_operand_masks	void compute_pipeline_operand_masks(void)	name kept, but it computes the SOURCE side: operands named by g_pipeline_op_read_operands (1: ea1; 2: ea2 and ea1) go to refreg; a memory source (not kinds 1,5,6,0xf,0x10,7, not MOVA 0x44, not PC-relative kind 10) sets flags 0x8000; @-Rn/@Rn+ also go to setreg; FMAC (0xcc) also reads FR0 (0x0043ce40 = bit of register 0x10). Clearer: compute_pipeline_source_masks (optional rename)
004156e9	accumulate_operand_register_mask	void accumulate_operand_register_mask(unsigned int *mask, ea *operand)	name kept. ORs the base register (and the index register of kinds 9 @(R0,Rn) and 0xc @(R0,GBR)) of a non-immediate operand into mask[0] (registers < 0x20, g_register_bit_masks) or mask[1] (registers >= 0x20 via 0x0043ccfc + reg*4: laid out for the pre-SH-4 numbering, so 0x61..0x73 read unrelated globals; the known MACL bug, notes/shcasm.md). param_2 was byte *: callers pass &rec.ea1->type, i.e. the ea itself
004157b7	reset_pipeline_state	void reset_pipeline_state(void)	name kept (correct). Clears first/last scheduled (-1), end/reload/exhausted/ends-block flags, g_pipeline_window_last_index = -1, g_pipeline_hold, edge count, drained count, g_pipeline_load_result_regs, and every window entry (op 0, masks, flags, depend/next -1, count 0)
004158f9	mark_pipeline_tail_barrier	void mark_pipeline_tail_barrier(void)	name kept (correct). When the window has more than one entry and its last entry is a branch/JSR/RTS/RTE/TRAPA/B_ASM, sets its setreg to all ones and flags |= 0x4000 so every other entry is ordered before it
00415a50	build_pipeline_dependency_graph	void build_pipeline_dependency_graph(void)	name kept (correct). For each entry from the last back, for each of the 0x2a mask bits it sets or reads: an edge from the nearest earlier entry that sets that bit; for each bit it sets: edges from every earlier entry that reads it; memory-read (0x8000) or barrier (0x4000) entries follow the nearest earlier barrier; barrier entries follow every earlier memory-read entry. Reads setreg/refreg through raw addresses 0x448ca8/0x448cb0 (g_pipeline_window[i].setreg/refreg)
00415d7a	add_pipeline_dependency_edge	void add_pipeline_dependency_edge(short from, short to)	name kept (correct). Appends an edge (entry = to) to from's depend list unless present, from < 0 or g_pipeline_edge_count reached 0x3e0; increments g_pipeline_window[to].count
00415edd	schedule_pipeline_window	void schedule_pipeline_window(void)	name kept (correct). Repeats passes over the ready entries (count 0, next -1, op != 0) committing each that can_schedule_pipeline_entry_now accepts, until a pass refuses as many as the pass before; if nothing has been scheduled, commits the first ready entry regardless
00416032	pipeline_entry_uses_memory_stage	int pipeline_entry_uses_memory_stage(int index)	1 when the entry is MUL/MULS/MULU or either operand is a memory operand (not kinds 1,5,6,0xf,0x10,7), else 0. Only caller can_schedule_pipeline_entry_now, which pairs it with g_pipeline_code_offset mod 4 (instruction fetch vs memory access slot). Ghidra undefined4; the caller compares the whole value with 0
00416200	can_schedule_pipeline_entry_now	int can_schedule_pipeline_entry_now(int index)	name kept (correct). 0 when: it uses a register the previous memory record loads (g_pipeline_load_result_regs; FPU ops with a register destination exempt); MAC is busy (g_pipeline_mac_busy) and it is MUL/MULS/MULU/MAC or LDS/STS MACH/MACL; an FDIV/FSQRT is busy and it is an FPU op (0xb0..0xdf); or (not a label/C_JMP/B_ASM) its memory-stage use does not suit the slot: memory use at offset mod 4 != 0, none at offset mod 4 == 0. Else 1. Ghidra undefined4; the caller compares with 0
00416574	release_pipeline_entry_successors	void release_pipeline_entry_successors(short index)	for every edge on the entry's depend list decrements the successor's count; msg 0x1342 (successor's filno/linno) when it goes negative. Only caller read_next_scheduled_pipeline_record, on the entry being drained (notes/shcasm.md: "unnamed 0x416574 dependency-count walk")
0041664d	clear_pipeline_entry_and_dependencies	void clear_pipeline_entry_and_dependencies(short index)	name kept (correct). Unlinks the entry's edges (entry/next -1) and resets the entry as reset_pipeline_state does
00416754	commit_scheduled_pipeline_entry	void commit_scheduled_pipeline_entry(int index)	name kept (correct). Links the entry after g_pipeline_last_scheduled (next -2 = last); labels (0x18..0x1b): reset the hazard state and seed g_pipeline_code_offset from the low byte of the label symbol's position (FUN_00427a7d(...)+8); branches/JSR/RTS/RTE/TRAPA +4 (with delay slot), B_ASM pads to 0 mod 4, C_JMP nothing, others +2; MUL..MAC set g_pipeline_mac_busy = 2, LDS/STS MACH/MACL clear it, others count it down; FDIV/FSQRT set their busy counter to 4, non-FPU ops count both down, other FPU ops clear them; g_pipeline_load_result_regs = its setreg when it accesses memory through ea1 or is an FPU op, else 0
00416beb	refill_pipeline_when_drained	void refill_pipeline_when_drained(void)	Existing name run_pipeline_until_stable: it does not loop. When the window is drained (no scheduled entries, g_pipeline_hold 0): sets g_pipeline_reload_pending when the window ended a block, g_pipeline_drained when the stream ended, else loads and schedules the next window (pipeline()).
00416c6e	dump_pipeline_table	void dump_pipeline_table(void)	name kept (correct): prints "tbl[%d]:%s :refreg=..." / "flags=%04x, count=%d, next=%d" / "depend =" for every window entry
00416e00	create_symbol_entry	symbol *create_symbol_entry(unsigned char kind, unsigned char flags, short id)	allocates a 0x2c-byte symbol entry from chunks of 0x588 bytes (8-byte header + 32 entries; g_created_symbol_chunks; FUN_00435050, msg 0xbcd), zeroed; sets kind (+0), flags (+1), id (+6); appends it to its g_symbol_hash chain (+0x14); counts it (chunk +0 entries in chunk, first chunk +2 total). Callers: sizing-pass label creation (kind 2, id = ++g_next_label_number, then record_size_decision_byte of the id) 00420a51 004218bd 00421d5b 00421ffd 00422b68; kind 0xf 004281b0; kind 0xb flags 0x80 00401a14; they fill +8,+0xa,+0xc,+0x10,+0x18 through the result. Ghidra returned short *; keep short * if symbol_entry is not adopted
00416ff0	expand_switch_jump	void expand_switch_jump(psd *rec)	emit_final_asm_record_stream's OP_C_JMP case: expands a switch record into code: index -= low bound (int at +0x10; ADD #-low, or MOVI+SUB outside -0x7f..0x80), MOVI #range (int at +0x14) / CMP/HS / JUMPT to the default label (short at +0x0e), SHLL (2-byte table) or SHLL2 (4-byte) chosen by the size byte read back with FUN_004137e8, table address by MOVI label (non-PIC) or MOV + MOVA (request +0x18 != 0), MOV @(R0,Rn), ADD, JMP or BRAF, NOP after BRA/JMP/BRAF/BT_S/BF_S; records built in g_switch_code_records (FUN_0041e2b5/FUN_0041e30b), printed (FUN_0040d7d0; labels FUN_004262e0); then emit_switch_table. The C_JMP record holds ints in the ea1/ea2 slots (+0x10/+0x14) and a label number in the linno slot (+0x0e)
0041793f	emit_switch_table	void emit_switch_table(short table_label, short base_label, int short_entries)	pads by 2 bytes (.RES, offset 0x00447cf0 mod 4) when entries are long or position-independent, emits the table label (FUN_004232ef), reads the table header from g_backend_record_file (1 byte, 2-byte entry count, 2 bytes) and calls emit_switch_table_entry per entry. short_entries = the sizing-pass size byte (1: .DATA.W, 0: .DATA.L)
00417bfa	emit_switch_table_entry	void emit_switch_table_entry(short table_label, short base_label, int short_entries)	reads one entry (1 byte, 2-byte case label) from g_backend_record_file and emits it: object output (request +0x12 == 1): the label address (FUN_00427769 relocation) for a long non-PIC table, else label position minus table_label (minus base_label when PIC) through FUN_00402227; listing: ".DATA.L/.W label[-table_label|-base_label]"; advances the section location counter (0x0043cef8[section]) by 2 or 4
00418033	expand_enter_prologue	void expand_enter_prologue(psd *rec)	read_next_backend_record's OP_ENTER case. Looks up the current function (symbol of g_current_function_label, its aux_index +0x10) in g_aux_record_table (0x44-byte aux_record) and appends the prologue to g_expanded_records (g_expanded_record_count++), each record filled by FUN_0041e2b5 (psd: op, flg 2, expno/filno/linno of rec) with operands from FUN_0041e30b (new ea). Interrupt function with a stack switch (flags 0x4000 and a 0x1800 kind): mov.l r0,@-r15; the new stack value by kind (0x1000: mov.l @(sym,GBR),r0 or mov #sym + mov.l @r0,r0; 0x1800: stc gbr,r0 + add #sym; else MOVI via FUN_0041cd09 of stack_value); mov.l r15,@-r0; mov r0,r15. Then mov.l Rn,@-r15 per saved_regs bit (R15 down to R0; R14..R1 when switched), fmov FRn,@-r15 per saved_regs2 (op 0xb0, reg 0x10+n), sts.l PR (unless flags 0x8000), MACH (+0x17 bit 1), MACL (+0x17 bit 0), FPUL (+0x08 bit 0), FPSCR (+0x08 bit 1) (op 0x9d STS); then add #-frame_size,r15 (op 0x60) if frame_size <= 0x80, else MOVI #-frame_size,r0 + add r0,r15 and, when request+0x16 is set, a stack_adjust_node(-frame_size) appended to g_stack_adjust_list.
00418df8	expand_exit_epilogue	void expand_exit_epilogue(psd *rec)	OP_EXIT case (also called by expand_return). Mirror of expand_enter_prologue: add #(frame_size + sp_adjust),r15 (aux +0x00 plus +0x24; MOVI to r1 + add r1,r15 when >= 0x80, recorded in g_stack_adjust_list under request+0x16); lds.l @r15+ (op 0x8d) for FPSCR, FPUL, MACL, MACH, PR; fmov @r15+ per saved_regs2 from FR0 up; mov.l @r15+,Rn per saved_regs from R0 up (R1..R14 when the stack was switched, then r15 and r0 popped); then RTS (0x96), RTE (0x8e) for an interrupt function (flags 0x4000), or TRAPA #aux+0x16 (0x9e) for flags 0x4000|0x2000. Marks the record before the return with flg 0x40 (delay-slot candidate; read_next_backend_record holds such records back until after the next branch) when request+4 is set, the function is not an interrupt one, and something was restored. Unless rec->flg & 0x10, reads one .lit byte from g_lit_input and sets flg 0x10 (literal pool follows) on the last record when it is 1.
00419a19	expand_return	void expand_return(psd *rec)	OP_RETURN case. FUN_0042ec79 (saved register word count of the function) < 2: builds a local EXIT record (op 0x21, flg 2|0x10) and calls expand_exit_epilogue (inline epilogue); otherwise builds a JUMP record (op 0x24, tmp register 1, ea1 taken over from rec->ea1, which is cleared) and calls expand_jump (jump to the shared epilogue). Then the same .lit byte -> flg 0x10 step on the last expanded record; the inner calls get flg 0x10 so they do not read it themselves.
00419b8d	expand_call	void expand_call(psd *rec)	OP_CALL case. Call form from the branch-form byte stream (FUN_004137e8): 0 = bsr label (0x93, ea1 = rec->ea1 taken over); 1 = mov.w (flg 1, when FUN_0042ded3 says the target fits the word table) or mov.l @(disp,PC),Rtmp of the target address + jsr @Rtmp (0x95); 2 = mov.l @(disp,PC),Rtmp of a PC-relative distance to a new label (read as 2 bytes, byte-swapped by FUN_0042efb0) + a LABEL record + bsrf Rtmp (0x99). Literals go into g_word_literal_table / g_long_literal_table (FUN_0042d8fa find, FUN_0042dc08 add, FUN_004282e6 index); the operand is @(disp,PC) (ea type 10, base 0x6b) referring to g_literal_pool_label, read from the stream when both tables are empty. Rtmp = rec->tmp. When request+0x16 is set and the target is a runtime routine id <= 0xb6 with a nonzero g_runtime_routine_stack_adjust entry, appends it to g_stack_adjust_list and gives the jsr/bsrf flg 6.
0041a148	expand_jump	void expand_jump(psd *rec)	OP_JUMP case (also called by expand_return and expand_conditional_jump). Same three forms as expand_call: 0 = bra label (0x92); 1 = literal load + jmp @Rtmp (0x94); 2 = PC-relative literal + LABEL + braf Rtmp (0x9a). Then the .lit byte -> flg 0x10 step unless rec->flg & 0x10.
0041a67b	expand_conditional_jump	void expand_conditional_jump(psd *rec)	OP_JUMPT / OP_JUMPF case (Ghidra typed the parameter char *; it is the record: *rec == '%' tests op == OP_JUMPT). Branch form from FUN_004137e8: 0 = bt/bf label (0x91/0x90); 2 = bt/s / bf/s label (0x97/0x98); otherwise the inverted branch (form 1: bf/bt, else bf/s / bt/s) over a new label read from the stream, a JUMP record (tmp = rec->tmp, flg 0x10) expanded by expand_jump, and a LABEL record for the new label.
0041a982	expand_move_local	void expand_move_local(psd *rec)	OP_MV_LOC case: load (misc & 0x80 clear: ea1 the local, ea2 the register) or store (misc & 0x80: ea1 the register, ea2 the local) of a stack local. Offset from r15 = FUN_0042b20a(local disp, rec->sptravel, 2). Register 0x10..0x1f -> fmov (0xb0), else mov (0x40) of size rec->flg & 3. Forms: offset 0 -> @r15; tmp == 0 and 0 < offset < 16<<size, not FP -> @(disp,r15) (through r0 for a byte/word to a register other than r0); tmp == 0 otherwise -> r0 = offset (mov #imm, or a word/long literal as in expand_call) and @(r0,r15); tmp != 0 -> Rtmp = r15 + offset (mov r15 + add #imm, or literal + add r15) and @Rtmp. Carries rec->flg 0x40 (delay-slot candidate) to the last expanded record.
0041c4d9	expand_mva_lc_record	void expand_mva_lc_record(psd *rec)	OP_MVA_LC (0x27) handler of read_next_backend_record (only caller): turns "address of a frame local" into instructions queued in g_expanded_records (count g_expanded_record_count). offset = FUN_0042b20a(rec->ea1->disp, rec->sptravel, 2) (frame offset from the current function's frame record). offset 0: MOV R15,Rn (ea2 moved from rec, rec->ea2 cleared), and when request+0x13d & 4, rec is not a delay-slot record (flg 0x40) and Rn is R0, a NOP after it (both flg |= 0x80). -128..127: MOV R15,Rn; ADD #offset,Rn. Otherwise MOV.W (flg 1, fits 16 bits, g_word_literal_pool) or MOV.L (flg 2, g_long_literal_pool) @(disp,PC),Rn with the offset entered in the literal pool (FUN_0042d8fa find / FUN_0042dc08 add / FUN_004282e6 index; g_literal_pool_label read from the .lit stream by FUN_004137e8 when both pools are empty), then ADD R15,Rn. A delay-slot rec (flg & 0x40) passes 0x40 on to the last queued record. Operands from alloc_ea_operand, records from set_psd_record
0041ca2c	expand_mva_pc_record	void expand_mva_pc_record(psd *rec)	OP_MVA_PC (0x28) handler of read_next_backend_record: reads one selector byte from the .lit stream (FUN_004137e8): 0 -> MOVA @(disp,PC),R0 (op 0x44; ea1 = new @(disp,PC) operand, kind 10 base PC 0x6b, with rec->ea1's disp and labels; ea2 moved from rec); 2 -> MOV.W/MOV.L @(disp,PC),Rn loading the address from the word/long literal pool (word when no labels and the value fits 16 bits), same literal-pool steps as expand_mva_lc_record; 1 (or other) -> nothing queued (the record goes on unchanged)
0041cd09	expand_movi_record	void expand_movi_record(psd *rec)	OP_MOVI (0x2a) handler: read_next_backend_record, and FUN_00416ff0 (C_JMP), FUN_00418033 (ENTER), FUN_00418df8 (EXIT), expand_fprset_record on psd records they build. Immediate fits 8 bits with no labels, or FUN_0042df28(labels) == 1 -> MOV #imm,Rn (op 0x40, rec->ea1 reused as source); else MOV.W (fits 16 bits, FUN_0042ded3 == 1 or FUN_0042df28 == 2) / MOV.L @(disp,PC),Rn from the word/long literal pool (same steps as expand_mva_lc_record). When rec->misc & 0x40 and size (flg & 3) != 2, EXTU Rn,Rn follows (op 0x7c, flg = rec->flg & 3). Delay-slot flag 0x40 moved to the last queued record. shcasm.md's _init_slow_flag probes call it the 0x2a helper
0041d1e0	expand_movif_record	void expand_movif_record(psd *rec)	OP_MOVIF (0x2c) handler of read_next_backend_record: loads a float constant. The 32-bit pattern (rec->ea1->disp) goes in the long literal pool; rec->tmp is a scratch register: tmp == R0 -> MOVA @(disp,PC),R0 then FMOV.S @R0,FRn (op 0xb0, ea1 kind 2 @R0); tmp != R0 -> MOV.L @(disp,PC),Rtmp, LDS Rtmp,FPUL (op 0x8d, kind 0xf FPUL 0x67), FSTS FPUL,FRn (op 0xde). Delay-slot flag 0x40 moved to the last queued record
0041d57a	expand_mva_fc_record	void expand_mva_fc_record(psd *rec)	OP_MVA_FC (0x2b) handler of read_next_backend_record: PC-relative (position independent) symbol address. Reads from the .lit stream a 2-byte local label number (big-endian via FUN_0042efb0), a 1-byte placement selector, then (pools empty) the pool label. Queues MOV.L @(disp,PC),Rn whose literal is symbol - local label (label_ref labno1 = rec->ea1->labels->labno1, labno2 = -local label, added to the long pool), MOVA @(0,PC),Rtmp referring to the local label (Rtmp = rec->tmp), the LABEL record (op 0x18, label number in the ea1 field) before (selector 0) or after (selector 1) ADD Rtmp,Rn
0041d95e	expand_fprset_record	void expand_fprset_record(psd *rec)	OP_FPRSET (0x2e) handler of read_next_backend_record: switches FPU precision. STS FPSCR,Rs (op 0x9d; ea1 kind 0x10 FPSCR 0x68; Rs = rec->ea1->base); MOVI 0x80000 (PR) when rec->flg & 3 == 3 (double) else 0xffe7ffff (clears PR and SZ) into Rt = rec->ea2->base, expanded by expand_movi_record on a local psd; OR Rt,Rs (0x81) or AND Rt,Rs (0x80); LDS Rs,FPSCR (0x8d). Delay-slot flag 0x40 moved to the last queued record. Ghidra split the local psd into local_20[16] + local_10/local_c (its ea1/ea2)
0041dd07	expand_extld_record	void expand_extld_record(psd *rec)	OP_EXTLD (0x30) handler of read_next_backend_record: loads the extended FP bank: FRCHG (0xee, no operands); 16 x FMOV.S @Rn+,FRi (op 0xb0, ea1 kind 4 @Rn+ on rec->ea1->base, ea2 FR0..FR15 = 0x10+i); FRCHG. Delay-slot flag 0x40 moved to the last queued record
0041deea	expand_extst_record	void expand_extst_record(psd *rec)	OP_EXTST (0x31) handler of read_next_backend_record: stores the extended FP bank: FRCHG; ADD #64,Rn (Rn = rec->ea2->base); 16 x FMOV.S FRi,@-Rn for i = 15..0 (ea2 kind 3); FRCHG. Delay-slot flag 0x40 moved to the last queued record
0041e15b	expand_mov_to_r0_with_nop	void expand_mov_to_r0_with_nop(psd *rec)	read_next_backend_record calls it for OP_MOV Rm,R0 (both operands kind 1, destination R0) when request+0x13d & 4 and the record is not a delay-slot record: queues MOV Rm,R0 (fresh register operands; expno/filno/linno copied) and a NOP (0x88), both flg |= 0x80 (the same NOP-after-R0-write rule as expand_mva_lc_record)
0041e2b5	set_psd_record	void set_psd_record(psd *rec, unsigned char op, unsigned char flg, char misc, char tmp, int sptravel, int expno, short filno, unsigned short linno)	fills a backend record's header field by field (+0 op, +1 flg, +2 misc, +3 tmp, +4 sptravel, +8 expno, +0xc filno, +0xe linno); ea1/ea2 untouched. op holds a psd_op (1 byte). 17 callers: the per-op expanders (record g_expanded_records + count*0x18, or a local psd)
0041e30b	alloc_ea_operand	ea *alloc_ea_operand(unsigned char type, unsigned char base, unsigned char index, int disp, label_ref *labels)	FUN_0040cf00(0xc) (size-class allocator), fills +0 type, +1 base (reg), +2 index (reg, 0xff none), +4 disp, +8 labels. Callers pass (1, reg, 0xff, 0, 0) for Rn, (7, 0xff, 0xff, imm, 0) for #imm, (10, 0x6b, 0xff, disp, labels) for @(disp,PC). 16 callers (the expanders). shcasm.md calls it the generic synthetic operand constructor
0041e360	init_debug_info_state	void init_debug_info_state(void)	run_assembler_passes calls it when request+0x16 (debug information): clears g_line_range_count and g_scope_depth, allocates the two root range nodes (FUN_0040cf00(0x10)) at g_scope_stack[0] and [1] (the second as the first's child +0xc, start 0); when request+4 != 0 opens request+0x80 "rb" as g_debug_variable_input; creates three temp files (FUN_0042f040): g_line_range_temp, g_stack_offset_temp, g_register_map_temp (fatal 0xce4 on failure). emit_final_object_file rewinds/closes the same files
0041e4b5	update_debug_info_for_record	void update_debug_info_for_record(psd *rec)	called for every emitted record (and the delay-slot record) by emit_final_asm_record_stream and FUN_00416ff0 when request+0x16. At a label (op 0x18..0x1b) or the record after BF/BT (g_debug_prev_op 0x90/0x91; BT/S and BF/S are remembered as 0x91 so the record after their delay slot counts) a range ends: with request+4, close_debug_scope_range(.., update_register_variable_map()); at an FLABEL (0x1b) the previous function is finished (flush_register_variable_map, free_expno_register_variable_table, two close_debug_scope_range) and g_current_function_label = the label (ea1 field). flush_source_line_ranges(0). Then a range begins: FLABEL -> load_function_register_variable_map + two open_debug_scope_range(0), g_stack_pointer_offset = 0; other labels -> g_stack_pointer_offset recomputed from the function_frame record (-frame size - rec->sptravel - 4*saved regs (FUN_0042ec79) - 4 unless flags 0x8000) and, if changed, (pc, offset) written big-endian to g_stack_offset_temp and counted in frame +0x1c; after a branch -> open_debug_scope_range(1). Then record_source_line_range(rec), track_stack_pointer_offset(rec); with request+4 and rec->expno != 0 counts the expno in g_expno_use_list (descending; 0xc nodes). Updates g_debug_prev_op
0041e8b5	open_debug_scope_range	void open_debug_scope_range(int at_previous_insn)	BBGN handler of emit_final_asm_record_stream (request+0x16), also update_debug_info_for_record: allocates a 0x10 debug_range node (start +0, end +4, next sibling +8, first child +0xc). If the node on top of g_scope_stack has no child it becomes the first child (g_scope_saved_sibling = 0), else it is linked after the child still at g_scope_stack[depth+1] (its +8) and g_scope_saved_sibling = that child. Pushes it (g_scope_depth + 1); start = g_location_counter, - 2 when at_previous_insn (the triggering instruction is already emitted)
0041e984	close_debug_scope_range	void close_debug_scope_range(int at_previous_insn, int merge_with_previous)	BEND handler of emit_final_asm_record_stream, also update_debug_info_for_record and emit_final_object_file: when merge_with_previous (update_register_variable_map returned 1, map unchanged) and g_scope_saved_sibling, the node just opened is dropped (saved->next freed with FUN_0040d5cb(.., 0x10)) and the saved sibling is extended instead. Sets the top node's end: g_location_counter (- 2 when at_previous_insn); with request+4 and at_previous_insn 0, if the function symbol's section (+0x1a) differs from g_current_section or the counter is 0, the end of the function's section (FUN_00428140(request, symbol +0x18) -> +0x18 -> +8). Pops (g_scope_depth - 1)
0041eaa6	load_function_register_variable_map	void load_function_register_variable_map(void)	at an FLABEL (update_debug_info_for_record, request+4): reads g_debug_variable_input (host byte order) up to the current function: per function u16 key (symbol id - 0xb6), u16; entries until a u16 variable == 0: u16 variable, u16, u8, u16 n, n x u16 (registers), u16 m, m x (u32 first expno, u32 last expno); then u16. Other functions' records are skipped. For the current function it allocates g_expno_register_variables (FUN_00435550(1, (count+1)*4); count = frame record +0x20, the expno count) and adds an 8-byte register_variable node (next, +4 register, +6 variable) per register of a variable to every expno of its ranges (all expnos 1..count when m == 0), unless that expno already lists the variable. Fatal 0xce6 on read error, 0xbcd on allocation failure
0041f2f6	free_expno_register_variable_table	void free_expno_register_variable_table(void)	frees the 8-byte node lists of g_expno_register_variables for expnos 1..count (frame record +0x20 of g_current_function_label's function) and the array (FUN_00435290 = HeapFree), clears the pointer. Callers update_debug_info_for_record (FLABEL), emit_final_object_file
0041f3aa	update_register_variable_map	int update_register_variable_map(void)	at the end of a range (update_debug_info_for_record, emit_final_object_file; request+4): for the expnos counted in g_expno_use_list gathers the (register, variable) nodes of g_expno_register_variables into g_register_candidates (0x10 nodes: +4 register, +6 variable, +8 weight = summed use counts, +0xc alternative variable for the same register) and frees the use list; per register keeps the heaviest variable -> g_new_register_variable_map. If a register there holds a different variable in g_register_variable_map: writes the old map to g_register_map_temp (4-byte entries register,variable; then 0xffff), makes the new map current, returns 0. Otherwise merges the new entries into the current map, returns 1 (unchanged). Callers pass the int whole to close_debug_scope_range
0041f891	flush_register_variable_map	void flush_register_variable_map(void)	end of function (update_debug_info_for_record at FLABEL, emit_final_object_file): writes g_register_variable_map to g_register_map_temp (4-byte entries, then 0xffff), frees the nodes and clears it; if the map is empty instead frees the first child (+0xc) of the range node on top of g_scope_stack and clears that link
0041f9ba	record_source_line_range	void record_source_line_range(psd *rec)	from update_debug_info_for_record: maintains g_source_line_list (0x18 source_line_range nodes: next, +4 filno, +6 linno, +8 section = g_current_section, +0xa call count, +0xc start, +0x10 end, +0x14 call sites). FLABEL with a line: new node [pc, pc+2] unless it repeats the last. Instruction (op >= 0x40) with a line: extends the matching (filno, linno) node's end to the location counter, or appends a node starting at pc-2 (pc-4 for a delay-slot record, flg 0x40). JSR/BSR/BSRF (0x95/0x93/0x99) add an 8-byte call-site node (pc-2) and count it
0041fcb9	flush_source_line_ranges	void flush_source_line_ranges(int flush_all)	writes g_source_line_list to g_line_range_temp: 16 bytes big-endian (FUN_0042efb0 / FUN_0042ef70): filno-1, linno, section, start, end, call count; then each call site (4 bytes); frees nodes (0x18) and call sites (8). flush_all 0 keeps the last node (it can still grow). Counts records in g_line_range_count (fatal 0xc82 at 0xffff). Callers update_debug_info_for_record (0), emit_final_object_file (1)
0041feb9	track_stack_pointer_offset	void track_stack_pointer_offset(psd *rec)	from update_debug_info_for_record, for instructions (op >= 0x40): the change of R15 by ADD #imm,R15 / ADD Rm,R15 (value popped from g_sp_adjust_values, which read_next_backend_record fills from the last MOVI) / SUB the same negated / JSR or BSRF with flg & 4 (pops a value, negated); an @R15+ source +4, an @-R15 destination -4. When non-zero, g_stack_pointer_offset += change and while it is <= 0 writes (pc, offset) big-endian to g_stack_offset_temp and increments frame record +0x1c. Functions whose frame flags have 0x4000 and 0x1800 and no record yet only log the pc of MOV R0,R15
004202b1	emit_line_directive_for_record	void emit_line_directive_for_record(psd *rec)	emit_final_asm_record_stream calls it for each record (and the pending delay-slot record before a branch) when request+0x34 == 1 (assembler source output): at a label (0x18..0x1b) or after BF/BT (g_line_directive_prev_op; BT/S, BF/S remembered as 0x91) forgets the remembered lines (free_line_directive_list(0)); then emit_line_directive_if_new(rec); updates g_line_directive_prev_op. Same shape as update_debug_info_for_record's head
00420348	emit_line_directive_if_new	void emit_line_directive_if_new(psd *rec)	FLABEL, or instruction (op >= 0x40), with a source line (linno != 0): if the (filno, linno) pair is not in g_source_line_list yet, appends a 0x18 node and prints .LINE "file",line via FUN_00426d1d (s__LINE_00441e50; file name from the request+0xec list). An FLABEL whose pair equals the last node is skipped
00420565	free_line_directive_list	void free_line_directive_list(int free_all)	frees the 0x18 nodes of g_source_line_list (FUN_0040d5cb(node, 0x18)); free_all 0 keeps the last node. Callers emit_line_directive_for_record (0), run_assembler_passes (1, when request+0x34 == 1)
00420610	free_ea_operand	void free_ea_operand(ea *op)	NULL-safe: frees the operand's label_ref list (8-byte nodes) then the 0xc-byte ea (FUN_0040d5cb). Callers emit_final_asm_record_stream (ea1/ea2 of each printed record and of the delay-slot record), FUN_00416ff0
00420670	compute_enter_expansion_size	void compute_enter_expansion_size(layout_record *item, int pass)	OP_ENTER (0x20, case ' ') of the layout passes FUN_004298b6 (pass 0) and FUN_0042aef0 (pass 1); siblings FUN_00421388 (EXIT) and FUN_004216f5 (RETURN). Byte size of the prologue from the function_frame record of the function (label g_layout_function_label_pass0/1 -> symbol +0x10 -> g_function_frame_table): frame flags 0x4000 & 0x1800 add 2/4/6 (a MOVI sized by FUN_00422915; its size cached at item+0xc in pass 0 from FUN_0042e390), + 2 per saved register (FUN_0042ec79), + 2 unless flags 0x8000 (PR save), frame size <= 0x80 -> + 2, else MOVI of -size (cached at item+0xd) + 2. Stores the size in item+5 (char) and adds old - new to g_layout_size_delta_pass0/1. item is a layout record (+4 op, +5 size, +0xc/+0xd cached sizes), not a psd; left int item is the layout_record (+5 size, +0xc/+0xd part sizes) like its relax_* siblings.
00420a51	relax_switch_jump_record	void relax_switch_jump_record(layout_record *item, int pass)	item: layout_item (types_proposal.h). op 0x11 C_JMP handler of the size-relaxation passes (FUN_004298b6 calls the handlers with pass 0, FUN_0042aef0 with pass 1, switching on the record's op). Sizes the switch dispatch: an optional MOVI for the case bias (value +0x10 outside -0x7f..0x80, part size +0xc), the MOVI of the bound (+0x14, part +0xe) via relax_movi_record, a JUMPT to the default label (+0x1a) via relax_conditional_jump_record (part +0xf); finds the CTBL record (pass 0: the next record read from g_layout_record_input with FUN_00429c0d; pass 1: item->next) and the table label (+0x18 through FUN_00434510 / FUN_00427a7d); a table distance < 0x8000 means 2-byte entries (pass 1 writes selector byte 1/0 with FUN_004138e9); PIC (request +0x18) adds a generated label (FUN_00416e00(2,..)); pass 1 may create g_literal_pool_label; accounts for the pending literal pools (word/long counts of the pass) and their alignment, clears them (FUN_0042dd9b), stores the pool bytes in +0x1c, updates g_size_reduction_pass0/1, then resize_case_table_record(table, pass, short_entries)
004212d9	resize_case_table_record	void resize_case_table_record(layout_record *table, int pass, int short_entries)	table: layout_item (CTBL). Only caller relax_switch_jump_record. Rebases table->offset by the pass's size reduction; when +0x14 (the entry-width flag it last stored) differs from short_entries the table size (+0x10; FUN_0042e390 sizes CTBL as count<<2) is halved and the difference added to the pass's size reduction; stores short_entries in +0x14
00421388	relax_exit_record	void relax_exit_record(layout_record *item, int pass)	op 0x21 EXIT handler (also called by relax_return_record on a built EXIT record). Rebases item->offset; the current function (g_current_function_label_pass0/1 -> FUN_00427a7d -> +0x10 = index into g_function_frame_table, 0x44-byte entries): frame +0 plus +0x24 -> add #imm (< 0x80, 2 bytes) or a MOVI sized by relax_movi_record (part size +0xc); restored registers (FUN_0042ec79) * 2; the flag-word terms are the same formula as FUN_0042e390 case 0x21 (epilogue size); sets item->size, size reduction, then FUN_00428aa3 (literal pool after the record)
004216f5	relax_return_record	void relax_return_record(layout_record *item, int pass)	op 0x22 RETURN handler. Fewer than 2 restored registers (FUN_0042ec79 < 2): an inline epilogue (builds an EXIT record, relax_exit_record); otherwise a JUMP to the shared exit (built JUMP record, flags 2, target +0x14, relax_jump_record); part size in +0xc; sets item->size, size reduction, FUN_00428aa3. Matches FUN_0042e390 case 0x22
004218bd	relax_call_record	void relax_call_record(layout_record *item, int pass)	op 0x23 CALL handler. Rebases offset; displacement from compute_branch_displacement; within -0x1000..0xffe (bsr range): 4 bytes, selector 0; far and not PIC (request +0x1a == 0): 6 bytes, selector 1, a literal of the target via FUN_004281b0 (long unless FUN_0042ded3 is non-zero); far PIC: 6 bytes, selector 2, a generated local label (pass 1 FUN_00416e00(2,..); pass 0 g_pass0_label_counter) and a long literal of the label difference (label_ref labno2 = -label); size reduction. Same body as relax_jump_record without the FUN_00428aa3 call
00421b4f	compute_branch_displacement	int compute_branch_displacement(layout_record *item, int pass)	callers relax_call_record, relax_jump_record, relax_conditional_jump_record, relax_mva_pc_record. No label (+0x14 == 0): value - 4. A single label (labno1 > 0xb6, labno2 0) whose symbol (FUN_00427a7d) has kind 1..5 and lies in the current section (g_current_section_pass0/1): target address - item->offset, corrected for the shrinkage not yet applied on that side (forward: minus the pass's size reduction, plus pass 0's for a later section entry; backward in pass 0: plus pass 1's or the section's +0x2c), + value - 4. Anything else: 0x7fffffff (treated as out of range)
00421d5b	relax_jump_record	void relax_jump_record(layout_record *item, int pass)	op 0x24 JUMP handler (also used on built JUMP records by relax_return_record and relax_conditional_jump_record). The relax_call_record choice (bra range -0x1000..0xffe: 4 bytes, selector 0; far: 6 bytes, selector 1 literal / selector 2 PIC label difference), then FUN_00428aa3 (a literal pool may follow an unconditional jump)
00421ffd	relax_conditional_jump_record	void relax_conditional_jump_record(layout_record *item, int pass)	op 0x25 JUMPT / 0x26 JUMPF handler (also used by relax_switch_jump_record). Displacement within -0x100..0xfe (bt/bf range): 2 bytes, selector 0, or 4 with a delay slot (flags 0x80, selector 2); otherwise the inverted short branch (2/4 bytes, selector 1/3) over a JUMP built from the record (flags 2, offset + 2/4) sized by relax_jump_record (part size +0xc), with a generated label after it in pass 1; size reduction
004222bd	relax_mv_loc_record	void relax_mv_loc_record(layout_record *item, int pass)	op 0x27 MV_LOC handler (load/store of a frame location). Frame displacement from FUN_0042b20a(+0x10, +0x14, pass); access kind from attr&3 (operand size), flags 0x80 (other direction), flags 8; displacement class (0 / within 0x10<<size / 8-bit / beyond, second set with flags 0x20); size = byte table 00441978[class*8 + kind] with +2/-2/-4 adjustments (request +0x13d & 4, flags 0x10, attr 0x40 -> -2); far classes add a word/long literal (FUN_004281b0); size reduction. Mirrors FUN_0042e390 case 0x27
00422672	relax_mva_lc_record	void relax_mva_lc_record(layout_record *item, int pass)	op 0x28 MVA_LC handler (address of a frame location). Frame displacement (FUN_0042b20a): 0 -> 2 bytes (4 when request +0x13d & 4 and attr 0x10 without 0x40); within -0x80..0x7f -> 4; else 4 plus a word/long literal (FUN_004281b0); attr 0x40 -> -2; size reduction
004227c2	relax_mva_pc_record	void relax_mva_pc_record(layout_record *item, int pass)	op 0x29 MVA_PC handler (PC-relative address). Rebases offset; displacement (compute_branch_displacement) 0..0x3fe: 2 bytes, selector 0; 0x3ff..0x47d while the current size >= 4: 4 bytes, selector 1; else 2 bytes plus a long literal, selector 2; size reduction
00422915	relax_movi_record	void relax_movi_record(layout_record *item, int pass)	op 0x2a MOVI handler, also used on built MOVI records by relax_switch_jump_record, relax_exit_record, relax_fprset_record and FUN_00420670 (ENTER). 2 bytes (4 when attr size B/W and flags 0x40); a constant outside -0x80..0x7f needs a word literal (fits 16 bits) or a long one (FUN_004281b0); a symbolic value: FUN_0042df28 / FUN_0042ded3 decide long, word or none; attr 0x40 -> -2; size reduction
00422ac2	relax_movif_record	void relax_movif_record(layout_record *item, int pass)	op 0x2c MOVIF handler (float immediate): always a long literal (FUN_004281b0(..,1)); 4 bytes, 6 with attr 0x20; attr 0x40 -> -2; size reduction
00422b68	relax_mva_fc_record	void relax_mva_fc_record(layout_record *item, int pass)	op 0x2b MVA_FC handler: 6 bytes; a generated local label (pass 1: FUN_00416e00(2,..) at (offset+6) & ~3, selector byte 1 if offset+6 is 4-aligned else 0; pass 0: g_pass0_label_counter) and a long literal of the label difference (labno2 = -label); size reduction
00422d35	relax_inline_asm_record	void relax_inline_asm_record(layout_record *item, int pass)	op 0x10 B_ASM handler (inline assembler block; FUN_0042e390 sizes it (size&1)+size+2 with value +0x10 = size). Rebases offset; in pass 1 adds the alignment padding it no longer needs to g_size_reduction_pass1 (size 0: 2 when the offset is not 4-aligned; else ((size&1)+offset+size+2)&3)
00422dd0	relax_fprset_record	void relax_fprset_record(layout_record *item, int pass)	op 0x2e FPRSET handler: a MOVI of 0x80000 (attr&3 == 3; FPSCR.PR) or 0xffe7ffff (PR and SZ clear) sized by relax_movi_record (part size +0xc), plus 4 bytes (2 with attr 0x40); size reduction
00422ee9	relax_unconditional_branch_record	void relax_unconditional_branch_record(layout_record *item, int pass)	ops 0x8e RTE, 0x92 BRA, 0x94 JMP, 0x96 RTS: rebases item->offset by the pass's size reduction and calls FUN_00428aa3, which sizes the literal pool placed after the record (+0x18)
00422f40	list_object_code_byte	void list_object_code_byte(char value, short relocatable)	append_listing_object_code(value, 1, relocatable); callers list_object_code_value, emit_dz_record, emit_dc_record, FUN_00425a51
00422f5f	list_object_code_word	void list_object_code_word(short value, short relocatable)	append_listing_object_code(value, 2, relocatable); FUN_0040d7d0 lists each 16-bit opcode with it when the listing is on (request +6 & 2)
00422f7e	list_object_code_long	void list_object_code_long(int value, short relocatable)	append_listing_object_code(value, 4, relocatable)
00422f9c	append_listing_object_code	void append_listing_object_code(int value, short nbytes, short relocatable)	writes value as 2*nbytes hex digits (format_hex_digits) into the listing's object-code column: 10-character rows in g_listing_code_rows (row g_listing_code_row, column g_listing_code_column; a new row is filled with spaces, at most 0xff rows); a value that does not fit is split, high bytes first; a relocatable value takes one byte more and is bracketed '<' .. '>'
004231d7	list_object_code_value	void list_object_code_value(int *value, short size_kind, short relocatable)	size_kind 0/1/2: lists the byte/word/long at *value (list_object_code_byte/word/long). Callers emit_dc_record, emit_dz_record, FUN_0041793f, FUN_00417bfa, FUN_00425891, FUN_0042836b, FUN_0042861d
00423268	format_listing_location	void format_listing_location(int location)	format_hex_digits(location, 4, g_listing_location_field): the 8-digit location column of the listing line (callers test request +6 & 2)
00423287	format_listing_section_column	void format_listing_section_column(short section_kind)	builds the section name (FUN_00427d94 with g_current_section_desc and the kind) and copies at most its first 3 characters into the listing line's section column (g_listing_section_field); only caller FUN_00425fbc (section change, object mode, listing on)
004232ef	write_label_name	void write_label_name(short stream, short label, short field)	text output through FUN_0042b2f0 / FUN_0042b31e (output stream, field): a negative label gets '-' and is negated; -0x8000 writes "(STARTOF " "$G0" ")"; an internal label (symbol byte +1 bit 0x80 clear) writes 'L' + its number (write_decimal); an external symbol writes '_' + its name (+0xc) assembled in g_label_name_buffer; field 0 (a definition) appends ':' and, for internal labels, counts g_label_definition_count. Callers FUN_0040dd0b, FUN_004262e0, FUN_00427211, ...
00423453	write_operand_offset	void write_operand_offset(short stream, int offset, short after_symbol)	field 2: offset 0 is written ("0") only when no symbol precedes (after_symbol 0); after a symbol (after_symbol 1) a positive offset gets '+'; callers FUN_0040e072, FUN_0040e5e0, ... pass whether a label list was printed
004234c7	write_at_decimal	void write_at_decimal(short stream, int value)	writes '@' and value in decimal (field 2). No direct callers in the export
004234f6	write_register_name	void write_register_name(short stream, short regno)	writes the name from the table at 004419d0 ("R0".."R15", "FR0".., "DR0"..; reg numbering of enums.tsv) in field 2; callers FUN_0040d7d0, FUN_0040df28, FUN_0040e072, ...
0042351c	write_immediate_with_size	void write_immediate_with_size(short stream, int *value, short size)	writes '#', *value in decimal, then write_size_suffix(size). No direct callers in the export
00423560	write_size_suffix	void write_size_suffix(short stream, short size, short field)	the size suffix from the table at 00441d98 (0 ".B", 1 ".W", 2 ".L"); e.g. after ".DATA" / ".DATAB" in emit_dc_record / emit_dz_record
00423589	write_displacement_width_suffix	void write_displacement_width_suffix(short stream, short width)	width 0 ":8", 1 ":16", 2 ":32", 3 nothing, 4 ":4" (strings 00441db0..00441dbc), field 2. No direct callers in the export
00423639	write_decimal	void write_decimal(short stream, int value, short field)	recursive signed decimal writer ('-' prefix; INT_MIN as the string "-2147483648")
004236e8	write_hex_byte	void write_hex_byte(short stream, int value, short field)	2 hex digits (format_hex_digits(value, 1, ..)) written as a string
00423722	write_hex_word	void write_hex_word(short stream, int value, short field)	4 hex digits (format_hex_digits(value, 2, ..))
0042375c	write_hex_long	void write_hex_long(short stream, int value, short field)	8 hex digits (format_hex_digits(value, 4, ..))
00423796	format_hex_digits	void format_hex_digits(int value, short nbytes, char *out)	writes 2*nbytes uppercase hex digits of value into out, no terminator (digit string "0123456789ABCDEF" via PTR 0043cef0)
00423800	emit_final_asm_record_stream		(already named; unchanged) the final emission loop: reads records with read_next_backend_record, dispatches DC (emit_dc_record), DZ (emit_dz_record), DS, DSTR, section, B_ASM, C_JMP, labels, LINE, other ops through FUN_0040d7d0; holds the delay-slot record (g_delay_slot_record) and prints it after each branch
00423f9e	read_next_backend_record	int read_next_backend_record(psd *rec, int mode)	(already named; signature kept as given)
00424a19	emit_dz_record	void emit_dz_record(void)	OP_DZ case of emit_final_asm_record_stream: reads the size kind (1 byte: 0 B, 1 W, 2 L) and a 4-byte count from g_backend_record_input; object mode (request +0x12 == 1): count < 2 writes the zero data directly (FUN_00402227), otherwise an iterated-data object record (FUN_00402180(0xc0, 0x9c), section data offset, count, size, zero), advancing the section's location counter; listing / .src text: ".DATAB" + size suffix + count + string 00441e6c, line end FUN_0042b676
00424cc4	emit_dc_record	void emit_dc_record(void)	OP_DC case of emit_final_asm_record_stream: reads the size kind and item count from g_backend_record_input, then per item the value and a 4-byte symbol id; object mode: writes byte/word/long data (FUN_00402180 / FUN_00402227; byte-swapped with FUN_00427fc2 when request +0x2a), a long with a symbol goes through FUN_0042579b + FUN_00427769 (relocation), a byte/word with a symbol -> message 0x133c; listing ".DATA" + suffix and hex values; .src mode (stream 2): ".DATA" + suffix with hex values and symbol names (FUN_00427211)
0042579b	read_label_ref_list	void read_label_ref_list(short count, label_ref *head)	Reads count 2-byte label numbers from the backend record stream (g_backend_record_input, FUN_0042eea0) into a label_ref list: head->next = 0, labno1/labno2 filled in pairs, a new 8-byte node (FUN_0040cf00(8)) after every two; error 0xce6 on a read failure. Caller FUN_00424cc4 (the DC record) passes a stack label_ref, then hands it to emit_relocation_expression.
00425891	emit_reserve_record	void emit_reserve_record(void)	OP_DS: reads 5 bytes from the backend stream {size code (0 byte, 1 word, else long), count (4)}. Object mode (request+0x12 == 1): advances the current section's location counter (g_section_location_counters[g_current_section_kind]) and g_section_object_offsets by size*count, sets g_object_record_break unless BSS, listing line when request+6 & 2. Source mode: writes ".RES" + ".B/.W/.L" (FUN_00423560) + count to stream 2.
00425a51	emit_string_data_record	void emit_string_data_record(void)	OP_DSTR: reads a 4-byte length then that many bytes from the backend stream. Object mode: each byte to the object data (FUN_00402180(b, 0x1c)), location counter +1 per byte, listing (stream 3) when request+6 & 2. Source mode (stream 2): printable runs as .SDATA "..." (doubling '"', wrapping at the line end DAT_0043cebc/DAT_0043ced8), unprintable bytes (is_unprintable_char) as .DATA.B H'xx lists.
00425fbc	switch_section	void switch_section(psd *rec)	Section record (OP_PRGRAM/CONST/DATA/BSS = 0xc..0xf; callers emit_final_asm_record_stream, run_assembler_passes). Section id in rec->filno (+0xc); ids 2 and 3 ($G0/$G1, the GBR sections) force rec->op = 0xe DATA. Sets g_current_section_kind (0 P, 1 C, 2 D, 3 B), saves the old section's section numbers / location counters / object offsets into its section_layout (+0x18 of the section), finds the new section (find_section_by_id) and loads its values. Source mode writes ".SECTION <name>,CODE|DATA,ALIGN=32|16|8|4" (name from build_section_name; ALIGN=32 for code when request+0x13d & 8, 16 for code when request+0x14b, 8 for non-code when request+0x18 == 4); object listing mode copies the name (FUN_00423287).
004262e0	emit_label_record	void emit_label_record(psd *rec)	LABEL/CLABEL/DLABEL/FLABEL (callers emit_final_asm_record_stream, FUN_00416ff0). Label number in the ea1 slot (+0x10, as shcpep's define_label_at_location_counter has it). Finds the symbol (find_symbol_by_id); for a function (kind 1) computes the register save size (FUN_0042ec79*4, +4 unless frame flag 0x8000, +4 for 0x1800) and reports 0xc84 if the frame size overflows. In the program section, when the location counter differs from the label's position, fills the gap with NOPs (emit_alignment_fill(32, or 16 when request+0x14b)): the fill path the SHC_ALIGN_FILE knob relies on. Then writes the label (FUN_004232ef) and a comment by kind: "; function: name" (demangled via FUN_0042f330 when request+0x144), "; frame size=", "; used runtime library name:" (bitmap at frame+0x2c, names 0043cb24), "; case label", "; default label", "; label:", "; static:".
00426953	emit_alignment_fill	void emit_alignment_fill(int alignment, int fill_bytes)	Error 0x133d unless 1 <= fill_bytes <= 31. Object mode: writes fill_bytes/2 SH NOP words (0x0009, byte order by the request+0x2a big-endian flag) to the object data (FUN_00402374 type 0x1c). Advances g_program_location_counter by fill_bytes. Listing/source: ".ALIGN <alignment>". Callers emit_label_record (32 or 16), emit_literal_pool (32).
00426a8d	emit_line_comment	void emit_line_comment(psd *rec)	OP_LINE: when the request asks for source comments, writes "; File <basename padded to 10> Line <n>" and the statement kind ("; block", "; if", "; while", ... table 00441f88, index = byte at rec+0x10). File from rec->filno through the request+0xec source_file list, name via get_source_file_basename; line = rec->linno. Stream 3 (listing) when request+6 & 2, else 2.
00426d1d	emit_line_directive	void emit_line_directive(unsigned int filno, unsigned int linno)	Writes .LINE "<path>",<line> to the source stream (2). The path is the request+0xec source_file entry with that file number, expanded by FUN_0042ef50 (copy of up to 0xfc chars); the stored name is used when that fails or the result is longer than 0xe0. Both parameters are used as their low 16 bits. Caller FUN_00420348.
00426e2d	emit_inline_asm_block	void emit_inline_asm_block(psd *rec)	OP_B_ASM: copies an inline assembler block to the source output. Error 0x132f in object mode. Seeks g_inline_asm_input (request+0xa0) to rec+0x10, reads 3 shorts and a 4-byte length, copies the text in chunks of up to 30 bytes with g_listing_raw_text_mode set. For a non-empty block a fresh label "L<n>:" (g_last_label_number+1, error 0xbc8 at 0x7fff) is written first when g_inline_asm_needs_label is already set (two blocks with no label/section between them); then sets it. Ends with ".ALIGN 4" and advances g_program_location_counter by rec+0x14 (the block's size), or 0x1000 when that is 0, rounded up to 4.
00427211	print_label_sum_from_backend_stream	void print_label_sum_from_backend_stream(short stream, short count, short continued)	Reads count 2-byte label numbers from the backend stream and prints them as an expression to the stream: '+' before a positive label when something precedes (continued, then always), the label itself (FUN_004232ef prints '-' for a negative one). Caller FUN_00424cc4 (DC operands, stream 2).
004272c3	print_label_ref_expression	void print_label_ref_expression(short stream, label_ref *refs, short continued)	Prints a label_ref list as "L1-L2+L3..." to the stream (FUN_004232ef for each labno1/labno2, '+' before positive terms after the first); stops at a NULL node or labno1 == 0, or after a node with labno2 == 0. Callers: the operand printers FUN_0040e072/0040e5e0/0040e787/0040e92e/0040ea8b.
004273a8	get_source_file_basename	void get_source_file_basename(char *out, request_source_file *file)	Copies the file name part (after the last '\', ':' or '/'; FUN_00434460) of file->path (+8) into out as a counted string: out[0] = length, then the characters (no terminator). Error 0x132e on failure. Caller emit_line_comment.
00427458	copy_source_lines_to_listing	void copy_source_lines_to_listing(char op, short filno, unsigned short linno)	Source-in-listing: reads {file (2), line (4)} headers and text lines (fgets 0x86) from g_source_listing_input (request+0x15c) and fputs them to the listing file (DAT_0043cee8) until the stream passes the given file/line; starts a new page (FUN_0042b864) when the page line count exceeds request+0xc - 4. Skips op 0x11 (C_JMP), line 0, and the file/line printed last (DAT_00441e58/DAT_00441e5c). Sets g_source_listing_at_end at EOF. Caller emit_final_asm_record_stream (0x7fff/0xffff flushes the rest).
004276c0	reverse_bits_16	unsigned short reverse_bits_16(unsigned short value)	Returns the 16 bits of value in reverse order (bit 0 -> bit 15). No callers in the export (dead code). Return kept 4 bytes; the high half is (loop counter 0x10) >> 15 = 0. LOW HALF: returns 2 bytes; the stock code leaves a leftover in the high half (Ghidra showed CONCAT22) and every caller reads only the low half: narrowing removed the callers' extraout_/CONCAT and added none.
0042772c	is_unprintable_char	short is_unprintable_char(short ch)	1 unless 0x20 <= ch <= 0x7e. The high half of the 4-byte return is the sign of ch (CONCAT22); the only caller (emit_string_data_record) tests the low 16 bits; kept 4 bytes. LOW HALF: returns 2 bytes; the stock code leaves a leftover in the high half (Ghidra showed CONCAT22) and every caller reads only the low half: narrowing removed the callers' extraout_/CONCAT and added none.
00427769	emit_relocation_expression	int emit_relocation_expression(label_ref *refs, int offset, int location, int size_bits, int extra_operand, int mode)	SIG widths kept (6th stack argument, see shcasm functions.tsv). Writes one object-file relocation expression record: header FUN_0040289d(location, size_bits 0x10/0x20, mode), then one term per label (emit_relocation_symbol_term) joined by 0x20 (+) / 0x21 (-) / 0x24 (leading negate) operator bytes, the symbols' positions summed into offset; a constant term {3, 4, offset(4), 0x20} when size_bits <= 0x10 and offset != 0 (offset then returned as 0); {0x25, 1, extra_operand} when extra_operand != 0; 0xff end; patches the record length byte (g_object_expr_write_ptr) and flushes (FUN_004029b2(0,0)). Returns the constant part left for the data word. Callers: FUN_0040e072, FUN_0040ea8b, FUN_00417bfa, FUN_00424cc4, emit_literal_pool_entry.
00427942	emit_relocation_symbol_term	int emit_relocation_symbol_term(unsigned short labno)	One term of a relocation expression for symbol |labno|. 0x8000: section-start term {5, short at +4 of the second section's layout}, returns 0. A symbol defined here (kinds 1-5, 7-9): term {0, section number sym+0x1a (refreshed from the section's layout for kind 2)}. Otherwise (external): term {2, sym+0x28}. Returns the symbol's position (sym+8), negated for a negative labno. Caller emit_relocation_expression.
00427a7d	find_symbol_by_id	symbol *find_symbol_by_id(short id)	Looks the symbol id up in the 0x3fd-bucket hash table g_symbol_hash_buckets (bucket id % 0x3fd, chain at +0x14). Fatal 0x136b for id -0x8000, 0x136a when not found (the "symbol lookup miss" of notes/shcasm.md). Returns the 0x2c-byte symbol record (Ghidra int, same width). Many callers.
00427b17	immediate_bit_width	int immediate_bit_width(char signedness, unsigned int value)	Smallest field width for value: 0 for 0; 's' signed: 8, 9, 10 or 13 bits, else 0x20; 'u' unsigned: 4, 5, 6, 8, 9 or 10 bits, else 0x20; any other signedness: 0x20. No callers in the export (dead code).
00427c99	print_label_ref_expression_to_listing	void print_label_ref_expression_to_listing(label_ref *refs, short continued)	print_label_ref_expression for the listing stream (3): prints each labno1 (with '+' when positive and not first) and a nonzero labno2 (with '+' when positive) until labno1 == 0 or the end of the list. Callers: operand printers, FUN_00417bfa, FUN_00424cc4, emit_literal_pool_entry.
00427d94	build_section_name	int build_section_name(char *out, request_section *section, short kind)	Writes the section's name into out: "$G0"/"$G1" for section ids 2/3, else the default name for the kind (request+0x50/+0x54/+0x58/+0x5c for P/C/D/B) followed by the section's name suffix (section+4, length section+2). A name of 32 or more characters: error 0xa96, g_max_error_severity = 3, and the single letter from "PCDB". Returns the name length in the low byte (high bytes are leftovers; switch_section ignores it, FUN_00423287 and FUN_00412cda use the low byte). Ghidra char *, kept 4 bytes.
00427fc2	byte_swap_value	void byte_swap_value(unsigned int *out, unsigned int *in, int size_code)	size_code 1: out = the low 16 bits of *in byte-swapped; 2: out = *in with its 4 bytes reversed; other values leave out alone. Used for big-endian object data (request+0x2a). Callers FUN_00417bfa, FUN_00424cc4, emit_literal_pool_entry.
0042805a	symbol_address_is_abs16	int symbol_address_is_abs16(short labno)	1 when the symbol's address fits a 16-bit literal: request+0x154 == 3 (all symbols), or a predefined/runtime symbol (id < 0xb7) with request+0x154 & 1, or a symbol with attribute bit 0x20 (sym+2). Callers FUN_0042be20 (word table 00447670 when 1, long table 00447880 when 0) and FUN_0042ded3.
004280f6	get_symbol_attribute_bits	int get_symbol_attribute_bits(short labno)	SIG kept (int). Returns sym+2 & 3 for ids > 0xb6, else 0 (the low two attribute bits loaded from the .asb record). Callers (FUN_00418033, FUN_00420670, FUN_0042be20, FUN_0042df28, FUN_0042e390) combine it with the function frame flags & 0x1800 (0x1000/0x1800) to size a load of the frame's +0x10 symbol; what the values 1/2 mean is not established.
00428140	find_section_by_id	request_section *find_section_by_id(request *req, short id)	Walks the request's section list (request+0x24, next at +0x1c) for the section with that id; fatal 0x12ed when absent. Callers pass g_current_request. Return Ghidra short *, same width.
004281b0	add_literal_to_pool_table	void add_literal_to_pool_table(unsigned int value, label_ref *refs, int pass, int is_long)	Records a literal (value + label terms) in one of four literal pool hash tables: pass 0 -> g_pool_words (00447670) / g_pool_longs (00447880), pass 1 -> g_pool2_words (0044a6e0) / g_pool2_longs (0044a900); is_long picks the long table. Adds it only when not already present (FUN_0042d8fa lookup, FUN_0042dc08 insert). On the first literal of a pass-1 pool it makes the pool's label: g_last_label_number+1 (0xbc8 at 0x7fff) into g_literal_pool_label, a kind-0xf symbol (FUN_00416e00) in the pass-2 section, and its 2 bytes byte-swapped to the temp stream (FUN_004138e9). Callers: the per-op layout handlers FUN_004218bd, 00421d5b, 004222bd, 00422672, 004227c2, 00422915, 00422ac2, 00422b68 (pass = their own mode argument).
004282e6	find_literal_pool_index	int find_literal_pool_index(literal_table *table, int value, label_ref *refs)	1-based position of the literal (value + label terms, compared by FUN_0042d9b1) in the table's insertion-order list; fatal 0x134c when absent. Callers: the instruction encoders FUN_00419b8d, 0041a148, 0041a982, 0041c4d9, 0041ca2c, 0041cd09, 0041d1e0, 0041d57a (pool displacement).
0042836b	emit_literal_pool	void emit_literal_pool(void)	Emits the pending literal pool at g_literal_pool_label: NOP fill up to the label's position in the program section (emit_alignment_fill(32, gap)), the label line, every word literal (g_pool_words, emit_literal_pool_entry size 1), 2 bytes of padding (".RES.W 1", location +2) when there are long literals and g_program_location_counter is not a multiple of 4, every long literal (g_pool_longs, size 2); then empties both tables (FUN_0042dd9b). Callers emit_final_asm_record_stream (after a record with flg & 0x10 while either table is non-empty) and FUN_00416ff0.
0042861d	emit_literal_pool_entry	void emit_literal_pool_entry(unsigned int value, label_ref *refs, int size_code)	One literal pool entry; size_code 1 = word (.DATA.W, 2 bytes), 2 = long (.DATA.L, 4 bytes), else error 0x134d. Object mode: the value, or for a label expression the constant left by emit_relocation_expression(refs, value, location, 16/32, 0, 1), written as object data (FUN_00402227), byte-swapped when request+0x2a; listing line when request+6 & 2. Source mode: ".DATA.W/.L H'value" or "H'offset+L1-L2...". Advances g_program_location_counter by 2 or 4. Caller emit_literal_pool.
00428aa3	layout_literal_pool	void layout_literal_pool(layout_record *rec, int pass)	Literal pool sizing at a pool point (rec = the RETURN/JUMP/EXIT/BRA... layout record; rec->pool_size +0x18 is shcpep's estimate; the pool starts at rec->location + rec->size). Pass 0 reads the pool decision byte from g_lit_input: no pool here -> the whole estimate (all but 0xe with 16-byte alignment) goes into g_layout_pass1_shrink; pool -> size = words*2 + longs*4 + 2 (+0x10 with request+0x14b, +0x3e with request+0x13d & 8, in place of +2), estimate minus size into the shrink. Pass 1: exact padding (2 when the long part would be misaligned; 32-/16-byte alignment modes), sets the pool label's position (sym+8) and the long part's position (sym+0x24), adds estimate - size to g_layout_pass2_shrink. Stores the new size in rec->pool_size and empties that pass's tables. Callers: layout handlers FUN_00421388, 004216f5, 00421d5b, 00422ee9 (pass = their mode argument).
00428f90	report_message_at_source_line	void report_message_at_source_line(short filno, unsigned int linno, short msg_code, char *text)	Existing name report_message_by_symbol_id was wrong: its first two arguments are a source file number (looked up in request->source_files, as .LINE and "; File" do with rec->filno) and line (callers pass rec.filno, rec.linno); then the message code and text (s09).
00429060	run_layout_passes	void run_layout_passes(void)	"The first layout pass" (caller shcasm_main, before run_assembler_passes); runs both layout passes and turns shcpep's estimated label positions into final ones. Gives every section a 0x30-byte section_layout (FUN_0040cf00(0x30) at section+0x18), begin_layout_passes, then pass 1: walks the symbol table from the first label (g_layout_pass1_symbol, kinds < 6, step 0x2c), clears sym->layout_records, switches section state when sym+0x18 changes (saving/restoring the running shrink in section_layout+0x28), subtracts the running shrink g_layout_pass1_shrink from sym+8 (the SHC_ALIGN_FILE hook point), and when the symbol is the label the .ofb stream stands at (g_ofb_current_label) runs layout_next_ofb_record until the next label record (0x18..0x1b). Then pass 2 (FUN_0042ac37: the stored records again with g_layout_pass2_shrink, handlers mode 1; FUN_0042abe1 also runs it early when calloc fails) for the leading queue and every symbol; stores the shrinks in the current sections' layouts (+0x28/+0x2c) and calls finish_layout_passes.
0042926d	begin_layout_passes	void begin_layout_passes(void)	Layout set-up: g_ofb_at_end = 0; g_layout_pass1_symbol = g_layout_pass2_symbol = the first symbol of kind <= 5 in g_symbol_table; both passes start in section 1 with its stored shrinks (layout +0x28/+0x2c); g_layout_pass2_label_id (and g_layout_pass2_function_label for kind 1) from it. Opens the .ofb stream (request+0x90, or +0x94 when request+4 != 0) as g_ofb_input; op 0x10 records before the first label are read (FUN_0042abe1 + 2x4 bytes), laid out at once (FUN_00422d35 mode 0) and queued on g_layout_leading_records; the first label's number goes to g_ofb_current_label (FLABEL: g_current_function_label / frame index). Allocates the temp output buffer (FUN_0041371d), opens g_lit_input (request+0xa4) and reads its first byte. Fatal 0xce4/0xce6 on open/read failure.
00429605	finish_layout_passes	void finish_layout_passes(void)	Layout end: flushes the temp output buffer (FUN_0041399e), closes g_ofb_input and g_lit_input (0xce5 on failure); for every section subtracts both pass shrinks (layout +0x28 + +0x2c) from its program size (section+8) and totals the four sizes (P/C/D/B) into g_total_section_size with an overflow check. Object mode: overflow -> error 0xc81. Source mode: on overflow every size becomes 1, otherwise each size and the total become 0/1 flags.
004298b6	layout_next_ofb_record	char layout_next_ofb_record(void)	Pass 1 step: reads one op byte from g_ofb_input (EOF -> g_ofb_at_end = 1, returns 0). Label records 0x18..0x1b: read the label number into g_ofb_current_label; FLABEL also sets g_current_function_label and g_current_function_frame_index (symbol +0x10). Other ops: read_ofb_layout_record, then the op's layout handler with mode 0 (0x10 FUN_00422d35, 0x11 FUN_00420a51, 0x20 FUN_00420670, 0x21 FUN_00421388, 0x22 FUN_004216f5, 0x23 FUN_004218bd, 0x24 FUN_00421d5b, 0x25/0x26 FUN_00421ffd, 0x27 FUN_004222bd, 0x28 FUN_00422672, 0x29 FUN_004227c2, 0x2a FUN_00422915, 0x2b FUN_00422b68, 0x2c FUN_00422ac2, 0x2e FUN_00422dd0, 0x8e/0x92/0x94/0x96 FUN_00422ee9; FUN_0042aef0 is the same switch with mode 1). Returns the op; the only caller (run_layout_passes) tests the char.
00429c0d	read_ofb_layout_record	layout_record *read_ofb_layout_record(char op)	Allocates a 0x20-byte layout_record (FUN_0042abe1, calloc(1,0x20)), stores op at +4 and reads the rest of the op's .ofb record (the formats of shcpep's write_ofb_* writers): size +5, misc +6, flags +7, location +8, disp +0x10, label terms as a label_ref list at +0x14 (count, then 2-byte numbers two per node) or the sptravel / raw word, pool_size +0x18, +0x1a. Error 0x1374 for any other op. Appends it to the current symbol's list (g_layout_pass1_symbol->layout_records first, then via g_layout_record_tail). Callers layout_next_ofb_record, FUN_00420a51. Returns the record (Ghidra int, same width).
0042abe1	alloc_layout_record	layout_record *alloc_layout_record(void)	calloc(1,0x20) (FUN_00435550) of a pending layout record; while that fails, resolves one pending record (resolve_next_pending_layout_record) to free memory, and reports 0xbcd (out of memory) only when nothing was left to resolve. Callers: FUN_0042926d (B_ASM/0x10 records into g_layout_record_queue), FUN_00429c0d (reads the per-op fields from the layout input file). Ghidra return LPVOID; layout_record in types_proposal.h.
0042ac37	resolve_next_pending_layout_record	int resolve_next_pending_layout_record(void)	Signature kept (the lead's int, see the existing note). If g_layout_record_queue is non-empty, resolves its head (resolve_layout_record) and returns 1. Otherwise walks the symbol cursor g_layout_symbol_cursor over the 0x2c-byte symbol records (up to g_layout_symbol_last): a section change (symbol +0x18 != current section number) saves g_layout_section_shrink into the old section (+0xc -> +0x2c) and loads the new section (FUN_00428140); subtracts the shrink from each passed symbol's value (+8); remembers the symbol number (+6) in g_layout_symbol_labno and, for kind 1 (function), in g_layout_function_labno; takes the symbol's pending record list (+0x24) into g_layout_symbol_pending and resolves one record of it (returns 1); returns 0 when nothing was resolved. Callers: FUN_00429060 (the first layout pass loops on it until the queue and the cursor are exhausted), alloc_layout_record.
0042aef0	resolve_layout_record	layout_record *resolve_layout_record(layout_record *rec)	Dispatches on rec->op to the per-op layout handlers with mode 1 (0x10 FUN_00422d35, 0x11 FUN_00420a51, 0x20 ENTER FUN_00420670, 0x21 EXIT FUN_00421388, 0x22 RETURN FUN_004216f5, 0x23 CALL FUN_004218bd, 0x24 JUMP FUN_00421d5b, 0x25/0x26 JUMPT/JUMPF FUN_00421ffd, 0x27 MV_LOC FUN_004222bd, 0x28 MVA_LC FUN_00422672, 0x29 MVA_PC FUN_004227c2, 0x2a MOVI FUN_00422915, 0x2b MVA_FC FUN_00422b68, 0x2c MOVIF FUN_00422ac2, 0x2e FPRSET FUN_00422dd0, RTE/BRA/JMP/RTS 0x8e/0x92/0x94/0x96 FUN_00422ee9); prints "CODE %02x Offset %08x" when request +0x13c & 2 and rec->location != 0; frees the label list at +0x14 (8-byte nodes, FUN_0040d5cb) except for ops 0x27/0x28/0x11/0x14 where +0x14 is not a list; frees rec (FUN_00435290) and returns rec->next. Only caller resolve_next_pending_layout_record. Ghidra had int return / int * param.
0042b20a	frame_offset_to_sp_displacement_for_pass	int frame_offset_to_sp_displacement_for_pass(int frame_offset, int sp_travel, int pass)	The computation of frame_offset_to_sp_displacement (aux.frame_size + sp_travel + frame_offset, plus 4*count_saved_registers and +4 when aux flags 0x8000 clear for frame_offset >= 0; just +4 for a negative offset), but the function comes from a symbol picked by pass: 2 -> g_emit_function_labno (FLABEL of the emit pass), 0 -> g_read_function_labno, else g_layout_function_labno; its aux index is the symbol's +0x10 (FUN_00427a7d). Callers FUN_0041a982, FUN_0041c4d9 (emit handlers), FUN_004222bd / FUN_00422672 (MV_LOC / MVA_LC layout handlers).
0042b2f0	put_char_at_column	void put_char_at_column(short channel, char c, short column)	Makes a 1-character string and calls put_text_at_column. Many callers (the .src/listing text writers 0040d7d0, 004232ef, ...).
0042b31e	put_text_at_column	void put_text_at_column(short channel, char *text, short column)	Appends text to the line buffer of g_output_channels[channel] (0x1c-byte records: buffer, end, cursor, ..., FILE *), first moving the cursor up to g_column_starts[column] when it is before it (unless g_line_wrap_disabled). When the buffer is full: with g_line_wrap_disabled == 1 writes the buffer out (fputs, 0xce7) and restarts it; with 0 breaks the line after the last ',' (0xc83 for channel 2 when there is none), flushes (channel 2 flush_src_line, else flush_listing_line), puts '+' (continuation) at the channel's mark (0043cec0 / g_listing_continuation_mark) and copies the carried text to the column. After the text, for column 0, flushes when the cursor reached column 3. Channels: 2 = the .src assembly text, 3 = the listing (004131a0 opens them and sets their column starts).
0042b676	flush_output_line	void flush_output_line(short channel)	channel 2 -> flush_src_line, else flush_listing_entry. Many callers in the .src/listing writers.
0042b69d	flush_listing_line	void flush_listing_line(void)	If the listing line holds text (cursor past g_column_starts[0]) or object-code rows remain (g_listing_code_row_next <= g_listing_code_row_last): copies the next 10-character code row of g_listing_code_rows into the code column (g_listing_code_column), ends the line with "\n", counts it (g_listing_line_count), emits a page header (emit_listing_page_header) when the count passes the page length (request +0xc) - 4, fputs it to the listing file (0xce7), resets the cursor and blanks the line. Callers put_text_at_column, flush_listing_entry.
0042b864	emit_listing_page_header	void emit_listing_page_header(void)	Increments g_listing_page_number; after page 1 first writes 4 blank lines; sets the line count to 1; formats the page banner with the page number (FUN_004348a0) into g_listing_header_buffer and writes it. On page 1 also writes "************ OBJECT LISTING ************" and either "Object program is empty." or "FILE NAME: " + the source name (request +0) wrapped to the line width. When the program is not empty writes "SCT OFFSET   CODE       C LABEL" + "     INSTRUCTION OPERAND    COMMENT". Callers run_assembler_passes, FUN_00427458, flush_listing_line.
0042bb3b	copy_string_count	short copy_string_count(char *src, char *dst)	strcpy that returns the number of characters copied (without the NUL). Only caller emit_listing_page_header.
0042bb89	copy_string_to_line_width	short copy_string_to_line_width(char *src, char *dst, short column)	Copies src to dst until the NUL or (line width - column) characters (line width = request +8, default 0x84), then stores the next source character (the NUL when complete); returns the count copied. Only caller emit_listing_page_header (wraps the FILE NAME line).
0042bc12	pad_listing_page	void pad_listing_page(void)	Writes the blank line g_listing_blank_line (write_listing_line) until g_listing_line_count reaches the page length (request +0xc). Caller run_assembler_passes.
0042bc5c	write_listing_line	void write_listing_line(char *line, char *end)	Stores "\n\0" at end, fputs line to the listing file (g_output_channels[3].file, 0043cee8; 0xce7 on error) and increments g_listing_line_count. Callers emit_listing_page_header, pad_listing_page.
0042bcab	flush_listing_entry	void flush_listing_entry(void)	Calls flush_listing_line while the line holds text or code rows remain, then resets the code rows: g_listing_code_column_pos = 10, g_listing_code_row_last = 0xffff (none), g_listing_code_row_next = 0. Only caller flush_output_line.
0042bd02	flush_src_line	void flush_src_line(void)	If the .src line buffer (g_output_channels[2]: buffer 0043ceb8, cursor 0043cec0) holds text: ends it with "\n", fputs it to its file (0043cecc; 0xce7 on error), resets the cursor and blanks the buffer up to its end (0043cebc). Callers put_text_at_column, flush_output_line.
0042be20	decide_literal_pool_placement	int decide_literal_pool_placement(psd *rec, FILE *lit_out)	DEAD CODE in shcasm: no call and no pointer to 0042be20 anywhere in the image. The literal-pool placement rule shcpep names decide_literal_pool_placement (shcpep 004179a0), same globals layout: collects each record's literals into g_word_literal_table / g_long_literal_table / g_frame_offset_literal_table (find_pool_literal / add_pool_literal), counts code bytes (compute_record_code_size) and literal bytes, and at RTE/BRA/JMP/RTS/JUMP/EXIT/RETURN decides whether to place the pool (limits 0x3fc/0x1fe, 0x3cc/0x1ce), writing the 1-byte decision to lit_out (write_file_bytes). Returns pool size + 2, or 0. Kept the shcpep name.
0042d8fa	find_pool_literal	int find_pool_literal(literal_table *table, unsigned int value, label_ref *labels)	Hash = (value + every labno1 + labno2) % 0x7f; walks the bucket chain (entry +4) calling pool_literal_matches; returns 1 when found, else 0. Same as shcpep find_pool_literal. Callers pass 0x447670/0x447880/0x447a90 (the three literal tables): FUN_00419b8d, FUN_0041a148, FUN_0041a982, FUN_0041c4d9, FUN_0041ca2c, FUN_0041cd09, FUN_0041d1e0, FUN_004281b0, decide_literal_pool_placement.
0042d9b1	pool_literal_matches	int pool_literal_matches(literal_entry *entry, int value, label_ref *labels)	1 if entry->value (+8) == value and entry's label list (+0xc) holds the same labno1/labno2 multiset as labels (20-flag scratch array), else 0. Callers find_pool_literal, FUN_004282e6. Same as shcpep pool_literal_matches.
0042dc08	add_pool_literal	void add_pool_literal(literal_table *table, unsigned int value, label_ref *labels)	Allocates a 0x10-byte literal_entry (FUN_0040cf00(0x10)) holding value and a copy of the label list (8-byte nodes), appends it to bucket (value + labnos) % 0x7f (chain +4) and to the insertion list (head +0, tail +4), count +8 ++. Same as shcpep add_pool_literal. Callers: the emit handlers 00419b8d..0041d57a, FUN_004281b0, decide_literal_pool_placement.
0042dd9b	clear_pool_literal_table	void clear_pool_literal_table(literal_table *table)	Frees every entry (FUN_0040d5cb(e,0x10)) and its 8-byte label nodes, zeroes the 0x7f buckets, then head/tail/count; internal error 0x12f2 when the freed count != count. Same as shcpep. Callers FUN_00420a51, FUN_0042836b, FUN_00428aa3, decide_literal_pool_placement.
0042de91	write_pool_flush_flag	void write_pool_flush_flag(FILE *lit_out)	DEAD CODE: no call and no pointer anywhere. Writes the single byte 1 to lit_out (write_file_bytes; 0xce7 on error): the "true" value of the 1-byte pool decision that decide_literal_pool_placement writes.
0042ded3	is_word_symbol_literal	int is_word_symbol_literal(int value, label_ref *labels)	1 if labels is non-NULL with labno2 == 0 and FUN_0042805a(labno1) (the symbol fits a word literal: request +0x154 == 3, or bit 0 for runtime labels <= 0xb6, or symbol attr bit 0x20) is nonzero, else 0; value is unused. Same as shcpep is_word_symbol_literal. Callers FUN_00419b8d, FUN_0041a148, FUN_0041cd09, FUN_004218bd, FUN_00421d5b, FUN_00422915, decide_literal_pool_placement.
0042df28	get_marked_symbol_attr_low_bits	int get_marked_symbol_attr_low_bits(label_ref *labels)	Signature kept (the lead's int). For a single label_ref (next == NULL) whose labno2 is the marker -0x8000, returns FUN_004280f6(labno1) (the symbol's attribute byte +2 & 3, 0..3); otherwise 0. Callers compare the result with 1 and 2 (MOVI handling in FUN_0041cd09, FUN_00422915, decide_literal_pool_placement).
0042df80	evaluate_label_expression	int evaluate_label_expression(int value, label_ref *labels)	value plus, for every label_ref, the value (+8) of the symbol of labno1 and of labno2 (FUN_00427a7d): added when the number is > 0, subtracted when it is < 0, skipped when 0. Callers (the .src/listing writers) FUN_0040e072, FUN_0040e5e0, FUN_0040e787, FUN_0040e92e, FUN_0040ea8b pass ea->disp and ea->labels.
0042e064	check_operand_registers	void check_operand_registers(ea *op)	Checks op->base/index against the EA kind (type & 0x1f), reporting 0x133b when out of range: kind 1 base 0..0x60; 2/3/4/8/9 base 0..0xf (9 also index == 0); 5 base 0x61..0x63 (SR/GBR/VBR); 6 base 0x64..0x66 (MACH/MACL/PR); 10 base 0x6b; 11 base 0x62 (GBR); 12 base 0x62 and index 0; 0xf base 0x67 (FPUL); 0x10 base 0x68 (FPSCR); kinds 0, 0xd and unknown always. Also turns a kind-8 @(disp,Rn) with disp 0 and no labels into kind 2 @Rn (type = type & 0xf0 | 2). Caller FUN_0040d7d0 (for rec->ea1 and rec->ea2).
0042e390	compute_record_code_size	short compute_record_code_size(psd *rec)	Target code bytes of the record: base from g_op_code_size_table[op] (short per op, 004421b0), adjusted for 0x10 (even length + 2, the length in the +0x14 slot), CTBL (count at +0xc * 4), ENTER/EXIT/RETURN (frame setup, saved registers via count_saved_registers, aux flags; RETURN with >= 2 saved registers takes the OP_JUMP element 004421f8), MV_LOC (8x8 byte table at 004423b0 by access kind and displacement range, via frame_offset_to_sp_displacement), MVA_LC, MOVI, MOVIF, MOV; minus 2 when flg & 0x40. Callers use the low 16 bits: FUN_00420670, FUN_00420a51, FUN_00421388, FUN_00421ffd, FUN_00422dd0, decide_literal_pool_placement. Same as shcpep compute_record_code_size; Ghidra's 4-byte return kept. LOW HALF: returns 2 bytes; the stock code leaves a leftover in the high half (Ghidra showed CONCAT22) and every caller reads only the low half: narrowing removed the callers' extraout_/CONCAT and added none.
0042ec79	count_saved_registers	short count_saved_registers(short aux_index)	Counts the set bits of g_aux_record_table[aux_index] masks +4 and +6 (16 bits each), minus 1 for bit 15 and 1 for bit 0 of +4 when flags +0xa has 0x4000 and 0x1800, plus +0x17 bits 0/1 (MACL/MACH) and +8 bits 0/1. Callers use the low 16 bits. Same as shcpep count_saved_registers. LOW HALF: returns 2 bytes; the stock code leaves a leftover in the high half (Ghidra showed CONCAT22) and every caller reads only the low half: narrowing removed the callers' extraout_/CONCAT and added none.
0042ee05	frame_offset_to_sp_displacement	int frame_offset_to_sp_displacement(int frame_offset, int sp_travel)	aux.frame_size (+0 of g_aux_record_table[g_current_aux_index]) + sp_travel + frame_offset, plus 4*count_saved_registers (+4 when aux flags 0x8000 clear) for frame_offset >= 0, or +4 for a negative offset. Callers compute_record_code_size and decide_literal_pool_placement pass ea->disp and psd.sptravel of MV_LOC/MVA_LC. Same as shcpep.
0042eea0	read_file_bytes	unsigned int read_file_bytes(FILE *in, char *buf, unsigned int n)	fread(buf,1,n,in) (__fread_lk); -1 for a NULL file/buffer or n < 1; when nothing was read: 0 at a clean EOF (_flag 0x10 without 0x20), else -1. Same as shcpep read_file_bytes. About 45 callers.
0042ef00	write_file_bytes	unsigned int write_file_bytes(FILE *out, char *buf, unsigned int n)	fwrite(buf, n, 1, out) (FUN_004358f0); returns n, or -1 on failure, a NULL file/buffer or n < 1. Same as shcpep write_file_bytes.
0042ef50	get_full_path	char *get_full_path(char *path, char *out)	FUN_00435a70(out, path, 0xfc) = CRT _fullpath (GetFullPathNameA). LEAD DECIDE: Ghidra says void, but the body leaves _fullpath's char * result in EAX and both callers (emit_object_header_and_tables, FUN_00426d1d) test it (== 0 -> fallback); the return should be char *. RETURN: returns stock_fullpath's result (EAX is left as it returned it); both callers test it (emit_object_header_and_tables, emit_line_directive read it as extraout_EAX with a void signature).
0042ef70	store_u32_big_endian	unsigned int store_u32_big_endian(unsigned int *value, unsigned int *out)	*out = *value byte-swapped (the object file is big-endian). The return is junk (out & 0xffff0000); callers ignore it. Many object-writer callers.
0042efb0	store_u16_big_endian	unsigned int store_u16_big_endian(unsigned short *value, unsigned short *out)	*out = *value byte-swapped; junk return (callers ignore it). Many object-writer callers.
0042efd0	find_substring	char *find_substring(char *haystack, char *needle)	strstr: the first position of needle in haystack, NULL if none (or needle empty). Only caller FUN_00406541. Ghidra typed needle int *.
0042f040	open_temp_file	FILE *open_temp_file(void)	Returns 0 when 8 temp files are already open; otherwise make_temp_file_name() + ".tmp", opened "wb+" (0xce4 on failure; 0xbcd on allocation failure, both exit 9), recorded as {path, FILE *} in g_temp_files[g_temp_file_count++]. Ghidra's int is the FILE *. Callers FUN_004138e9, FUN_0041e360, FUN_00433920. Same as shcpep open_temp_file.
0042f170	close_and_delete_temp_files	void close_and_delete_temp_files(void)	For each g_temp_files entry: fclose (0xce5, exit 9), delete the file (FUN_0043ac30, 0xce8), free the path; then g_temp_file_count = 0. Callers shcasm_main, report_message_by_symbol_id, FUN_004343d0, FUN_004347c0. Same as shcpep.
0042f210	make_temp_file_name	char *make_temp_file_name(void)	Directory from FUN_00434c70(g_tmp_env_name) ("" when unset, 0xcf9 when too long), then sprintf("%s%d.%d", dir, abs(GetCurrentProcessId()), g_temp_name_counter++) into a malloc'd buffer sized from tmpnam and the pid digit count (g_temp_name_buffer). Only caller open_temp_file. Same as shcpep.
0042f330	demangle_cpp_symbol_name	short demangle_cpp_symbol_name(char *mangled, char **demangled)	C++ name demangler entry. Only caller FUN_004262e0 (listing writer: "; function: " comment when request+0x144 != 0) passes '_' + the symbol name and prints *demangled on (short)result == 0, else the raw name. Needs "__" at the start; copies the function name until a "__" that parse_mangled_signature_kind accepts (kind 0..7 = global function / class member / static member / cv member, see there). Kinds 5..7: builds " const"/" volatile" text in g_demangle_cv_suffix. Kinds 1,2,3,4,6,7: format_class_scope_prefix -> g_demangle_class_scope ("A::B::") + innermost class name. Name: "__ct"/"__dt" (find_ctor_dtor_name_code) -> class name / "~"+class name; operator codes (find_operator_name_code) -> "operator+" ...; "__op<type>" conversion -> "operator " + format_mangled_type_list(type, buffer 2). Kinds 0,1,2,5,6,7: demangle_argument_list(..., 2) then "(" + work buffer b + ")" + cv suffix. All text goes to work buffer 1 (append_to_work_buffer), *demangled = g_work_buffer_a. Returns low half 0 ok, 0xffff (-1) bad name, 2 out of memory. LOW HALF: returns 2 bytes; the stock code leaves a leftover in the high half (Ghidra showed CONCAT22) and every caller reads only the low half: narrowing removed the callers' extraout_/CONCAT and added none.
0042fa80	format_class_scope_prefix	unsigned short format_class_scope_prefix(char *class_code, char *scope, char *class_name)	class_code is a length-prefixed name ("3Foo") or "Q<n>__" + n names. Writes "Foo::" (each component + "::", 00442bcc) to scope and the last component to class_name (for constructor/destructor names). Uses parse_length_prefixed_name into g_demangle_name_scratch (004446b0). Returns low half 0 ok, 0xffff error. Caller demangle_cpp_symbol_name. LOW HALF: returns 2 bytes; the stock code leaves a leftover in the high half (Ghidra showed CONCAT22) and every caller reads only the low half: narrowing removed the callers' extraout_/CONCAT and added none.
0042fc80	parse_decimal_digits	void parse_decimal_digits(char *digits, int *value, int *length)	*value = decimal value of the digit string, *length = number of characters. Used by every length-prefixed / counted mangling code reader (parse_length_prefixed_name, copy_length_prefixed_name, format_qualified_name, format_type_back_reference, format_placeholder_type ...).
0042fcb0	copy_length_prefixed_name	unsigned short copy_length_prefixed_name(char *src, char *dst, int *consumed)	Copies a mangled "<len><name>" code verbatim (digits included) to dst, *consumed = digits + len. 0xffff if len is 0 or the string ends early. Callers demangle_argument_list (tokenizer, class 5) and copy_qualified_name_code. LOW HALF: returns 2 bytes; the stock code leaves a leftover in the high half (Ghidra showed CONCAT22) and every caller reads only the low half: narrowing removed the callers' extraout_/CONCAT and added none.
0042fd50	copy_qualified_name_code	short copy_qualified_name_code(char *src, char *dst, int *consumed)	Copies a mangled "Q<n>__" + n length-prefixed names code verbatim (strncpy FUN_00435520) to dst and NUL-terminates; *consumed = its length. Checks the two '_' after the count. 0xffff on error. Callers parse_mangled_signature_kind, demangle_argument_list (class 0xb), copy_member_pointer_code. LOW HALF: returns 2 bytes; the stock code leaves a leftover in the high half (Ghidra showed CONCAT22) and every caller reads only the low half: narrowing removed the callers' extraout_/CONCAT and added none.
0042fe40	copy_array_dimension_codes	short copy_array_dimension_codes(char *src, char *dst, int *consumed)	Copies a run of mangled array codes "A<n>_A<m>_..." verbatim: stops at the first '_' not followed by 'A'; *consumed includes that '_'. 0xffff if no closing '_'. Callers demangle_argument_list (class 6) and format_array_dimensions. LOW HALF: returns 2 bytes; the stock code leaves a leftover in the high half (Ghidra showed CONCAT22) and every caller reads only the low half: narrowing removed the callers' extraout_/CONCAT and added none.
0042fea0	copy_type_back_reference_code	short copy_type_back_reference_code(char *src, char *dst, int *consumed)	Copies 'T' plus the following digits verbatim (a back reference to an earlier argument type); *consumed = length. 0xffff if nothing follows the 'T'. Caller demangle_argument_list (class 8). LOW HALF: returns 2 bytes; the stock code leaves a leftover in the high half (Ghidra showed CONCAT22) and every caller reads only the low half: narrowing removed the callers' extraout_/CONCAT and added none.
0042ff00	copy_member_pointer_code	short copy_member_pointer_code(char *src, char *dst, int *consumed)	Copies 'M' + the class code (copy_qualified_name_code for 'Q', else copy_length_prefixed_name) verbatim; *consumed = 1 + class code length. Caller demangle_argument_list (class 7). LOW HALF: returns 2 bytes; the stock code leaves a leftover in the high half (Ghidra showed CONCAT22) and every caller reads only the low half: narrowing removed the callers' extraout_/CONCAT and added none.
0042ff90	intern_token_text	int intern_token_text(char *text)	Appends text (NUL-terminated) to g_demangle_token_pool (0044e330) at g_demangle_token_pool_used and returns its offset. Caller push_demangle_token.
0042ffd0	intern_placeholder_name	int intern_placeholder_name(char *text)	Same as intern_token_text for g_demangle_placeholder_name_pool (0044ffa0) / g_demangle_placeholder_name_pool_used (0044f740). Caller demangle_argument_list (the "$$%03d" names).
00430010	alloc_type_piece_string	char *alloc_type_piece_string(char *text)	Copies text into the type-piece string chunks (g_demangle_piece_chunk_current; a new 0x808-byte chunk {next, used, data[0x800]} when it would pass 0x800) and returns the copy. Allocation failure: free_demangle_string_chunks, returns 0. Caller push_type_piece.
004300b0	alloc_placeholder_type_string	char *alloc_placeholder_type_string(char *text)	Copies text into the placeholder chunks (g_demangle_placeholder_chunk_current, 0x804-byte chunks {next, data[0x800]}, fill g_demangle_placeholder_chunk_used) and returns the copy; on allocation failure frees the whole placeholder chain and returns 0. Caller demangle_argument_list (the text a "$$nnn" placeholder stands for).
00430180	alloc_back_reference_string	char *alloc_back_reference_string(char *text)	Same as alloc_type_piece_string for the back-reference chunks (g_demangle_backref_chunk_current). Caller remember_argument_type.
00430220	push_demangle_token	void push_demangle_token(char *text, short *count)	g_demangle_tokens[*count].text = interned copy (intern_token_text), (*count)++. The kind field is set by the caller before the call. Caller demangle_argument_list.
00430250	push_type_piece	void push_type_piece(char *text, short *count)	g_demangle_type_pieces[*count].text = alloc_type_piece_string(text), (*count)++. Kind set by the caller (2 type/name, 7 member pointer). Caller format_mangled_type_list.
00430270	compose_type_pieces	void compose_type_pieces(short *count, char *out)	Turns the pushed type pieces into one type string: if the last piece is a type (kind 2) after a member pointer (kind 7) it inserts " " between them; then strcat's the pieces to out last-to-first (so "*" pushed before "int" gives "int*"), clearing their kinds, and sets *count = 0. Caller format_mangled_type_list.
00430320	demangle_argument_list	unsigned short demangle_argument_list(char *codes, int buffer)	Formats a mangled argument-type list into work buffer `buffer` (2 from demangle_cpp_symbol_name). Splits codes into tokens (classify_mangle_code + the copy_* helpers) in g_demangle_tokens (kind 1 'F', 2 '_' return separator, 3 complete type). When a nested function type F<args>_<ret> completes, formats its return-type and argument tokens with format_mangled_type_list(..., 3) (work buffer 3), stores the joined text plus ")" as placeholder text (alloc_placeholder_type_string, g_demangle_placeholder_types) and replaces the tokens with a "$$%03d" token (00442bf8). Finally joins the tokens into g_demangle_joined_tokens (004462b0) and calls format_mangled_type_list(joined, buffer); frees the placeholder chunks. Returns low half 0 ok, 0xffff error, 2 out of memory. Caller demangle_cpp_symbol_name. LOW HALF: returns 2 bytes; the stock code leaves a leftover in the high half (Ghidra showed CONCAT22) and every caller reads only the low half: narrowing removed the callers' extraout_/CONCAT and added none.
00430f00	parse_mangled_signature_kind	short parse_mangled_signature_kind(char *mangled, char *class_code, char *cv_codes, int *consumed)	Classifies what follows the "__" of a mangled name: 'F' -> 0 (function); "Q..": 'F' -> 1 (member function of a qualified class), C/V..F -> 6 (cv member function), end -> 4 (static member); "<len>name": 'F' -> 2, C/V..F -> 7, end -> 3; C/V..F with no class -> 5. The function codes must be followed by a valid type code (classify_mangle_code 1..7 not 'F', or 0xb). Copies the raw class code to class_code (copy_qualified_name_code / copy_length_prefixed_name) and the C/V codes to cv_codes (copy_cv_qualifier_codes); *consumed = class code + cv length. 0xffff = not a mangled signature. Caller demangle_cpp_symbol_name. LOW HALF: returns 2 bytes; the stock code leaves a leftover in the high half (Ghidra showed CONCAT22) and every caller reads only the low half: narrowing removed the callers' extraout_/CONCAT and added none.
004313d0	classify_mangle_code	short classify_mangle_code(char *mangled)	Looks *code up in g_mangle_code_classes (004428c0, 0x21 entries {char *code; short class}) and returns the class in the low half, 0xffff if absent: 1 U/C/V/S qualifier, 2 basic type v c s i l f d r e m, 3 P/R, 4 F, 5 digit (length-prefixed name), 6 A, 7 M, 8 T, 9 $, 0xa '_', 0xb Q. Callers demangle_argument_list, parse_mangled_signature_kind, format_mangled_type_list. LOW HALF: returns 2 bytes; the stock code leaves a leftover in the high half (Ghidra showed CONCAT22) and every caller reads only the low half: narrowing removed the callers' extraout_/CONCAT and added none.
00431420	find_type_qualifier_code	short find_type_qualifier_code(char *mangled)	Index of *code in g_mangle_qualifier_names (004429c8: U unsigned, C const, V volatile, S signed), -1 if absent. Caller format_mangled_type_list.
00431460	find_basic_type_code	short find_basic_type_code(char *mangled)	Index of *code in g_mangle_basic_type_names (004429e8: v void, c char, s short, i int, l long, f float, d double, r long double, e ..., m enum), -1 if absent. Caller format_mangled_type_list.
004314a0	find_declarator_code	short find_declarator_code(char *mangled)	Index of *code in g_mangle_declarator_names (00442a38: P "*", R "&", F ")(", M "::*"), -1 if absent. Caller format_mangled_type_list.
004314e0	find_operator_name_code	short find_operator_name_code(unsigned char *name)	strcmp of name against the 0x2a codes of g_mangle_operator_names (00442a58: "__cl" operator(), "__vc" operator[], "__nw" operator new, ... "__rm" operator->*), returns the index or -1. Caller demangle_cpp_symbol_name (prints the second column).
00431540	find_ctor_dtor_name_code	short find_ctor_dtor_name_code(unsigned char *name)	strcmp of name against g_mangle_ctor_dtor_names (00442ba8: "__ct" -> "", "__dt" -> "~"), returns 0/1 or -1. Caller demangle_cpp_symbol_name (prints prefix + class name).
004315a0	format_mangled_type_list	unsigned short format_mangled_type_list(char *codes, int buffer)	Formats a list of mangled types into work buffer `buffer` (1/2/3), separated by "," (00442bd4). Clears the buffer (clear_work_buffer), the piece and back-reference tables, allocates the string chunks (allocate_demangle_string_chunks). Per code class: qualifiers + basic types / enum names / class names into g_demangle_type_piece; P/R/F/M declarators via find_declarator_code; A arrays (format_array_dimensions, parenthesised when pieces exist); T back references (format_type_back_reference); $ placeholders (format_placeholder_type); Q/<len> class names (format_qualified_name / parse_length_prefixed_name); each complete type is composed (compose_type_pieces), appended and remembered for back references (remember_argument_type). End: free_demangle_string_chunks, returns 0 low half; 0xffff/-1 errors. Callers demangle_cpp_symbol_name (conversion operator type, buffer 2), demangle_argument_list. LOW HALF: returns 2 bytes; the stock code leaves a leftover in the high half (Ghidra showed CONCAT22) and every caller reads only the low half: narrowing removed the callers' extraout_/CONCAT and added none.
004321b0	parse_length_prefixed_name	short parse_length_prefixed_name(char *src, char *dst, int *consumed)	"<len><name>" -> dst = name (NUL-terminated), *consumed = digits + len. 0xffff if len is 0. Callers format_class_scope_prefix, format_qualified_name, format_mangled_type_list, format_member_pointer_class. LOW HALF: returns 2 bytes; the stock code leaves a leftover in the high half (Ghidra showed CONCAT22) and every caller reads only the low half: narrowing removed the callers' extraout_/CONCAT and added none.
00432240	format_qualified_name	short format_qualified_name(char *mangled, char *dst, int *consumed)	"Q<n>__" + n length-prefixed names -> dst = "A::B::C" (components via parse_length_prefixed_name into g_demangle_qualified_component 004458b0, "::" between). *consumed = code length. Callers format_mangled_type_list, format_member_pointer_class. LOW HALF: returns 2 bytes; the stock code leaves a leftover in the high half (Ghidra showed CONCAT22) and every caller reads only the low half: narrowing removed the callers' extraout_/CONCAT and added none.
00432380	format_array_dimensions	short format_array_dimensions(char *mangled, char *dst, int *consumed)	copy_array_dimension_codes, then rewrites "A10_A3_" as "[10][3]" ('A' -> '[', '_' -> ']') into dst; *consumed = code length. SIG: Ghidra has an undefined return, but the function leaves copy_array_dimension_codes' status in EAX and format_mangled_type_list tests it ((short)ret != 0 -> return); listed in shcasm-ret4/use.txt. int keeps that. LOW HALF: returns 2 bytes; the stock code leaves a leftover in the high half (Ghidra showed CONCAT22) and every caller reads only the low half: narrowing removed the callers' extraout_/CONCAT and added none.
00432410	format_type_back_reference	short format_type_back_reference(char *mangled, char *dst, int *consumed)	"T<n>": copies the text of the n-th (1-based) remembered argument type (g_demangle_back_references, entry n-1) to dst; *consumed = 1 + digits. 0xffff if n is 0 or the entry is unused. Caller format_mangled_type_list. LOW HALF: returns 2 bytes; the stock code leaves a leftover in the high half (Ghidra showed CONCAT22) and every caller reads only the low half: narrowing removed the callers' extraout_/CONCAT and added none.
004324d0	format_member_pointer_class	short format_member_pointer_class(char *mangled, char *dst, int *consumed)	"M<class>": dst = class name (format_qualified_name for 'Q', else parse_length_prefixed_name, via g_demangle_member_class_text 00446ab0) + "::*" (00442bd0); *consumed = 1 + class code length. Returns the helper's status. Caller format_mangled_type_list (pushes the piece with kind 7).
00432580	format_placeholder_type	unsigned short format_placeholder_type(char *mangled, char *dst, int *consumed)	"$$nnn": the 3 digits after "$$" index g_demangle_placeholder_types; copies its text (the function type demangle_argument_list stored) to dst, *consumed = 5. 0xffff if the entry is unused. Caller format_mangled_type_list. LOW HALF: returns 2 bytes; the stock code leaves a leftover in the high half (Ghidra showed CONCAT22) and every caller reads only the low half: narrowing removed the callers' extraout_/CONCAT and added none.
00432610	copy_cv_qualifier_codes	int copy_cv_qualifier_codes(char *mangled, char *dst, int *consumed)	Copies the leading 'C'/'V' codes to dst (NUL-terminated), *consumed = their count; returns 0 only if they are followed by 'F', else 0xffff. Caller parse_mangled_signature_kind.
00432660	remember_argument_type	void remember_argument_type(char *text)	g_demangle_back_references[g_demangle_back_reference_count] = {1, alloc_back_reference_string(text)}, count++. The table "T<n>" codes refer to. Caller format_mangled_type_list.
00432690	initialize_work_buffers	void initialize_work_buffers(void)	Existing name. The three work buffers are the demangler's text buffers (append_to_work_buffer): text pointer 0, capacity 0x400, length 0 each. Caller shcasm_main.
004326d0	free_work_buffers	void free_work_buffers(void)	Existing name. Frees the three work buffers' text (FUN_00435290).
00432710	append_to_work_buffer	int append_to_work_buffer(char *text, int buffer)	strcat text to work buffer 1 (g_work_buffer_a), 2 (b) or other (c), doubling the capacity (+4) and reallocating (malloc/copy/free) when length + strlen + 1 would pass it; length += strlen. Returns 1, or -1 on allocation failure. Callers demangle_cpp_symbol_name, format_mangled_type_list.
00432800	reset_work_buffer	int reset_work_buffer(int buffer)	Allocates work buffer 1/2/3's text at its capacity if not yet allocated, then empties it (text[0] = 0, length 0). Returns 1, -1 on allocation failure. Callers demangle_cpp_symbol_name (1, 2), demangle_argument_list (3).
00432860	clear_work_buffer	void clear_work_buffer(int buffer)	Empties work buffer 1/2/3 (text[0] = 0, length 0) without allocating. Caller format_mangled_type_list.
00432890	allocate_demangle_string_chunks	void allocate_demangle_string_chunks(void)	Allocates the first 0x808-byte chunk of the type-piece chain (g_demangle_piece_chunk_first/current) and of the back-reference chain (g_demangle_backref_chunk_first/current) if not present; on failure free_demangle_string_chunks. Caller format_mangled_type_list.
00432900	free_demangle_string_chunks	void free_demangle_string_chunks(void)	Frees every chunk of the type-piece chain and then of the back-reference chain (following +0 next). Does not clear the head pointers. Callers format_mangled_type_list (end), alloc_type_piece_string / alloc_back_reference_string / allocate_demangle_string_chunks (on failure).
00432940	configure_signal_handlers	void configure_signal_handlers(int mode)	Existing name. mode != 1: signal() for SIGINT(2), SIGBREAK(0x15), SIGILL(4), SIGABRT(0x16), SIGSEGV(0xb) (the handler argument is not shown by the export).
004329a0	handle_interrupt_signal	void handle_interrupt_signal(int sig)	CREATE: not a function in the analysis (only configure_signal_handlers pushes its address). The SIGINT handler: close_and_delete_temp_files, then exit(13).
004329b0	handle_fault_signal	void handle_fault_signal(int sig)	CREATE: not a function in the analysis (only configure_signal_handlers pushes its address). The handler of SIGFPE/SIGILL/SIGSEGV/SIGTERM/SIGBREAK (0x15, 4, 0x16, 0xb): close_and_delete_temp_files; for a C++ request (cpp_block) of stage 0 with errors and message_flags bit 0 clear it stores the request back (store_request_record_file(0, g_request_record_path)) and exits 7; else exit(15). Release 26 reaches it on the SH-4 inputs that fault in the superscalar scheduler.
00432a10	load_request_record_file	request *load_request_record_file(short stage, char *path)	Existing name. Same code as shcpep 0041cb10: opens path (00442c5c), reads the short fixed size into g_request_record_size, mallocs g_request_being_loaded, read_request_fixed_part, read_request_variable_part, select_env_variable_names(request+0x144 != 0), save_request_trailer_to_temp(file, stage), fclose; sets g_loaded_request, request->stage (+0x118) = stage; 0xceb when g_request_version_mismatch; copies path to g_request_record_path. Errors 0xce4/0xbcd/0xce5 exit 9. Returns the request (Ghidra char *; request * is the s12 proposal's struct).
00432bb0	check_request_read_result	void check_request_read_result(int result)	result 0 or -1 -> report_message_by_code(NULL, 0, 0xce6) and exit(9) (FUN_004352e0). After every request-load read. Mirror of shcpep 0041ccb0.
00432be0	read_request_fixed_part	void read_request_fixed_part(request *req, FILE *in)	read_file_bytes(in, req, g_request_record_size) + check_request_read_result. Mirror of shcpep 0041cce0. Caller load_request_record_file.
00432c10	read_request_variable_part	void read_request_variable_part(request *req, FILE *in)	Mirror of shcpep 0041cd10: reads the string count, the 30 counted strings (+0x00, +0x38, +0x3c, +0x50..+0xa8, +0x114, +0x140, +0x11c, +0x120); when +0x144 (C++ block) is 0 compares +0x11c with "SH SERIES C Compiler Ver. 5.0(Re..." (0043c7c8) and +0x120 with the Hitachi copyright (0043c7f8) and sets g_request_version_mismatch on a difference; count != 0x1e -> 0x12c1, exit 11. Then the lists +0x24, +0x40, +0x48, +0x4c, +0xec, +0xb8, +0xbc, +0xc0, the +0x144 block and string +0x15c.
00432f60	read_request_string	void read_request_string(char **field, FILE *in)	Short length; nonzero -> malloc(len) (0xbcd on failure) and read the bytes into *field, else *field = NULL. Mirror of shcpep 0041d060.
00432ff0	read_request_section_list	void read_request_section_list(request_section **list, FILE *in)	Count of 0x20-byte section records (malloc(0x20) each, read raw), each followed by its name (length at +2, plus 1 byte) stored at +4; clears +0x18 and next (+0x1c); appends in order. request+0x24. Mirror of shcpep 0041d0f0.
00433110	read_request_string_list_040	void read_request_string_list_040(request_string **list, FILE *in)	Count + counted strings into 8-byte nodes {next, char *}; zero length -> 0x12c2, exit 11. request+0x40. Mirror of shcpep 0041d210.
00433250	read_request_string_list_048	void read_request_string_list_048(request_string12 **list, FILE *in)	Same with 12-byte nodes (+8 unset) and error 0x12c3. request+0x48. Mirror of shcpep 0041d350.
00433390	read_request_sized_string_list	void read_request_sized_string_list(request_sized_string **list, FILE *in)	12-byte nodes {next, char *str, short len-1}; zero length -> 0x12c3. request+0x4c. Mirror of shcpep 0041d490.
004334d0	read_request_source_file_list	void read_request_source_file_list(request_source_file **list, FILE *in)	12-byte nodes {next, short filno, short name_len, char *name}, read as 4 bytes (filno, len) then the name; zero length -> 0x12c4. request+0xec (report_message_* looks file numbers up here). Mirror of shcpep 0041d5d0.
00433620	read_request_11byte_entry_list	void read_request_11byte_entry_list(request_entry **list, FILE *in)	Count of 11-byte entries into 16-byte nodes (malloc(0x10)): bytes 0-3 -> +4..+7, 4-6 -> +0xc, +0xe, +0xf, 7-10 -> +8..+0xb; appended. request+0xb8 and +0xbc. Mirror of shcpep 0041d720.
00433720	read_request_12byte_entry_list	void read_request_12byte_entry_list(request_entry **list, FILE *in)	Count of 12-byte entries into 16-byte nodes: bytes 0-3 -> +8..+0xb, 4-7 -> +4..+7, 8-11 -> +0xc..+0xf. request+0xc0. Mirror of shcpep 0041d820.
00433830	read_request_cpp_block	void read_request_cpp_block(request_cpp_block **block, FILE *in)	Short size; nonzero -> g_request_cpp_block_size = size, malloc, read the raw block, a 2-byte count, then 5 counted strings into block+4..+0x14; *block = it. request+0x144 (nonzero = C++). Mirror of shcpep 0041d930.
00433920	save_request_trailer_to_temp	void save_request_trailer_to_temp(FILE *in, short stage)	If another byte follows the request and stage != 5, opens a temp file (FUN_0042f040) as g_request_trailer_file and copies the rest of the file into it byte by byte (FUN_0042ef00 write, check_request_read_result), else g_request_trailer_file = NULL. Caller load_request_record_file. Mirror of shcpep 0041da20.
004339b0	emit_progress_banner	void emit_progress_banner(short stage)	Existing name. fputs(g_progress_banner_table[stage]) + '\n' to stock_stderr (00443290), fflush. Entries 0..7 are the "*** Analyzing Source Program (f) ***" .. "*** Generating Code (t) ***" banners. Same code as shcpep 0041db80. Ghidra's undefined return -> void.
004339f0	store_request_record_file	unsigned int store_request_record_file(int stage, char *path)	Existing name. Mirror of shcpep 0041c0a0. stage unused. Opens path "wb" (00442e24) via FUN_00435500, writes the short g_request_record_size, write_request_fixed_part, write_request_variable_part, copy_request_trailer_from_temp when g_request_trailer_file is set; fclose; frees g_request_record_path (FUN_00435290) and clears it. Errors 0xce4/0xce5 -> FUN_004352e0(9) (exit). Return = the free call's EAX & 0xffff0000 (low 16 bits 0). Caller store_request_record_updates.
00433ad0	check_request_write_result	void check_request_write_result(int result)	Same code and name as shcpep 0041c180. result == -1 -> report_message_by_code(request->source_name, 0, 0xce7 cannot output, 0) and exit 9. Called after every write of the request store (FUN_0042ef00, the write_file_bytes counterpart), and by copy_request_trailer_from_temp after its reads as well.
00433b00	write_request_fixed_part	void write_request_fixed_part(request *req, FILE *out)	Same as shcpep 0041c1b0: writes the first g_request_record_size bytes of the request raw. Ghidra had char * for req.
00433b30	write_request_variable_part	void write_request_variable_part(request *req, FILE *out)	Same as shcpep 0041c1e0: string count 0x1e, then 30 write_request_string fields (+0x00, +0x38, +0x3c, +0x50..+0xa8, +0x114, +0x140, +0x11c, +0x120), then lists +0x24 (sections), +0x40, +0x48, +0x4c, +0xec, +0xb8, +0xbc, +0xc0, the +0x144 C++ block and string +0x15c. Mirror of the loader's FUN_00432c10. Ghidra had undefined4 * for req.
00433db0	write_request_string	void write_request_string(char **field, FILE *out)	Same as shcpep 0041c460: short (strlen+1) then the bytes incl. NUL; short 0 for NULL.
00433e40	write_request_section_list	void write_request_section_list(request_section **list, FILE *out)	Same as shcpep 0041c4f0: count of 0x20-byte records chained by +0x1c (request+0x24), each written raw (0x20 bytes) then, when +2 != 0, its name (+4) of length +2 plus 1. Ghidra had int * for list.
00433ee0	write_request_string_list_040	void write_request_string_list_040(request_string **list, FILE *out)	Same as shcpep 0041c590: count of {next, char *} nodes, then each as short (strlen+1) + bytes. Called for request+0x40. Identical code to 00433f80.
00433f80	write_request_string_list_048	void write_request_string_list_048(request_string12 **list, FILE *out)	Same as shcpep 0041c630; byte-identical to write_request_string_list_040, called for request+0x48.
00434020	write_request_sized_string_list	void write_request_sized_string_list(request_sized_string **list, FILE *out)	Same as shcpep 0041c6d0: list at request+0x4c, nodes {next, char *str, short len}: count, then short (len+1) and len+1 bytes.
004340c0	write_request_source_file_list	void write_request_source_file_list(request_source_file **list, FILE *out)	Same as shcpep 0041c770: list at request+0xec: count, then 4 bytes {filno (+4), strlen(name)+1} and the name (+8). report_message_by_code maps names to numbers through this list.
00434170	write_request_11byte_entry_list	void write_request_11byte_entry_list(request_entry **list, FILE *out)	Same as shcpep 0041c820: lists at request+0xb8 and +0xbc, 16-byte nodes: count, then 11 bytes per node (+4..+7, +0xc, +0xe, +0xf, +8..+0xb).
00434230	write_request_12byte_entry_list	void write_request_12byte_entry_list(request_entry **list, FILE *out)	Same as shcpep 0041c8e0: list at request+0xc0: count, then 12 bytes per node (+8..+0xb, +4..+7, +0xc..+0xf).
00434300	write_request_cpp_block	void write_request_cpp_block(request_cpp_block **block, FILE *out)	Same as shcpep 0041c9b0: short g_request_cpp_block_size; if nonzero the raw block, string count 5 and the 5 write_request_string fields at block+4..+0x14. Ghidra had int * for block.
004343d0	copy_request_trailer_from_temp	void copy_request_trailer_from_temp(FILE *out)	Same as shcpep 0041ca80: rewind(g_request_trailer_file), copies it byte by byte to out (FUN_0042eea0 read / FUN_0042ef00 write, both results checked with check_request_write_result), clears g_request_trailer_file, calls FUN_0042f170 (close_and_delete_temp_files counterpart). Caller store_request_record_file.
00434460	copy_path_file_name	unsigned short copy_path_file_name(char *dest, char *path)	Copies the part of path after the last '\', ':' or '/' (find_path_file_name_offset) into dest (copy_string). Low 16 bits of the result: 1 when path had no directory part (offset 0), 0 otherwise; 0xffff when dest or path is NULL (upper half is leftover EAX / callee value). Callers FUN_004130d6 (path = request+0x3c) and FUN_004273a8 only test (short)==-1 (message 0x132e). Keep the 4-byte return width. LOW HALF: returns 2 bytes; the stock code leaves a leftover in the high half (Ghidra showed CONCAT22) and every caller reads only the low half: narrowing removed the callers' extraout_/CONCAT and added none.
004344b0	find_path_file_name_offset	int find_path_file_name_offset(char *path)	Returns the index just after the last '\', ':' or '/' in path (0 if none). Only caller copy_path_file_name.
004344e0	copy_string	int copy_string(char *dest, char *src)	strcpy with a short index; returns 0. Only caller copy_path_file_name (result unused). Ghidra undefined4 -> int.
00434510	find_request_entry12_value	int find_request_entry12_value(request *req, int key, int *value)	Walks req->entry12_list_0c0 (+0xc0, request_entry nodes) for the node whose word at +4 equals key; on a hit stores the word at +0xc in *value and returns 1; 0 for no match or req == NULL. Only caller FUN_00420a51 (g_current_request, key = (short) record field +0x18; value goes to FUN_00427a7d; 0 -> message 0x1375). Meaning of the entries still unknown, so the name keeps shcpep's entry12 wording.
00434550	report_message_by_code	unsigned int report_message_by_code(char *file_name, int line, int msgno, char *text)	Existing name; same code as shcpep 0041deb0 (whose name came from here). file_name looked up in request->source_files (+0xec) for filno; appends {short msgno, int line, short 0, short filno, byte len, text <= 255} to the message file request+0x60 opened "ab" (00443114) when msgno/1000 > 0, request+0x124 & 8 or request+0x14a == 1. Open/write/close failures -> report_message_file_error_and_exit. Counts by msgno/1000: 2|6 -> +0xcc, 1|5 -> +0xc8, 0 -> +0x160. Return low 16 bits 0. Ghidra had byte * for file_name (byte-wise strcmp); widths unchanged.
004347c0	report_message_file_error_and_exit	void report_message_file_error_and_exit(int msgno)	Same as shcpep 0041e120. sprintf(g_message_number_text, "%d", msgno); prints "\n  " + request->source_name + "(0) : " + number + " " to stock_stdout (00443270); msgno/1000 == 4: "Internal error\n" (g_internal_error_text), == 3: g_internal_file_error_text[msgno] ("(F) Cannot open/close/input/output internal file"). Then FUN_0042f170 (close_and_delete_temp_files) and exit((4 or 5 | 0x10)*2+1 = 0x29/0x2b). Only caller report_message_by_code.
004348a0	format_listing_page_header	short format_listing_page_header(char *line, short page_no)	Builds the listing page header in line: the compiler banner ("SH SERIES C Compiler (Ver. 5.0(Release26))", or the C++ one when request+0x144), padded with spaces to column (request+8 == 0 ? 0x61 : request+8 - 0x1f) - 1, then the request's +0xf0 text, "  ", then "PAGE " (g_page_label_text, extended in place with 4 - digits spaces, cut back to 5 chars at the end), the page number from format_decimal (g_decimal_text) and "\n". page_no < 0, NULL line or format_decimal == -1: message 0x1309, exit 11. Returns strlen(line) - 1 in the low 16 bits (length without the newline); caller FUN_0042b864 (listing writer, buffer 00444550, page counter DAT_0044d980) uses (short)result. LOW HALF: returns 2 bytes; the stock code leaves a leftover in the high half (Ghidra showed CONCAT22) and every caller reads only the low half: narrowing removed the callers' extraout_/CONCAT and added none.
00434be0	format_decimal	short format_decimal(int value)	Recursive itoa into g_decimal_text (004474c8), '-' for negatives; g_decimal_text_length (004474c0) holds the running length. Returns the length in the low 16 bits, or 0xffff when it reaches 0x13 or more (upper half = sign of the previous length). Callers: itself, format_listing_page_header (tests (short)==-1). LOW HALF: returns 2 bytes; the stock code leaves a leftover in the high half (Ghidra showed CONCAT22) and every caller reads only the low half: narrowing removed the callers' extraout_/CONCAT and added none.
00434c70	get_env_directory	char *get_env_directory(char *var_name, int *ok)	Same as shcpep 0041e200: getenv(var_name) copied into g_env_directory (004474e0, at most 0x74 chars) with a trailing '\' added if missing. NULL if unset (*ok = 1) or too long (*ok = 0); "" for an empty value. Caller FUN_0042f210 (temp file name, var = g_tmp_env_name; *ok == 0 -> 0xcf9). Ghidra's undefined1 * -> char *, undefined4 * -> int *.
00434d30	select_env_variable_names	void select_env_variable_names(int is_cplusplus)	Same as shcpep 0041e2c0: sets g_inc_env_name / g_tmp_env_name / g_lib_env_name_* to "SHC_INC"/"SHC_TMP"/"SHC_LIB" (0) or the SHCPP_ variants. Caller load_request_record_file with (request+0x144 != 0).
00434da0	stock_strlen	unsigned int stock_strlen(char *str)	Visual C++ runtime strlen (the word-at-a-time 0x7efefeff scan of VC's strlen.asm), not stage code. Statically linked CRT routine compiled in the rebuild (SH5/rebuild/shcasm/src/00434da0_FUN_00434da0.c; not in _crt_excluded) -> stock_ prefix. Callers 004017a0, 00401b2a, 00401e96, 00406541, emit_object_header_and_tables, 0041080f, 00426d1d, 00427d94, 0042b864, ___strdup. Ghidra's char * return is the length; 4-byte width kept.
00434e20	_strcmp		Kept: Ghidra FID single match, VC6 strcmp (strcmp.asm). Compiled; shcpep likewise kept Ghidra's single-match library names (___exit, __amsg_exit, xtoa ...), so all such rows here keep the name. If the lead wants stock_ on every compiled routine: stock_strcmp.
00434eb0	stock_memcpy		CRT memcpy (memcpy.asm, overlap-safe body shared with memmove; Ghidra FID_conflict:_memcpy). Called by shcasm code only (read_next_backend_record, load_pipeline_window, ... copying 0x18-byte psd records). Compiled -> stock_ prefix. shcpep kept FID_conflict__memcpy (00423800): LEAD DECIDE (same rule both stages). Ghidra's sig kept (size_t).
00435000	stock_memcmp	int stock_memcmp(unsigned char *buf1, unsigned char *buf2, int count)	CRT memcmp (intrinsic form: jecxz; repe cmpsb; sbb eax,eax; sbb eax,-1 -> -1/0/1, no NUL test). Only caller FUN_00405f44 (compares 0x40-byte blocks). Compiled -> stock_ prefix. Not in shcpep.
00435020	__chkstk	void __chkstk(void)	CRT _chkstk / _alloca_probe (chkstk.asm): size in EAX, probes one 0x1000 page at a time, moves ESP, jumps to the return address. Not compiled (src/_crt_excluded/; _crt_shim.c defines FUN_00435020 as a no-op): library name as shcpep 00423570.
00435050	stock_malloc	void *stock_malloc(unsigned int size)	CRT malloc: stock_nh_malloc(size, _newmode 004436f0). Ghidra's sig says undefined but it returns stock_nh_malloc's EAX and every caller uses the pointer (stock_setenvp, stock_ioinit, stock_getdcwd, stock_fullpath, ...): LEAD DECIDE (void *), as shcpep 0041e370.
00435070	stock_nh_malloc	void *stock_nh_malloc(unsigned int size, int call_new_handler)	CRT _nh_malloc: NULL if size > 0xffffffe0, 0 becomes 1; loops stock_heap_alloc, calling stock_callnewh while call_new_handler and it succeeds. = shcpep 0041e390.
004350b0	stock_heap_alloc	void *stock_heap_alloc(unsigned int size)	CRT _heap_alloc: HeapAlloc(_crtheap 00450cb0, 0, size). Ghidra's sig says undefined but stock_nh_malloc uses EAX: LEAD DECIDE (void *), as shcpep 0041e3d0.
004350d0	stock_strcpy		CRT strcpy (strcat.asm entry: push edi; mov edi,[esp+8]; jmp into strcat's copy loop at 00435139). Callers in shcasm code (emit_object_header_and_tables, FUN_0041080f, ...) and __strdup. Ghidra types the params uint * (word stepping), so no signature (as shcpep's stock_strlen). Compiled -> stock_ prefix.
004350d8	stock_strcat		CRT strcat (strcat.asm): finds the end of dest with the 0x7efefeff/0x81010100 word test, then shares the copy loop with stock_strcpy. Params typed uint * by Ghidra, so no signature. Compiled -> stock_ prefix.
004351c0	_fputs		Kept (library name; excluded, replaced by _crt_shim.c _fputs).
00435220	_sprintf		Kept (library name; excluded, replaced by _crt_shim.c _sprintf).
00435290	stock_free	void stock_free(void *block)	CRT free: HeapFree(_crtheap, 0, p) if p. = shcpep 0041e3f0.
004352b0	stock_cinit	void stock_cinit(void)	CRT _cinit: calls _FPinit (00451cc8) if set, _initterm(__xi_a 0043c008, __xi_z 0043c010), _initterm(__xc_a 0043c000, __xc_z 0043c004). Called by entry before main. = shcpep 0041e530.
004352e0	stock_exit	void stock_exit(unsigned int exit_code)	CRT exit: stock_doexit(code, 0, 0). Callers: entry (main's result; -1 when no command line/environment), shcasm fatal paths. = shcpep 0041e560.
00435300	__exit		Kept (FID single match _exit = doexit(code, 1, 0)); also the _aexit_rtn target (00443200 holds 00435300).
00435320	stock_doexit	void stock_doexit(unsigned int exit_code, int quick, int retcaller)	CRT doexit (crt0dat.c, static): _C_Exit_Done (004431f4) = 1, _exitflag (004431f0, byte) = retcaller; !quick: onexit table from __onexitend-4 (00451cc4) down to __onexitbegin (00451ccc), then _initterm(__xp_a, __xp_z); always _initterm(__xt_a, __xt_z); !retcaller -> ExitProcess. First param UINT in Ghidra (passed to ExitProcess); shcpep used int: same width. = shcpep 0041e5a0.
004353a0	stock_initterm		CRT _initterm(_PVFV *begin, _PVFV *end) (crt0dat.c, static): calls each non-null function pointer in [begin, end). Callers stock_cinit, stock_doexit. Pointer-to-function-pointer params have no allowed type, so no signature (as shcpep 0041e620).
004353c0	_fclose		Kept (library name; excluded, replaced by _crt_shim.c _fclose).
00435430	stock_fseek	int stock_fseek(FILE *stream, int offset, unsigned int origin)	CRT fseek (fseek.c, single-thread body = _fseek_lk): needs _IOREAD|_IOWRT|_IORW (0x83) and origin 0..2, else errno EINVAL (0x16), -1; clears _IOEOF (0x10); SEEK_CUR adds stock_ftell and becomes SEEK_SET; __flush; _IORW clears read/write mode, a read stream with _IOMYBUF (8) and not _IOSETVBUF (0x400) gets _bufsiz 0x200; stock_lseek(_file) == -1 -> -1 else 0. Callers emit_final_object_file, FUN_0041399e, FUN_00426e2d. Not in shcpep.
004354d0	__fsopen		Kept (library name; excluded, replaced by _crt_shim.c __fsopen).
00435500	stock_fopen	FILE *stock_fopen(char *path, char *mode)	CRT fopen (fopen.c: return _fsopen(file, mode, _SH_DENYNO = 0x40)). Sits in the CRT block between fseek and strncpy. Ghidra's sig says undefined but it returns __fsopen's FILE* in EAX and every caller stores it as FILE * (emit_final_object_file, load_intermediate_record_stream, load_request_record_file, ...): LEAD DECIDE (FILE *). LEAD: shcpep calls the same routine open_shared_file (0041e510, existing name) although it is CRT fopen.
00435520	stock_strncpy	char *stock_strncpy(char *dest, char *source, int count)	CRT strncpy (C form): copies at most count chars, pads with NULs, returns dest. Callers stock_NMSG_WRITE ("..." when shortening the program name), FUN_0041080f, FUN_0042fd50. = shcpep 004228a0.
00435550	stock_calloc	void *stock_calloc(int count, int size)	CRT calloc: HeapAlloc(_crtheap, HEAP_ZERO_MEMORY (8), count*size, 0 -> 1) for size <= 0xffffffe0, new-handler retry while _newmode. Callers load_intermediate_record_stream, FUN_0041eaa6, FUN_0042abe1, ___crtGetStringTypeA. = shcpep 0041e480.
004355b0	_printf	int _printf(char *format, ...)	Library printf (Ghidra FID_conflict:_wprintf): __stbuf/__output/__ftbuf on stdout 00443270. Excluded (replaced by _crt_shim.c): library name as shcpep 0041e330.
004355f0	stock_fgets	char *stock_fgets(char *buf, int count, FILE *stream)	CRT fgets (fgets.c): count < 1 -> NULL; reads with the getc macro (_cnt--, *_ptr++ or __filbuf) until count-1 chars or '\n'; EOF before any char -> NULL; NUL-terminates; returns buf. Caller FUN_00427458. Compiled -> stock_ prefix (calls __filbuf in _crt_shim.c). Not in shcpep.
00435660	entry		Kept: mainCRTStartup (crt0.c), not compiled. SEH frame (scope table 0043b000, _except_handler3 at 004382cc), GetVersion -> _osver/_winver/_winmajor/_winminor, stock_heap_init, stock_ioinit, stock_initmbctable, _acmdln = GetCommandLineA, _aenvptr = stock_crtGetEnvironmentStringsA (stock_exit(-1) if either is NULL), __setargv, stock_setenvp, stock_cinit, __initenv = _environ, stock_exit(shcasm_main(__argc, __argv)).
00435770	__amsg_exit		Kept (FID single match): __FF_MSGBANNER unless __error_mode == 2, stock_NMSG_WRITE(code), then (*_aexit_rtn)(255).
004357a0	__fread_lk		Kept (library name; excluded, replaced by _crt_shim.c __fread_lk).
004358f0	__fwrite_lk	unsigned int __fwrite_lk(char *buf, unsigned int size, unsigned int count, FILE *stream)	CRT fwrite body (fwrite.c, single-thread): copies into the buffer / __flush / stock_write directly / __flsbuf. Excluded (_crt_shim.c defines FUN_004358f0): library name as shcpep 0041e8d0.
00435a70	stock_fullpath	char *stock_fullpath(char *abs_path, char *rel_path, unsigned int max_length)	CRT _fullpath (fullpath.c): empty/NULL rel_path -> stock_getcwd(abs_path, max_length); NULL abs_path -> stock_malloc(_MAX_PATH 0x104) (ENOMEM 0xc on failure); GetFullPathNameA; result >= max_length -> ERANGE (0x22); 0 -> stock_dosmaperr(GetLastError()). Caller FUN_0042ef50. Not in shcpep.
00435b30	_tmpnam		Kept (library name; excluded, replaced by _crt_shim.c _tmpnam).
00435bc0	init_namebuf		Kept (FID: tmpnam.c static _init_namebuf): namebuf0 (00443210) or namebuf1 (00443220) = _P_tmpdir "\\" + 's'/'t' + _ultoa(GetCurrentProcessId(), 32) + ".".
00435c50	genfname		Kept (FID: tmpnam.c static genfname): next name from the '.' suffix (stock_mbsrchr, _strtoul, __ultoa base 32).
00435cd0	_signal	int _signal(int sig, void *handler)	Kept (library name; excluded, replaced by _crt_shim.c _signal). NB Ghidra's sig has one param; the handler is the second stack word (in_stack_00000008); the shim's two-parameter form is right. SIG: two parameters (every caller pushes the signal number and the handler; with one the rebuild registered garbage)
00435e80	siglookup		Kept (FID: signal.c static siglookup over _XcptActTab 00443730, _XcptActTabCount 004437b0).
00435ec0	_fflush		Kept (library name; excluded, replaced by _crt_shim.c _fflush).
00435f10	__flush		Kept (library name; excluded, replaced by _crt_shim.c __flush).
00435f90	stock_flsall	int stock_flsall(int flushflag)	CRT flsall (fflush.c, static): walks __piob[0..511] (0x800 bytes), _fflush on in-use streams (_flag & 0x83); FLUSHALL (1) returns the count, FFLUSHNULL (0) only write streams and -1 on any error. Caller _fflush (excluded). = shcpep 0041ed70.
004360f0	_fputc		Kept (library name; excluded, replaced by _crt_shim.c _fputc).
00436120	_rewind		Kept (library name; excluded, replaced by _crt_shim.c _rewind).
00436180	stock_setmbcp	int stock_setmbcp(int codepage)	CRT _setmbcp (mbctype.c): getSystemCP; unchanged -> 0; 0 -> setSBCS; code page in __rgcode_page_info (00443600, 0x30-byte entries to 004436f0) -> _mbctype ranges ORed with __rgctypeflag (004435f8); else GetCPInfo lead-byte ranges; sets __mbcodepage/__mblcid (_CPtoLCID)/__mbulinfo. Returns 0 (or -1 when GetCPInfo fails and !fSystemSet). = shcpep 00420960.
00436360	getSystemCP		Kept (FID: mbctype.c static).
004363b0	_CPtoLCID		Kept (FID: mbctype.c static).
00436410	setSBCS		Kept (FID: mbctype.c static).
00436440	stock_initmbctable	void stock_initmbctable(void)	CRT __initmbctable (mbctype.c): stock_setmbcp(_MB_CP_ANSI = -3). Called by entry after stock_ioinit. = shcpep 00420c20.
00436450	stock_getenv		CRT getenv (getenv.c, single-thread: the _getenv_lk body IS getenv; Ghidra FID_conflict:__getenv_lk): _environ NULL -> ___wtomb_environ when _wenviron; looks for "NAME=" with __mbsnbicoll. Ghidra's sig kept (char *(char *)). Compiled -> stock_ prefix. LEAD: shcpep kept FID_conflict___getenv_lk (0041f170).
004364f0	stock_callnewh	int stock_callnewh(unsigned int size)	CRT _callnewh (handler.cpp): _pnhHeap (00447560) set and returns nonzero -> 1, else 0. Callers stock_nh_malloc, stock_calloc, stock_realloc. = shcpep 0041fdf0.
00436520	stock_heap_init	void stock_heap_init(void)	CRT _heap_init (heapinit.c): _crtheap = HeapCreate(HEAP_NO_SERIALIZE 1, 0x1000, 0); no small-block heap. First call in entry. = shcpep 0041fe20.
00436540	__stbuf		Kept (library name; excluded).
004365e0	__ftbuf		Kept (library name; excluded).
00436630	__flsbuf	unsigned int __flsbuf(unsigned int ch, FILE *stream)	CRT _flsbuf (_flsbuf.c): needs _IOWRT/_IORW (0x82) and not _IOSTRG (0x40); __getbuf unless stdout/stderr (00443270/00443290) on a tty (stock_isatty); stock_write of the buffer or the single char; FAPPEND -> stock_lseek(fh, 0, 2). Excluded (no shim needed: only excluded callers): library name as shcpep 00421480.
00436780	__output	int __output(FILE *stream, unsigned char *format, int *argptr)	CRT _output (output.c): the printf engine (__lookuptable 0043b010, __nullstring/__wnullstring 00443718/0044371c, _cfltcvt_tab 00443f10.. for %e/%f/%g, write_char/write_multi_char/write_string, get_*_arg). Excluded: library name as shcpep 0041f300.
00437160	write_char		Kept (FID: output.c static; excluded).
004371b0	write_multi_char		Kept (FID: output.c static; excluded).
004371f0	write_string		Kept (FID: output.c static; excluded).
00437230	stock_get_int_arg	int stock_get_int_arg(int *pargptr)	CRT get_int_arg (output.c, static): reads an int from the va_list, advances it by 4. Compiled (its only caller __output is excluded). = shcpep 0041fdb0.
00437240	stock_get_int64_arg		CRT get_int64_arg (output.c, static): reads an __int64, advances by 8. Returns undefined8: no allowed type, so no signature (as shcpep 0041fdc0).
00437260	stock_get_short_arg	unsigned short stock_get_short_arg(int *pargptr)	CRT get_short_arg (output.c, static): reads a short (the wchar_t for %C) and advances by 4. Ghidra param undefined4 * (same width). = shcpep 0041fde0.
00437270	__close		Kept (library name; excluded, replaced by _crt_shim.c __close).
00437340	__freebuf		Kept (library name; excluded).
00437380	stock_lseek	unsigned int stock_lseek(unsigned int fh, int pos, unsigned int mthd)	CRT _lseek (lseek.c, single-thread body): fh < _nhandle and FOPEN, stock_get_osfhandle, SetFilePointer(h, pos, NULL, mthd), error -> stock_dosmaperr; clears FEOFLAG (0x02); bad fh -> EBADF (9), _doserrno 0, -1. Callers stock_fseek, stock_ftell, stock_read, stock_write, stock_sopen, _rewind, __flsbuf, __chsize. = shcpep 00421870.
00437440	stock_ftell	int stock_ftell(FILE *stream)	CRT ftell (ftell.c, single-thread = _ftell_lk): param used as a FILE (+0 _ptr, +4 _cnt, +8 _base, +0xc _flag, +0x10 _file, +0x18 _bufsiz); stock_lseek(fh, 0, SEEK_CUR); unbuffered -> pos - _cnt; text mode (FTEXT 0x80) counts '\n' as 2; _IOREAD adjusts by the buffered bytes (FCRLF 0x04, _IOCTRLZ 0x2000). Ghidra types the param undefined4 * (same width). Only caller stock_fseek. Not in shcpep.
004375f0	__openfile		Kept (library name; excluded).
00437800	__getstream		Kept (library name; excluded).
00437880	__filbuf		Kept (library name; excluded, replaced by _crt_shim.c __filbuf).
00437970	__global_unwind2		Kept (library name; excluded).
004379b2	__local_unwind2		Kept (library name; excluded).
00437a46	stock_NLG_Notify	void stock_NLG_Notify(void)	CRT _NLG_Notify (exsup.asm debugger hook): stores EAX, [EBP+8], EBP into _NLG_Destination +4/+8/+0xc (00443724/28/2c). Sits right after __local_unwind2 (its caller). Compiled -> stock_ prefix. = shcpep 004202b6.
00437bf0	stock_setenvp	void stock_setenvp(void)	CRT _setenvp (stdenvp.c): counts _aenvptr (004431f8) strings not starting with '=', mallocs _environ (004431d8) (count+1)*4, copies each, __amsg_exit(_RT_SPACEENV = 9) on failure, frees _aenvptr, NULL-terminates. Called by entry. = shcpep 00420460.
00437cd0	__setargv		Kept (FID single match).
00437d70	parse_cmdline		Kept (FID: stdargv.c static).
00437f50	stock_crtGetEnvironmentStringsA	char *stock_crtGetEnvironmentStringsA(void)	CRT __crtGetEnvironmentStringsA (aw_env.c): static f_use (004437c0) picks GetEnvironmentStringsW + WideCharToMultiByte (1) or a malloc'd copy of GetEnvironmentStrings (2). Ghidra LPSTR = char *. Called by entry. = shcpep 004207c0.
004380f0	stock_ioinit	void stock_ioinit(void)	CRT _ioinit (ioinit.c): stock_malloc first __pioinfo block (32 x 8-byte ioinfo: osfhnd -1, osfile 0, pipech 10; __amsg_exit(_RT_LOWIOINIT = 0x1b)), inherits handles from STARTUPINFO cbReserved2/lpReserved2 (at most 0x800), then sets up fh 0..2 from GetStdHandle/GetFileType, SetHandleCount. Called by entry. = shcpep 00420c30.
00438389	__seh_longjmp_unwind		CRT _seh_longjmp_unwind@4: _local_unwind2(jmp_buf +0x18 registration, +0x1c try level). Excluded: library name as shcpep 00420ec9 (no signature there either).
004383b0	__FF_MSGBANNER		Kept (library name; excluded, _crt_shim.c no-op).
004383f0	stock_NMSG_WRITE	void stock_NMSG_WRITE(int rterrnum)	CRT _NMSG_WRITE (crt0msg.c): finds rterrnum in rterrs (00443a38, 8-byte {num, text} to 00443ac0); __error_mode == 1 or (0 and __app_type == console) -> WriteFile to fh 2 / STD_ERROR_HANDLE; else (except 0xfc) "Runtime Error!\n\nProgram: " + GetModuleFileNameA ("<program name unknown>", shortened with "..." via stock_strncpy) + ___crtMessageBoxA. Callers __amsg_exit, __FF_MSGBANNER. = shcpep 00420f30.
004385e0	stock_read	int stock_read(unsigned int fh, char *buf, unsigned int cnt)	CRT _read (read.c, single-thread body): FOPEN check, pipe lookahead (pipech), ReadFile; ERROR_ACCESS_DENIED (5) -> EBADF, ERROR_BROKEN_PIPE (0x6d) -> 0, else stock_dosmaperr; text mode CRLF -> LF and ^Z handling (stock_lseek). Callers __fread_lk, __filbuf, stock_sopen. Ghidra DWORD cnt = unsigned int. = shcpep 00421210.
00438850	stock_write	int stock_write(unsigned int fh, char *buf, unsigned int cnt)	CRT _write (write.c, single-thread body): FAPPEND (0x20) -> stock_lseek(fh, 0, 2); binary: WriteFile; text (FTEXT 0x80): LF -> CRLF through a 0x400-byte local buffer; ERROR_ACCESS_DENIED -> EBADF; disk full -> ENOSPC (0x1c). Callers __flsbuf, __fwrite_lk, __flush, __chsize. = shcpep 004215d0.
00438a80	stock_getcwd	char *stock_getcwd(char *buf, unsigned int maxlen)	CRT _getcwd (getcwd.c): return _getdcwd(0, buf, maxlen). Ghidra's sig says undefined but it returns stock_getdcwd's EAX and the caller stock_fullpath returns it: LEAD DECIDE (char *). Not in shcpep.
00438aa0	stock_getdcwd	char *stock_getdcwd(unsigned int drive, char *buf, int maxlen)	CRT _getdcwd (getcwd.c): drive 0 -> GetCurrentDirectoryA, else __validdrive (EACCES 0xd, _doserrno ERROR_INVALID_DRIVE 0xf) and GetFullPathNameA("X:."); NULL buf -> stock_malloc(max(len+1, maxlen)) (ENOMEM 0xc); maxlen < len+1 -> ERANGE (0x22); copies the path. maxlen compared signed (int, same width as Ghidra's SIZE_T). Caller stock_getcwd. Not in shcpep.
00438bd0	__validdrive		Kept (FID single match).
00438c20	stock_dosmaperr	void stock_dosmaperr(unsigned int oserrno)	CRT _dosmaperr (dosmap.c): _doserrno = oserrno; errtable (00443b28, 8-byte {oscode, errno} to 00443c90); 19..36 -> EACCES (13), 188..202 -> ENOEXEC (8), else EINVAL (0x16). = shcpep 00421800.
00438c90	__access		Kept (library name; excluded, replaced by _crt_shim.c __access).
00438ce0	__strdup		Kept (FID single match; stock_malloc + stock_strcpy). Caller copy_environ.
00438d10	stock_sopen	unsigned int stock_sopen(char *path, unsigned int oflag, int shflag, unsigned int pmode)	CRT _sopen (open.c; the varargs pmode is the 4th stack word): oflag -> CreateFileA access/share (_SH_DENYRW 0x10 .. _SH_DENYNO 0x40)/disposition/attributes (_umaskval 004431b8), _fmode (00443f70) default text/binary, stock_alloc_osfhnd, __set_osfhnd, ^Z trim for _O_RDWR text (stock_lseek, stock_read). Ghidra param 3 undefined4 (= int). Caller __openfile. = shcpep 00421aa0.
00439130	xtoa		Kept (FID: xtoa.c static).
00439190	__ultoa		Kept (FID single match).
004391b0	GetCurrentProcessId		Import thunk (jmp [00452170]); keep the import name. Callers init_namebuf, genfname.
004391c0	stock_strtoxl		CRT strtoxl (strtol.c, static): skips isspace (_pctype 00443ca0, or __isctype when __mb_cur_max 00443eac > 1), sign, base 0/16 "0x" prefix, digits via isdigit / isalpha + toupper, overflow -> ERANGE (0x22) with LONG_MAX/LONG_MIN/ULONG_MAX by flags. The endptr param is undefined4 * in Ghidra (stores a byte *): no signature (as shcpep 00421f50). Caller _strtoul.
00439410	_strtoul		Kept (FID single match): stock_strtoxl(str, endptr, base, FL_UNSIGNED 1). Caller genfname.
00439430	stock_mbsrchr	char *stock_mbsrchr(unsigned char *str, unsigned int ch)	CRT _mbsrchr (mbsrchr.c): __mbcodepage (004435dc) == 0 -> _strrchr; else a DBCS walk with the _mbctype lead-byte flag (_M1 4). Ghidra's sig says undefined (it lost the strrchr tail call's EAX), but caller genfname tests the result: LEAD DECIDE (char *), as shcpep 004221c0.
004394a0	stock_rmtmp	int stock_rmtmp(void)	CRT _rmtmp (rmtmp.c): _fclose every in-use stream in __piob[0.._nstream) whose _tmpnum (FILE +0x1c, Ghidra _tmpfname) is set; returns the count. No callers in the export (reached through the terminator tables). = shcpep 00422230.
004394f0	__isctype		Kept (library name; excluded, replaced by _crt_shim.c __isctype).
00439590	stock_commit	int stock_commit(unsigned int fh)	CRT _commit (commit.c): FlushFileBuffers(stock_get_osfhandle(fh)); failure -> EBADF, _doserrno = GetLastError(); bad fh -> EBADF, -1. Caller _fflush. = shcpep 00421930.
00439600	stock_fcloseall	int stock_fcloseall(void)	CRT _fcloseall (closeall.c): for i = 3.._nstream-1 _fclose in-use streams (counting successes) and stock_free __piob[i] once i >= _IOB_ENTRIES (20; byte offset 0x50). No callers in the export (terminator table). = shcpep 004219a0.
00439680	__mbsnbicoll		Kept (FID single match): stock_crtCompareStringA(__mblcid, NORM_IGNORECASE, s1, n, s2, n, __mbcodepage) - 2; 0 -> _NLSCMPERROR (0x7fffffff).
004396c0	___wtomb_environ		Kept (FID single match).
00439750	stock_isatty	unsigned char stock_isatty(unsigned int fh)	CRT _isatty (isatty.c): fh >= _nhandle -> 0, else _osfile(fh) & FDEV (0x40). Byte return as Ghidra has it; callers __stbuf, __flsbuf. = shcpep 004223f0.
00439780	__getbuf		Kept (library name; excluded).
004397d0	_wctomb		Kept (FID single match).
00439870	__aulldiv		Kept (FID single match; compiler helper, unsigned 64-bit divide).
004398e0	__aullrem		Kept (FID single match; compiler helper, unsigned 64-bit remainder).
00439960	stock_alloc_osfhnd	int stock_alloc_osfhnd(void)	CRT _alloc_osfhnd (osfinfo.c): first ioinfo without FOPEN in the __pioinfo blocks (sets osfhnd -1), else stock_malloc(0x100) a new 32-entry block (_nhandle += 32); returns fh or -1; bound 00450cb0 = end of __pioinfo. Caller stock_sopen. = shcpep 004225b0.
00439a20	__set_osfhnd		Kept (FID single match).
00439ad0	stock_free_osfhnd	int stock_free_osfhnd(unsigned int fh)	CRT _free_osfhnd (osfinfo.c): FOPEN with a handle: console app (__app_type 00443208 == 1) -> SetStdHandle(STD_INPUT/OUTPUT/ERROR_HANDLE, NULL) for fh 0..2; osfhnd = -1, 0; else EBADF, -1. Caller __close. = shcpep 00422720.
00439b60	stock_get_osfhandle	int stock_get_osfhandle(unsigned int fh)	CRT _get_osfhandle (osfinfo.c): _osfhnd(fh) if fh < _nhandle and FOPEN, else EBADF, _doserrno 0, -1. Callers stock_lseek, stock_commit, __close, __chsize. = shcpep 004227b0.
00439bb0	___crtMessageBoxA		Kept (library name; excluded, _crt_shim.c no-op).
00439c50	__chsize		Kept (library name; excluded, replaced by _crt_shim.c __chsize).
00439dc0	FID_conflict___toupper_lk		Excluded, replaced by _crt_shim.c FID_conflict___toupper_lk: kept exactly as shcpep (00422c00). The code is CRT toupper (single-thread libc: the _toupper_lk body is toupper; __lc_handle[LC_CTYPE] 00443ec0 == 0 -> ASCII, else ___crtLCMapStringA LCMAP_UPPERCASE).
00439eb0	_strrchr		Kept (FID single match).
00439ee0	___crtGetStringTypeA		Kept (FID single match). NB Ghidra's parameter names/types are a later CRT's (_locale_t first); the VC6 routine is (DWORD dwInfoType, LPCSTR src, int cch, LPWORD out, int code_page, int lcid, BOOL bError), 7 words as in the sig.
0043a010	stock_crtCompareStringA	int stock_crtCompareStringA(unsigned int locale, unsigned int flags, unsigned char *str1, unsigned int cnt1, unsigned char *str2, unsigned int cnt2, unsigned int code_page)	CRT __crtCompareStringA (a_cmp.c): static f_use (00443f88) picks CompareStringW (1, with MultiByteToWideChar via _strncnt 0043a300) or CompareStringA (2); code_page 0 -> __lc_codepage. Ghidra returns size_t (same width). Caller __mbsnbicoll. = shcpep 00422e50.
0043a300	_strncnt		Kept (FID; a_cmp.c's static strncnt). Caller stock_crtCompareStringA. Compiled. See 0043a960 for the second copy.
0043a330	stock_crtsetenv	int stock_crtsetenv(unsigned char *option, int primary)	CRT __crtsetenv (setenv.c): "NAME=value" split with __mbschr '='; copy_environ when _environ == __initenv; creates _environ/_wenviron or calls ___wtomb_environ; findenv; inserts/replaces/removes with stock_realloc; SetEnvironmentVariableA when primary. Ghidra uchar * = unsigned char *. Caller ___wtomb_environ. = shcpep 00423170.
0043a580	findenv		Kept (FID: setenv.c static).
0043a5e0	copy_environ		Kept (FID: setenv.c static).
0043a660	stock_strncat	char *stock_strncat(char *front, char *back, int count)	CRT strncat: appends at most count chars of back to front, NUL-terminates, returns front. No callers in the export. = shcpep 004234b0.
0043a6a0	stock_fptrap	void stock_fptrap(void)	CRT _fptrap (fp8.c): __amsg_exit(_RT_FLOAT = 2). No direct callers: default target of every _cfltcvt_tab pointer (00443f10..00443f24 all hold 0043a6a0). = shcpep 004234a0.
0043a6b0	stock_setmode	int stock_setmode(unsigned int fh, int mode)	CRT _setmode (setmode.c, single-thread body): _O_BINARY (0x8000) clears FTEXT, _O_TEXT (0x4000) sets it, else EINVAL; returns the old mode; bad fh -> EBADF. Caller __chsize. = shcpep 004234f0.
0043a730	___crtLCMapStringA		Kept (FID single match). NB Ghidra's signature is a later CRT's (9 params: _locale_t, LPCWSTR LocaleName ...); VC6's is (LCID, DWORD flags, LPCSTR src, int cch, LPSTR dst, int cchDest, int code_page, BOOL bError). Callers pass the LCID as Ghidra's first param (FID_conflict___toupper_lk). Left for the lead: the width/count is Ghidra's and the stock rebuild compiles it.
0043a960	_strncnt_lcmap		Second copy of _strncnt (a_map.c's own static); left out of the rebuild (regen-shcasm.sh --skip). Named apart from 0043a300 _strncnt.
0043a990	_memmove		SECOND COPY of the memcpy.asm body (identical to 00434eb0 bar addresses; Ghidra FID_conflict:_memcpy). No callers anywhere in the export; not in rebuild/shcasm/src. VC6 assembles memcpy.obj and memmove.obj from the same source, so a second linked copy is the other object; which address is memcpy and which memmove cannot be told from the code. LEAD: alternatively keep FID_conflict__memcpy.
0043aae0	stock_realloc	void *stock_realloc(void *block, unsigned int size)	CRT realloc (realloc.c, no small-block heap): NULL block -> stock_malloc; size 0 -> stock_free, NULL; else HeapReAlloc(_crtheap, 0, block, size) for size <= 0xffffffe0 with the stock_callnewh retry while _newmode. Caller stock_crtsetenv. = shcpep 00423950.
0043ab50	__mbschr		Kept (FID single match).
0043abe0	stock_strchr	char *stock_strchr(char *str, char ch)	CRT strchr: first position equal to ch (terminator included), else NULL. Caller __mbschr when __mbcodepage == 0. = shcpep 00423a50.
0043abf8	RtlUnwind		Import thunk (jmp [00452124]); keep the import name. Caller __global_unwind2.
0043ac00	stock_remove	int stock_remove(char *path)	CRT remove (unlink.c): DeleteFileA; failure -> stock_dosmaperr(GetLastError()), -1; else 0. Ghidra LPCSTR = char *. Caller stock_unlink. = shcpep 00423a70.
0043ac30	stock_unlink	int stock_unlink(char *path)	CRT _unlink (unlink.c): return remove(path). Ghidra's sig says undefined but caller FUN_0042f170 uses the result (iVar1 = FUN_0043ac30(...)): LEAD DECIDE (int), as shcpep 00423aa0.
