# address	name	signature (C prototype; empty = Ghidra's)	note
00401000	optimizer_main	int optimizer_main(int argc, char **argv)	called with (argc, argv): FUN_00423970(1), initialize_optimizer(argv), process_input_functions(), terminate_optimizer(argv); argc unused
00401030	initialize_optimizer	void initialize_optimizer(char **argv)	FUN_004239b0(1, argv[1]) returns the options record (g_options); g_debug_flags = options+300; g_inline_flags from options+0xb8; init_il_node_pool(0x2000); g_alloc_node_fn = FUN_00420950 (takes a node off the free list); reads, writes and frees the first record (read_il_node / write_il_node / FUN_00420980)
004010f0	process_input_functions	void process_input_functions(void)	main loop over top-level records: IL_FUNC (4) is optimised under setjmp(g_error_jmp_buf), IL_ASM (5) passed through, any other record is written and ends the loop; calls build_register_allocation_order first; keeps the file position of each function (FUN_004296f0 = ftell) for the fallback path; "read tree"/"write tree" dumps (debug bit 2); error 0x1091/0x1092 when g_pool_bytes_outstanding != 0 after a function (leak check, off with debug bit 0x10000000)
00401320	build_register_allocation_order	void build_register_allocation_order(void)	fills g_gpr_alloc_order (r14..r8 from index 4; count g_gpr_alloc_count, 0xb) and g_fpr_alloc_order (registers 31..0x14+options[0x149] from index options[0x149]; count g_fpr_alloc_count, 0xc), leaving out the registers whose bit is set in the option mask at options+0x150 and lowering the counts
004013c0	process_function_op0_inline	void process_function_op0_inline(il_node *func)	the op0inline path (options+4 == 0 and g_inline_flags & 2): read_il_operands, "op0inline read tree" dump, prepare_function_for_optimization, FUN_00406000 (unless debug 0x80000), FUN_00409ac0, "op0inline write tree" dump, write_function_and_free, leak check 0x1091/0x1092. orig: op0inline (debug strings)
00401480	process_function_expressions_only	void process_function_expressions_only(void)	fallback when a function is not optimised as a whole (options+4 == 0 without inline mode, or after abort_function_optimization longjmps back): FUN_00429920 (fseek) to g_function_file_pos, passes the function header through, then statement by statement: control records (op < 0x20) copied, expression trees read (read_il_operands, error 0xce6), FUN_004060b0 + FUN_004068a0 unless debug 0x80000, FUN_00409af0, written (write_il_tree) and freed; stops at the matching IL_E_BLOCK
004015e0	abort_function_optimization	int abort_function_optimization(void)	does not return: frees g_pending_jump_hash and the pending block lists, the loop table, leaves and pools (FUN_00415b30, FUN_0041eb50, FUN_004174e0, FUN_00413440, FUN_004058a0, FUN_00405960, FUN_00410d30, FUN_004171d0), sets g_function_aborted, reports message 100 with the function's name (FUN_004197a0), reset_symbol_leaf_numbers, reset_il_node_pool, _longjmp(g_error_jmp_buf, 1). Called on allocation failures (FUN_004081f0, FUN_00405a30, remember_leafed_symbol)
00401750	prepare_function_for_optimization	void prepare_function_for_optimization(il_node *func)	repeats FUN_0041f140 (inline mode) or FUN_004208b0 on the body (func->child) for g_body_pass_index = 0/1 .. options[0x14c]; optional FUN_00412760; then build_control_flow_graph(body), FUN_004136c0, assign_leaf_numbers(func)
00401850	assign_leaf_numbers	void assign_leaf_numbers(il_node *node)	recursive: gives each IL_ID node its leaf number (nleaf +0x58). A symbol (symx > 0) gets a leaf from FUN_00419700 once (cached in symbol.ms_leaf, recorded by remember_leafed_symbol) with leaf flags LF_STATIC (storage class 1..4), LF_EXPVOL (symbol type & 2), LF_IMPVOL (symbol+3 != 0); temporaries (symx <= 0) are looked up by symno in the leaf table (up to g_leaf_count). An assignment-class operator (0x38/0x39/0x3c/0x3d/0x50..0x5f) inside the second operand of ?:/&&/|| (g_cond_depth) sets LF_CNDASS on its target leaf
00401a50	optimize_function	void optimize_function(void)	the pipeline for one function: FUN_00406000 (opt_exp) rounds, FUN_00410b00 (DAG chain), FUN_00422a40, loop passes, "before lp_flat()" / "after loopflat[S]/[E]" dumps (debug 0x40000000; g_loops_flattened), common_subexpression_elimination (g_cse_changed), rebuild_cfg_and_leaves after passes that changed the tree, register allocation (FUN_00406d60), FUN_0040b530, FUN_00409ac0, leaf table dump (debug 4)
00401f00	write_function_and_free	void write_function_and_free(il_node *func)	write_il_tree(func), FUN_004209a0 (free the tree), reset_symbol_leaf_numbers, FUN_004058a0, FUN_00405960(g_loop_tree) and clears it, FUN_0040dec0 in inline mode, FUN_0041edf0, FUN_00420870
00401f70	remember_leafed_symbol	void remember_leafed_symbol(short symx)	pushes an 8-byte record {next, symx} on g_leafed_symbols (abort_function_optimization when the allocation fails)
00401fa0	reset_symbol_leaf_numbers	void reset_symbol_leaf_numbers(void)	walks g_leafed_symbols: symbol[symx].ms_leaf = 0, frees each 8-byte record
00401fe0	terminate_optimizer	void terminate_optimizer(char **argv)	FUN_00424a20(1, argv[1]), FUN_0040aa30, FUN_00417310, write_symbol_file when inline mode / options+0x35 / DAT_004587a0 / g_symbol_table_modified, then FUN_00429a70(g_max_error_level * 2 + 1) (exit)
00402040	rebuild_cfg_and_leaves	void rebuild_cfg_and_leaves(void)	after a pass changed the tree: FUN_00413850, reset_symbol_leaf_numbers, frees the blocks (FUN_004058a0) and loop table (FUN_00405960), clears g_leaf_count / g_leafed_symbols / g_cond_depth, build_control_flow_graph(g_current_function->child), FUN_004136c0, assign_leaf_numbers(g_current_function); the same sequence is inline in optimize_function
004020a0	compute_lreg_priorities_and_life_areas	void compute_lreg_priorities_and_life_areas(void)	register allocation (FUN_00406d60, after FUN_00407b30): for each logical register of g_lreg_list: WEB_CHAIN (kind 1): sort_web_chain_by_pp, priority [priori] (+4) = sum of the chain nodes' refcnt weighted by loop depth (FUN_00407b00, loop.fath chain), halved for some types when options+0x18 == 4, sets bblock.flag 0x10 on the chain's blocks; a web of a class 7/8 symbol with priority <= 2 and an occurrence in block 1 whose type fails the register-size checks (FUN_0041aca0) becomes DELETE_WEB (kind 3); otherwise each chain node gets its life area (compute_web_node_life_area with g_current_lreg). CONST_DATA (kind 0): compute_const_life_area
00402380	compute_const_life_area	void compute_const_life_area(lreg *reg)	reg: proposed struct lreg (0x2c, kind CONST_DATA). choose_const_dominator, then by the reg_const's dominator type (+2): NO_DOM adds every block's [startpp,endpp]; EX_DOM walks each use back to the dominator (mark_const_uses_on_paths, extend_const_life_area_backward), picks the latest use node per block and adds a range from it; SELF_DOM adds one range from the statement of the latest use. Ranges via make_life_area_entry pushed on reg->life (+0xc) | typed: reg+0x20 chain read as const_data (+02 dom_type 0/1, +08 uses as const_use {next, block +4, node +8, flag +10}, +14 dom_block, +18 dom_node); reg+0x0c life list head prepended with make_life_area_entry cells; called from compute_lreg_priorities_and_life_areas
00402660	choose_const_dominator	void choose_const_dominator(lreg *reg)	reg: proposed lreg (CONST_DATA); its reg_const (+0x20): all uses in one block that is in no loop -> SELF_DOM (2), dom_block = that block, dom_node = first use; otherwise the common dominator of the use blocks (FUN_0041e630) -> EX_DOM (1), moved to the outermost loop's pre-header (loop.pre +0x2c); dom_node = the use inside that block or the block's last statement. Values as printed by the lreg dump (00414820: NO_DOM/EX_DOM/SELF_DOM) | typed: reg+0x20 = const_data: +08 uses (const_use: +4 block, +8 node), sets +02 dom_type 1/2, +14 dom_block, +18 dom_node
00402770	mark_const_uses_on_paths	void mark_const_uses_on_paths(bblock *block, block_list *link, lreg *reg)	recursive over predecessors (prelst) up to the constant's dominator block: marks reg_const uses in the visited blocks (use flag bit 1, +0x10) and the blocks (bblock.flag 0x200 via byte +0x65 bit 2); link = the prelst entry the walk came through (its successors in that list are walked too); reg: proposed lreg | typed: reg+0x20 = const_data (+14 dom_block compared with block, +08 uses: const_use.block +4, flag +10 |= 1); recursive with the same reg
00402880	extend_const_life_area_backward	void extend_const_life_area_backward(bblock *block, block_list *link, lreg *reg)	same walk as mark_const_uses_on_paths, adding each unmarked block's whole [startpp,endpp] to reg's life area (make_life_area_entry pushed on reg+0xc) and marking it (flag 0x200) | typed: reg+0x0c life list (prepends make_life_area_entry cells), reg+0x20 const_data.dom_block (+14) as the stop block
004029a0	sort_web_chain_by_pp	void sort_web_chain_by_pp(lreg *reg)	reg: proposed lreg; bubble-sorts its web chain (+0x20, proposed du_node linked through +8) by the pp (+0x44) of each node's il_node (+0x10) | typed: reg+0x20 chain is a dutbl list: next +08, node +10, node.pp +44 compared; writes reg+0x20 (new head)
00402a50	any_bit_set	unsigned char any_bit_set(unsigned int *set, int nwords)	1 when any of nwords words is non-zero; used on the 0x10-word results of FUN_00406c30 (bit-set AND). Callers 00402a70, 00402d10, 00407000 test the result as a byte (00402d10 compares CONCAT31(extraout, b) == 1)
00402a70	compute_web_node_life_area	void compute_web_node_life_area(dutbl *chain_node)	chain_node: proposed du_node. Computes the pp range [start,end] over which this chain node keeps the web live (from the node's pp to its statement, to the block end when the leaf's use set (g_leaf_table use) meets the block's l_in/out, or from the block start for the first node, g_first_chain_node) and pushes it (make_life_area_entry) on g_current_lreg->life; when it reaches the block end, add_block_to_life_area on successors whose l_in meets the leaf's use set | typed: +00 kind (==2 definition), +04 links (node_list; link->node->duptr->block compared with +0c), +0c block (startpp +58, endpp +5a, out +14, l_in +18, suclst +0c), +10 node (pp +44, flag +5e, parent +10, cmnexp +3c, nleaf +58)
00402d10	add_block_to_life_area	void add_block_to_life_area(bblock *block)	adds [startpp,endpp] of block to g_current_lreg's life area, sets bblock.flag 8, recurses into successors (suclst) without flag 8/0x10 whose l_in (+0x18) meets the use set of the web's leaf
00402de0	make_life_area_entry	void *make_life_area_entry(unsigned short start_pp, short end_pp)	finds or creates the 0xc-byte proposed life_range {next, lregs, start, end} in g_life_ranges_by_pp[start_pp], adds g_current_lreg to its lreg list (8-byte {next, lreg}), returns a new 8-byte link {next, range} for the caller to push on lreg->life (+0xc). Sizes from FUN_004081f0(8)/(0xc)
00402e70	coalesce_copy_webs	void coalesce_copy_webs(void)	for each WEB_CHAIN whose only definition (find_single_definition) is an assignment '_' of a register-sized value copied from a variable with its own web (via duptr): binds it to that web's lreg (+0x18 bind; appended to the target's +0x24 bakbind chain) when definition_outside_life_areas; then merges every bound lreg into its root (merge_bound_lreg). Dump names [bind]/[bakbind] (00414820)
00403170	merge_bound_lreg	void merge_bound_lreg(lreg *dst, lreg *src)	dst/src: proposed lreg. Drops src clash entries already in dst, appends src's chain (+0x20), life area (+0xc) and clash list (+0x10) to dst, src becomes DELETE_WEB (kind 3) with its lists cleared, dst priori += src priori - 2, removes dst's self-clashes and repoints the other lregs' clash entries from src to dst | typed: both: +02 set (src := 3 DELETE(WEB)), +04 priori summed, +0c life, +10 clashed ({next, lreg *} cells), +20 chain (dutbl list walked by +08); caller coalesce_copy_webs passes g_lreg_list entries and their +18 bind
00403350	find_single_definition	dutbl *find_single_definition(dutbl *chain)	chain: first proposed du_node; returns the only node of kind 2 (definition) when there is exactly one, else 0 (return width 4) | typed: counts records with +00 kind == 2 walking +08 next; returns the one definition or 0; callers pass lreg.chain (+20) and read the result's +10 node (op '_', val3 +28 = lreg)
00403380	definition_outside_life_areas	int definition_outside_life_areas(lreg *reg, dutbl *def)	reg: proposed lreg, def: du_node. 1 when the pp of def's il_node lies outside every life range of reg and of the lregs bound to it (recursive over bind and bakbind), else 0 | typed: reg: +0c life cells {next, lifetbl *} (lifetbl st +08 / en +0a vs def->node->pp), +24 bakbind recursion; def: +10 node, node.val3 (+28) = lreg whose +18 bind / +20 chain are followed
00403410	build_lreg_clash_lists	void build_lreg_clash_lists(void)	for every pp 1..g_pp_count-1, every life range starting there and every lreg in it: add_clashes_for_range; builds the [clashed lregs] lists (+0x10)
00403460	add_clashes_for_range	void add_clashes_for_range(void *lreg_link, lifetbl *range)	lreg_link: 8-byte {next, lreg} in range's lreg list; range: proposed life_range. Clashes its lreg with the rest of that list, with the lregs of later ranges at the same start pp, and with every lreg of the ranges starting in (start, end] (the end pp itself only when the lreg is bound (+0x18) or end is the endpp of a block) via add_lreg_clash | typed: range: +00 next lifetbl (same start), +04 lregs list, +08 st, +0a en; build_lreg_clash_lists passes g_lifehash_buckets entries; lreg_link stays void * (a {next, lreg *} cell, no record)
00403520	add_lreg_clash	void add_lreg_clash(void *link_a, void *link_b)	links {next, lreg}: when the two lregs differ and do not yet clash, pushes each on the other's clash list (+0x10)
00403590	compute_lreg_profits	void compute_lreg_profits(void)	for each lreg: profit (+8) = priori (+4) - average priori of its clashing lregs (dump "priori=%d, profit=%d")
004035d0	statement_pp	unsigned short statement_pp(il_node *node)	climbs parents to the statement root (flag 0x200, set per statement by FUN_00406f80) and returns its pp (+0x44)
004035f0	common_subexpression_elimination	void common_subexpression_elimination(void)	clears g_value_number, g_cse_nesting, g_cse_cond_depth, g_cse_has_goto_or_label, g_cse_in_builtin_call; cse_mark_unchained_blocks, cse_number_statements(g_current_function), cse_replace_in_blocks, cse_free_hash_tables. The caller (optimize_function) clears g_cse_changed before and rebuilds the CFG and leaves when it is set
00403630	cse_mark_unchained_blocks	void cse_mark_unchained_blocks(void)	for every block in creation order (bn_next from g_first_block) whose f_next and b_next are both 0 (not on the depth-first chain), cse_mark_subtree_skipped on each of its statements
00403670	cse_mark_subtree_skipped	void cse_mark_subtree_skipped(il_node *node)	sets flag2 (+0x60) bit 1 on node and every operand; cse_number_expression skips such nodes
004036a0	cse_number_statements	void cse_number_statements(il_node *node)	walks node's operands: recurses into IL_BLOCK, skips IL_NULL, numbers every other statement with cse_number_expression
004036e0	cse_number_expression	void cse_number_expression(il_node *node)	value-numbering walk (val_no +0x44, class head +0x48, class next +0x4c, refcnt +0x5c): IL_GOTO/IL_GLABEL set g_cse_has_goto_or_label; IF/FOR/WHILE/DO/SWITCH operands at g_cse_nesting+1; op class 0x80 (?:, &&, ||) via cse_number_conditional; otherwise operands first (g_cse_in_builtin_call while inside a call to a builtin listed at 004342d0, FUN_004073f0), then by g_il_op_class: 1 cse_number_constant, 2 cse_number_identifier, 4/8 and indirection of some types cse_number_operator, else cse_clear_value_number
004038d0	cse_number_conditional	void cse_number_conditional(il_node *node)	first operand normally, the others with g_cse_cond_depth + 1, then cse_clear_value_number(node)
00403920	cse_number_constant	void cse_number_constant(il_node *node)	joins an equal constant's class (cse_find_constant, cse_join_value_class); else, outside conditional operands, cse_new_value_number + cse_add_constant
00403970	cse_number_identifier	void cse_number_identifier(il_node *node)	skips address-taken (parent IL_AMPER), struct/union typed, volatile and LF_STATIC/LF_CNDASS/LF_IMPVOL leaves; an assignment target (parent op class 0x20, first operand) starts a value (g_leaf_table lastnd = node, cse_record_leaf_definition) or, when the leaf already has one, cse_count_leaf_redefinition; a use joins the leaf's current definition or, when not nested/conditional/goto, starts a value
00403a80	cse_number_operator	void cse_number_operator(il_node *node)	when every operand has a value number: joins an equal expression (cse_find_expression, cse_join_value_class) or, when not nested/conditional/goto, cse_new_value_number + cse_add_expression; else cse_clear_value_number
00403b10	cse_clear_value_number	void cse_clear_value_number(il_node *node)	refcnt (+0x5c) = 0, class head (+0x48) = 0, val_no (+0x44) = 0, class next (+0x4c) = 0
00403b30	cse_join_value_class	void cse_join_value_class(il_node *head, il_node *node)	node->+0x48 = head, inserted after head in the +0x4c chain, takes head's val_no (a fresh number when head has none), head refcnt += 1 unless struct/union typed
00403b90	cse_new_value_number	void cse_new_value_number(il_node *node)	node heads its own class: refcnt 1, +0x48 = node, +0x4c = 0, val_no = ++g_value_number
00403bc0	cse_add_constant	void cse_add_constant(il_node *node)	pushes {next, node} on g_const_hash[(val + val2 + val3) % 16]; allocation failure -> cse_abort_out_of_memory
00403c10	cse_find_constant	il_node *cse_find_constant(il_node *node)	looks node up in g_const_hash with FUN_0040a460 (node equality); returns the equal node or 0
00403c60	cse_record_leaf_definition	void cse_record_leaf_definition(il_node *node)	adds {next, leafno, count 1} for node's leaf to g_leaf_def_hash (128 buckets by leaf number)
00403cb0	cse_count_leaf_redefinition	void cse_count_leaf_redefinition(il_node *node)	increments the definition count of node's leaf in g_leaf_def_hash
00403cf0	cse_add_expression	void cse_add_expression(il_node *node)	pushes {node, next} on g_expr_hash[(op + val_no(op1) + val_no(op2)) % 128]
00403d50	cse_find_expression	il_node *cse_find_expression(il_node *node)	finds a node with the same operator, a compatible type and the same operand value numbers (either order for op class bit 8, commutative) in g_expr_hash; 0 when an operand heads its own class or nothing matches
00403e80	cse_abort_out_of_memory	void cse_abort_out_of_memory(void)	cse_free_hash_tables then abort_function_optimization
00403e90	cse_replace_in_blocks	void cse_replace_in_blocks(void)	cse_replace_in_block for every block of the depth-first chain after the first (g_block_order_head->f_next onwards)
00403eb0	cse_replace_in_block	void cse_replace_in_block(bblock *block)	for each statement entry of block->ilnode: entry->node = cse_replace_in_tree(entry->node, entry, block)
00403ee0	cse_replace_in_tree	il_node *cse_replace_in_tree(il_node *node, node_list *stmt, bblock *block)	RETURN TYPE CHANGE (lead to decide): the sig line has undefined (void) but the value is used by 00403eb0 (stores it) and by its own recursion (follows ->next of the result); the result is cse_check_common_expression's return left in EAX. Post-order over the operands, then cse_check_common_expression(node, stmt, block)
00403f20	cse_check_common_expression	il_node *cse_check_common_expression(il_node *node, node_list *stmt, bblock *block)	when node is in g_expr_hash: if its leaves are not all defined once (cse_single_definition_status != 1) unlinks its class chain (+0x4c) and returns it; else returns cse_replace_with_temporary(node, stmt, block). Otherwise returns node
00403f90	cse_single_definition_status	short cse_single_definition_status(il_node *node)	IL_ID: its leaf's definition count from g_leaf_def_hash (0 when absent); IL_CONST: 1; other: 1 when every operand gives 1, else the first other value
00404010	cse_replace_with_temporary	il_node *cse_replace_with_temporary(il_node *node, node_list *stmt, bblock *block)	for a class head of register type used more than once (refcnt > 1 and more than its parent's, or under an assignment operator 0x50..0x5f): sets g_cse_changed, puts (temp = node) in node's place (FUN_00421020(IL_ASSIGN, type), FUN_00421150 new temporary, FUN_00420e60, FUN_00420dd0) and replaces every other class member (+0x4c chain) with a copy of the temporary (FUN_00420c50, FUN_00420aa0), fixing the statement entries in block and the following blocks (f_next); returns the node now in node's place. stmt unused
00404190	cse_free_hash_tables	void cse_free_hash_tables(void)	frees the g_leaf_def_hash entries (clearing g_leaf_table lastnd of each leaf), g_const_hash and g_expr_hash (8-byte entries) and clears the buckets
00404240	write_symbol_file	void write_symbol_file(void)	when the symbol table grew (options+0xb0 > g_initial_symbol_count) or g_symbol_table_modified: opens options+0x6c (FUN_00429ce0 = fopen, mode string at 004334f0; error 0xce4) as g_symbol_file and writes each used symbol 1..options+0xb0: index, class, class-dependent short, name length + name, type, aggregate size, bytes +6/+7/+0x2e, short +0x16, byte +0x38, then function info / init info / class 10 lists / class 9 int +0x18; fclose error 0xce5
00404420	write_symbol_init_info	void write_symbol_init_info(symbol *sym)	(symbol byte +7 bit 0x10) writes byte +0x2d, then +0x30 (2 bytes when +0x2d bit 4, else 4) when +0x2d bit 2, then the int +0x34 when +0x2d bit 1. "init" is a reading of the flag, confirm
00404480	write_symbol_class	void write_symbol_class(char sclass)	one byte (symbol+0) to g_symbol_file
004044a0	write_symbol_class_short	void write_symbol_class_short(char sclass, short value)	writes value (symbol+4) only for classes 3, 4, 9 and 11
004044f0	write_symbol_name_length	void write_symbol_name_length(char len)	one byte (symbol.name_len +2)
00404510	write_symbol_name	void write_symbol_name(unsigned char len, char *name)	writes len bytes of name when len != 0
00404540	write_symbol_type	void write_symbol_type(char type)	one byte (symbol+1, the type byte in il_node.type's encoding: read_il_node copies it into IL_ID nodes)
00404560	write_symbol_aggregate_size	void write_symbol_aggregate_size(unsigned char type, int size)	writes size (symbol+8) only when (type & 0xe0) >= 0x60 (struct/union/array kinds)
00404590	write_symbol_byte_06	void write_symbol_byte_06(char value)	one byte (symbol+6); the field's meaning is not known
004045b0	write_symbol_function_info	void write_symbol_function_info(symbol *sym)	for class 1/3 with type 0x48: the record at sym+0x10: type byte (+4) and size (+0), byte +5, a byte count (+6) of symbol numbers (shorts at +0xc) each followed by that symbol's type byte, a short count (+8) of shorts (+0x10). "function" is a reading of type 0x48 + a parameter-like list; confirm
004046f0	write_symbol_class10_lists	void write_symbol_class10_lists(symbol *sym)	class 10: the record at sym+0x10: a short count (+0) of shorts (+4), then a short count (+2) of symbol numbers (+8) each followed by that symbol's type byte
00404800	write_symbol_bytes	void write_symbol_bytes(FILE *fp, char *buf, unsigned int size)	FUN_004254f0 (fwrite) with error 0xce7
00404830	read_il_node	il_node *read_il_node(void)	gets a node from g_alloc_node_fn (error 0x109b when unset), reads op and the op-dependent fields (symx, type/size, constant value sized by const_value_size, asm number/size, call fields, qualify fields) and filn/line/listno (+0xa/+0xc/+0x32) from the .ila file (read_ila_bytes); IL_ID takes its type from symbol+1; 0 when no node
00404ab0	const_value_size	int const_value_size(int type_class)	bytes of a constant by type & 0xfc: 0x30 -> 8, 0x38 -> 12, else 4
00404ae0	write_il_node	void write_il_node(il_node *node)	mirror of read_il_node to the .ilb file (write_ilb_bytes), adding lreg (+0x30) for IL_ID, blkflg (+0x20 byte) for IL_BLOCK/IL_E_BLOCK and FR0set (+0x62) for IL_ID and A_ADD/A_SUB/A_MUL/A_DIV/ASSIGN/COMMA
00404d80	read_node_type	void read_node_type(il_node *node)	reads the type byte (+3) and, for kinds 0x60/0x70/0x80/0x90 (struct/union/array), the size (+0x20)
00404dc0	write_node_type	void write_node_type(il_node *node)	writes the type byte and, for kinds 0x60/0x70/0x80/0x90, the size (+0x20)
00404e00	read_il_operands	il_node *read_il_operands(il_node *node)	reads node's operands (count from g_il_op_operand_count, a short per operator) with read_il_tree and links them (child/next/parent); an IL_BLOCK stops at its IL_E_BLOCK, an IL_ARG at its IL_E_ARG; returns node, or 0 when the input ends early
00404e60	read_il_tree	il_node *read_il_tree(void)	RETURN TYPE CHANGE (lead to decide): the sig line has undefined (void) but read_il_operands uses the result; read_il_node, then read_il_operands on it; the node (or 0) stays in EAX
00404e80	write_il_tree	void write_il_tree(il_node *node)	writes node, its operands (recursively) and its following siblings (next)
00404eb0	init_il_node_pool	void init_il_node_pool(int count)	g_il_node_pool = FUN_00417270(0x68, count) (error 0xbcd when 0), g_il_node_pool_count = count, reset_il_node_pool
00404ef0	reset_il_node_pool	void reset_il_node_pool(void)	g_free_il_nodes = g_il_node_pool, FUN_004172d0
00404f00	read_ila_bytes	void read_ila_bytes(unsigned int size, char *buf)	FUN_00425490 (fread) from g_input_file; error 0xce6 when it returns 0 or -1
00404f30	write_ilb_bytes	void write_ilb_bytes(unsigned int size, char *buf)	FUN_004254f0 (fwrite) to g_output_file; error 0xce7
00404f60	allocate_il_node_block	void allocate_il_node_block(int count)	allocates count 0x68-byte nodes in one block (smaller counts via __ftol on failure, error 0xbcd below 11), chains them through next (+0x18) into g_il_node_block_list; caller FUN_0041ef30 (inline mode)
00404fd0	copy_loop_body_blocks	void copy_loop_body_blocks(loop *lp, int copies)	appends copies of the statements of the loop's body block (lp->start for IL_DO, lp->exit otherwise) copies times (FUN_00420c50 copy, FUN_00420dd0, FUN_004059c0); dump "after cp_lpblk" with B%d / tcount / ilnode (debug 0x1000). orig: cp_lpblk. Caller FUN_00411b70
00405150	link_blocks_reverse_postorder	void link_blocks_reverse_postorder(bblock *block)	depth-first over successors (suclst), flag = 1 marks visited; each finished block is pushed at the head of the f_chain (f_next +0x20 / b_next +0x24): g_block_order_head, g_block_order_tail
004051b0	build_control_flow_graph	void build_control_flow_graph(il_node *body)	clears the CFG state, creates the entry block (FUN_00405660), cfg_start_block(1), cfg_add_statement(body), connects the pending block lists (FUN_004055f0) and g_pending_jump_hash, sets g_exit_block, link_blocks_reverse_postorder(g_first_block), FUN_004165e0, builds the loop tree (FUN_00405af0, FUN_00405b80); dump "mk_cfg after" + loop table (debug 0x800). orig: mk_cfg
00405380	cfg_add_statement	void cfg_add_statement(il_node *stmt)	by operator: IL_BLOCK recurses up to IL_E_BLOCK, IL_EMPTY ignored, SWITCH/IF/FOR/WHILE/DO/RETURN/BREAK/CONTINUE/GOTO/GLABEL/CLABEL/DLABEL to their builders (FUN_00421920 .. FUN_004164c0; GOTO sets g_has_goto, DLABEL g_has_default_label), anything else cfg_append_statement
004054b0	cfg_append_statement	void cfg_append_statement(il_node *stmt)	appends stmt to the current block's statement list (node_list, tail g_current_block_tail); when no list is open, the open block becomes the current one (lptbl = g_current_loop, pending fall-through predecessors connected) and a new open block is created; tcount += 1
00405540	cfg_start_block	void cfg_start_block(int fall_through)	the open block becomes the current one (no statements, lptbl = g_current_loop, pending predecessors connected), a new open block is created; fall_through != 0 makes the current block the pending fall-through predecessor (g_pending_fallthrough)
004055b0	cfg_add_edge	void cfg_add_edge(bblock *from, bblock *to)	unless to is already in from->suclst: conses to onto from->suclst and from onto to->prelst (FUN_00405630)
004055f0	add_edges_from_list_and_free	void add_edges_from_list_and_free(block_list *list, bblock *to)	for each cell: FUN_004055b0(cell->block, to) (004055b0 = add a CFG edge: pushes to onto from->suclst and from onto to->prelst unless already there), then frees the 8-byte cell
00405630	new_list_cell	block_list *new_list_cell(block_list *next, bblock *item)	allocates an 8-byte list cell {item, next} (cell[0]=param_2, cell[1]=param_1); cfg_out_of_memory on failure; used for prelst/suclst (004055b0) and node lists | typed: builds an 8-byte {item, next} cell = block_list (+0 block, +4 next); every caller passes a bblock as item (g_cfg_cur_block, g_switch_block, cfg_add_edge from/to, mk_cfg_* to/item) and a block_list as next (g_cfg_pending_jumps/break/continue jumps, bblock.suclst/prelst, label_rec.gotos in cfg_goto); results are stored into block_list * globals and suclst/prelst
00405660	new_bblock	bblock *new_bblock(void)	allocates bblock 0x68 + bblock_sets 0x14 + bit sets 0x20 x4 and 0x40 x4; at most 0x100 blocks (g_block_count); links the previous block's bn_next (g_last_block+0x28); number = ++g_block_count
004057c0	free_bblock	void free_bblock(bblock *block)	frees the ilnode cells, suclst, prelst, every bit set, sets and the 0x68 block (mirror of new_bblock)
004058a0	free_all_bblocks	void free_all_bblocks(void)	walks g_first_block by bn_next calling free_bblock; clears g_first_block and g_f_chain; debug 0x1000 prints "bbnd free" / " No.%d,"; orig: bbnd free
00405920	wrap_in_block_pair	void wrap_in_block_pair(il_node *stmt)	new IL_BLOCK (8) and IL_E_BLOCK (9) nodes with blkflg (val bit 0); 00420e60 inserts the block node as stmt's parent, 00420f20 puts the e_block after stmt
00405960	free_loop_tree	void free_loop_tree(loop *lp)	frees a loop, its children (recursive) and the following loops (next chain), 0x3c bytes each; debug 0x1000 " free lptbl LP%d"; orig: free lptbl
004059c0	append_list_item	void append_list_item(node_list **head, il_node *item)	walks the next links to the end and links a new 8-byte cell holding item (the cell's next is not written: relies on the pool returning zeroed memory) | typed: stores item in node_list.node; every caller passes an il_node: copy_loop_body_blocks (copy_tree result), invert_loop_to_guarded_do, rewrite_loop_count_down, insert_in_loop_preheader (assign), reduce_induction_variable (new IL_ASSIGN), cse_append_temp_assign (new IL_ASSIGN); the heads are bblock.ilnode lists
00405a00	push_list_item	void push_list_item(node_list **head, il_node *item)	prepends an 8-byte cell holding item; caller 0040c2d0 | typed: stores item in node_list.node; the only caller, assign_final_value_after_loop, passes stmt (il_node *) onto bblock.ilnode
00405a30	cfg_out_of_memory	void cfg_out_of_memory(void)	called when an allocation fails (00405630, 00405660, 004059c0, 00405a00, 00421a80 ...): frees the 256 buckets at 00458ae0 and the lists 00450718/00458f0c/004587b8/00458ee4, then FUN_004015e0 (the fatal cleanup, which repeats those frees and more)
00405ad0	free_list_cells	void free_list_cells(node_list *list)	frees every 8-byte cell of a list (node_list or block_list)
00405af0	prune_loops	loop *prune_loops(loop *list)	for each loop at this level: if start->b_next (bblock+0x24) is 0 or lp_flag & 0x804, unlinks it (front/next), clears lptbl of the blocks start..exit (bn_next walk) and free_loop_tree; else recurses into child; returns the new first loop. Why b_next==0 removes a loop is not known
00405b80	number_loops	void number_loops(loop *lp, int depth)	post-order: lpnumber = ++g_loop_count, brc (+0x38) = that number (+depth for the last loop of a chain), nestcnt = 1 + max child nestcnt
00405c30	dump_ilnode_list	void dump_ilnode_list(node_list *list)	prints "%s," with the uppercase op name (00433270) of each node; block dump [ilnode]
00405c60	dump_block_list	void dump_block_list(block_list *list)	prints "B%d," for each block; block dump [prelst]/[suclst]
00405c90	dump_loop_table	void dump_loop_table(loop *lp)	prints LP%d, BRC No., type ENTER/EXIT, start/exit/pre, child/fath/next/front, lstep, repet, nestcnt, flag bits; recursive into child
00405e30	dump_cfg_blocks	void dump_cfg_blocks(void)	prints every block from g_first_block (bn_next): tcount, ilnode, prelst, suclst, domlst, lpnumber, flag; then the f_chain (g_f_chain) and b_chain (g_b_chain) orders
00406000	opt_exp_all_blocks	void opt_exp_all_blocks(void)	opt_exp_block for every block after the first on the f_chain, then g_opt_exp_pass++
00406030	opt_exp_block	void opt_exp_block(bblock *block)	each statement: dump "cnt_expblk", opt_exp, dump "opt_exp after"; report_fold_warnings on the first pass (g_opt_exp_pass == 0)
004060b0	opt_exp	il_node *opt_exp(il_node *node)	recursive expression optimiser: clears flag bits 2/0x40/0x800; if 00458f08 != 0 only FUN_004105b0 + children; else 00421b20, 00421eb0, set_value_used_flag, children, discard_unused_values, fold_constants, 00416fe0, 00416710, 0040e150, expand_unsigned_float_assign (FPU targets), discard_unused_values; sets unknown_5b = 1 + children's (subtree node count) and flag 0x800 (contains a call, from IL_CALL); orig: probably opt_exp (dump label "opt_exp after" printed after its call)
00406240	discard_unused_values	il_node *discard_unused_values(il_node *node)	node whose value is unused (flag 0x20 clear), not a call/inc/dec/assignment (0x30-0x3d, 0x50-0x5f), not volatile: no side-effecting operand (flag 0x42) -> replaced by IL_NULL (0x6f) with warning 10; one -> replaced by that operand; several -> becomes IL_COMMA; not for &&, ||, ?:. Then recomputes flag 2 (side effect) and 0x40 (volatile) from the operands
00406400	set_value_used_flag	void set_value_used_flag(il_node *node)	sets flag 0x20 ([usef]) from the parent's operator and the operand position (004209d0); debug 0x20 prints "fath==>%10s, usef=%d,pos=%d,   ndp==>%10s, usef=%d"
004065d0	fold_constants	il_node *fold_constants(il_node *node)	operator with constant operands (fold table 00433a68 by op, or a cast): a new IL_CONST computed by the table function for the arithmetic class, convert_constant to the result type, replaces the node; result codes 1/4/6 set g_fold_warnings 2/4/8; debug 0x40 "folding" / "folding change"
00406760	type_arith_class	int type_arith_class(unsigned char type)	0 signed integer, 1 unsigned integer or pointer, 2 float (0x28), 3 double (0x30), 4 long double (0x38); other types return an uninitialised local
004067e0	convert_constant	void convert_constant(unsigned char to_type, unsigned char from_type, unsigned int *src, unsigned int *dst)	conversion function from table 004338f8[class(from)][class(to)], else a 1/2/3-word copy; then sign/zero-extends char and short results. In fold_constants's cast case param_1 is the cast's type and param_2 the operand's
004068a0	report_fold_warnings	void report_fold_warnings(il_node *node)	g_fold_warnings bit 2 -> warning 0x4b1, 4 -> 0x4b0, 8 -> 0x9c5 (FUN_004197a0(code, node, 0)); clears g_fold_warnings
00406910	expand_unsigned_float_assign	il_node *expand_unsigned_float_assign(il_node *node)	on an IL_ASSIGN: float target -> expand_unsigned_to_float, unsigned int/long target -> expand_float_to_unsigned. LEAD: Ghidra's sig is void, but EAX is always node (both callees return it, the fall-through keeps it in EAX) and opt_exp uses the result
00406950	expand_unsigned_to_float	il_node *expand_unsigned_to_float(il_node *assign)	RHS = (float)(unsigned int x): rewritten with a temp, tmp<0 ? (float)tmp + 4294967296.0f (0x4f800000) : (float)tmp; returns its argument
00406ac0	expand_float_to_unsigned	il_node *expand_float_to_unsigned(il_node *assign)	RHS = (unsigned)(float x): rewritten with a temp and a 2147483648.0f (0x4f000000) compare/subtract; returns its argument
00406c30	bitset_and	void bitset_and(unsigned int *dst, unsigned int *a, unsigned int *b, char nwords)	dst[i] = b[i] & a[i]
00406c70	bitset_or	void bitset_or(unsigned int *dst, unsigned int *a, unsigned int *b, char nwords)	dst[i] = b[i] | a[i]
00406cb0	bitsets_differ	int bitsets_differ(int *a, int *b, int nwords)	1 if any word differs (all words are compared), else 0
00406cf0	dump_bitset	void dump_bitset(unsigned int *bits, int nwords, char *title)	prints "[[[ %s ]]]" then each word as 32 "%1d" bits to stdout (004360e8)
00406d60	allocate_registers	void allocate_registers(void)	register allocation driver: debug bit 0x04000000 skips it ("REGISTER ALLOCATION NOT RUN"); "TARGET FUNCTION NAME <%s>"; prepare_register_allocation, weigh_common_expression_candidates, phases g_regalloc_phase 1..3 (004020a0, 0041af70 "after physicalreg", 0041c6b0 ...), dumps (tree, loop table, leaf table, "after blockreg"), number_expps on the function
00406f80	prepare_register_allocation	void prepare_register_allocation(void)	for each f_chain block: startpp, flag 0x200 on each statement root, scan_tree_for_regalloc on it, endpp (g_pp_counter); g_regalloc_block = the block
00407000	scan_tree_for_regalloc	void scan_tree_for_regalloc(bblock *block, il_node *node, int with_siblings)	post-order: pp numbers; record_register_variable_use; calls (function node flag 0x400, block flag |= 2, call list g_call_list unless a builtin); LASTUSE (flag 0x100) from the leaf use set & the block out set; webs (mark_web_allocatable, join_related_webs, new_register_candidate kind 1, "mkweb after web"); collect_register_candidate; mark_fr0_fmac_uses on FPU targets; with_siblings follows next
004073f0	is_builtin_name	int is_builtin_name(char *name)	1 if name is in the _builtin_ name table 004342d0 (strcpy ... fsrra, 49 names)
00407450	mark_web_allocatable	int mark_web_allocatable(il_node *node)	leaf not CNDASS/IMPVOL/EXPVOL with an integer/pointer/float (double on cpu 4) type: sets flag bit 4 on the node, its refchn and every node on its web list (recursive, joining the web chains at +8); returns 1, else 0
00407510	join_related_webs	void join_related_webs(il_node *node)	for each web in the node's web chain: refchn nodes whose parent is an inc/dec/compound assignment of the same leaf (nleaf) get mark_web_allocatable + recursion, and their web is appended to the chain (web+8); probably part of [mkweb]
00407720	collect_register_candidate	void collect_register_candidate(il_node *node)	common-expression head (cmnexp == node): variables of storage class 1..4 not excluded, or constants FUN_004198a0 says cannot be immediates (not builtin args): pushed on the current block's list at bblock+0x34 (g_regalloc_block)
00407a10	subtree_has_symbol_attr_2e	int subtree_has_symbol_attr_2e(il_node *node)	1 if the subtree has an IL_ID whose symbol (symx > 0) has symbol+0x2e & 3; such a symbol keeps an expression out of the candidates (00407720)
00407a70	new_register_candidate	lreg *new_register_candidate(void *source, int kind)	allocates a 0x2c record appended to the candidate list (head 00448264, tail 0044826c, link +0x14); +2 kind, +0x20 source (web chain for kind 1, expression group for kind 0); kind 1: each kind-2 web's node gets the record at il_node+0x28 | typed: allocates 0x2c (sizeof lreg), links through +0x14 (lreg.next), writes kind to +2 (lreg.set) and source to +0x20 (lreg.chain); kind 1 walks source as dutbl (+0 kind == 2, +8 next, +0x10 node) and stores the record in il_node+0x28 (val3, the web's lreg); callers use the result as an lreg: allocate_block_registers (*lr = pregno, lr[0x14] = +0x28 lregno), add_memory_lregs (*p = memory id, stored in g_lreg_table), weigh_common_expression_candidates (+4 priori, +0x20 chain->uses->node). source stays void * (dutbl * for kind 1, const_data * for kind 0, the memory record for kind 2)
00407b00	count_enclosing_loops	int count_enclosing_loops(il_node *node)	counts the IL_FOR/IL_WHILE/IL_DO ancestors up to the IL_FUNC node
00407b30	weigh_common_expression_candidates	void weigh_common_expression_candidates(void)	hash_common_expression_candidate for every block's candidate list (+0x34); then each group in the 128 buckets at 00448270: weight = sum over refs of (loop depth cost) x (uses that are not immediates); weight > 1 -> new_register_candidate(group, 0) with weight at +4 (halved for double on cpu 4, +1 for function addresses); clears the buckets. Notes: the register-variable weight of a common expression
00407d70	hash_common_expression_candidate	void hash_common_expression_candidate(bblock *block, il_node *node)	key: constant value (kind 0) or nleaf (kind 1 aggregates/functions, kind 4 storage class 1..4); finds or creates the 0x1c group in bucket key&0x7f of 00448270 (alloc chain 00448498) and adds a 0x14 ref {next, block, node}; FPU targets keep float and integer constants with the same bits apart
00408020	record_register_variable_use	void record_register_variable_use(il_node *node, bblock *block)	register-variable reference (temp, class 5/6, or 7/8 when FUN_0041aca0 is under the limit): adds a 0x14 ref {next, block, node} to the group for nleaf in bucket nleaf&0x7f of 00440060, creating the 0x1c group if needed
004081f0	regalloc_alloc	void *regalloc_alloc(unsigned int size)	FUN_00417120(size); on failure FUN_004015e0 (fatal cleanup). Ghidra param type SIZE_T (4 bytes)
00408210	link_def_use_webs	void link_def_use_webs(void)	link_def_use_webs_in_tree for every statement of every f_chain block
00408240	link_def_use_webs_in_tree	void link_def_use_webs_in_tree(il_node *node)	IL_ID (not array) whose cmnexp head is an assignment/inc/dec: the last refchn node's web gets the head on its list (kind 1, use) and the head's web gets the node (kind 2, def); an assignment with a web is kind 2
00408390	number_expps	void number_expps(il_node *node)	gives each statement-level expression an [expp] number (il_node+0x54) from g_expp_counter, recursing into statements; skips IL_NULL in a for's non-condition slots and in return
00408400	is_mac_builtin_name	int is_mac_builtin_name(char *name)	1 if name is _builtin_macw, _builtin_macwl, _builtin_macl or _builtin_macll (table 00434398)
00408460	mark_fr0_fmac_uses	void mark_fr0_fmac_uses(il_node *node)	float common expression used as an IL_MUL operand under IL_ADD/IL_A_ADD at least twice: sets [FR0set] (il_node+0x62 bit 0) on those nodes (fmac takes FR0); called only for FPU targets
00408600	dump_tree	void dump_tree(il_node *node, short depth, char *title)	known: dumps a tree; TREE DUMP banner and "<%s>" title, flushes stdout
00408650	dump_tree_rec	void dump_tree_rec(il_node *node, int depth)	known: dumps a tree; dump_tree_node then the children, with the per-depth "more siblings" flags (004371e8)
004086b0	dump_tree_node	void dump_tree_node(il_node *node, short depth)	known: dumps one node (op name, type, filn/line/listno, symx, lreg, ms_leaf, nleaf, pp, expp, refcnt, flag, LASTUSE, flag2, FR0set, ivno, invno, c/s/f/n, cmnexp, refchn)
00408a40	dump_qualify_fields	void dump_qualify_fields(il_node *node)	IL_QUALIFY/IL_B_QUALIFY: "ofst=%d" (val2) and "boff=%d bsiz=%d" (bytes +1/+2) for the bit-field form
00408a80	dump_constant_value	void dump_constant_value(il_node *node)	"val=%u"/"val=%d" for integers, the bytes for float/double/long double (4/8/12), "tend=%d offs=%d" for pointers
00408b20	dump_value_bytes	void dump_value_bytes(unsigned char *bytes, int count)	"val=" then count bytes in hex
00408b70	dump_type	void dump_type(unsigned char type)	"type=" const/volatile, char/short/int/long, float/double/long double, func/pointer/struct/array/void, unsigned
00408d60	dump_leaf_table	void dump_leaf_table(void)	"LEAF TABLE": No., name (TEMP%d for symno <= 0), symno, flag, gen, use; with debug 0x08000000 the LF_* flags, the lastnd tree and the GEN/USE bit sets
00408f70	dump_loop_tree_titled	void dump_loop_tree_titled(loop *lp, char *title)	"loop table dump" banner with title, dump_loop_tree(lp, 0)
00408fa0	dump_loop_tree	void dump_loop_tree(loop *lp, int depth)	indented "CUR", nestcnt/lpnumber, lp_flag, startcfg/exitcfg/precfg for each loop, recursive into child
00409070	dump_block_table	void dump_block_table(bblock *block, char *title)	"basic block table dump": number, startpp/endpp, lptbl, startexpp/endexpp, usepreg, usefreg, suclist, prelist, bn_next, b_trelst; with debug bits 0x03000000 the d_in/l_in/_out sets and the local static datas
00409340	dump_block_numbers	void dump_block_numbers(block_list *list)	"%5d:" for each block, a line break every 11
00409390	eliminate_dead_stores	int eliminate_dead_stores(void)	every statement (f_chain, skipping the first block): eliminate_dead_stores_in_tree, dump label "ggg" (debug 0x20000); when g_dead_store_changed reruns 00410b00/0040c380 first and 00410d30 after
00409420	eliminate_dead_stores_in_tree	il_node *eliminate_dead_stores_in_tree(il_node *node)	set_value_used_flag, children (post-order, continuing from each returned child's next), then eliminate_dead_store. LEAD: Ghidra's sig is void, but it returns 00409450's EAX and both callers (itself, 00409390) use the result
00409450	eliminate_dead_store	il_node *eliminate_dead_store(il_node *node)	assignment/inc/dec whose web has no use outside itself: pre inc/dec -> x+1/x-1 (1 typed per type), post inc/dec -> x, compound assignment -> the plain operator (op-0x10) with casts, '=' -> its RHS; sets g_dead_store_changed; returns the replacement
00409ac0	mark_referenced_functions	void mark_referenced_functions(void)	mark_referenced_functions_in_tree on every statement of every block (g_first_block, bn_next)
00409af0	mark_referenced_functions_in_tree	void mark_referenced_functions_in_tree(il_node *node)	IL_ID of a function (type 0x48) whose symbol+0x2e has bit 0x80: bit cleared (any reference when symbol+7 bit 0x40 is clear, only a non-call reference when it is set); sets g_function_refs_changed
00409bb0	build_dag	void build_dag(il_node *node)	DAG/common-expression chaining by the op class table 00435320: 0x80 (&&, ||, ?:) -> dag_conditional; operands first; then const -> dag_constant, id -> dag_variable, unary/commutative -> dag_operator, qualify/indirection -> dag_indirection or dag_operator, assignment/inc/dec -> dag_assignment, call -> clear + invalidate memory; constants in builtin-call args are not chained (g_in_builtin_call). Caller 00410b40 ("DAG chain start")
00409d60	dag_conditional	void dag_conditional(il_node *node)	the first operand normally, the others with g_conditional_depth raised (no new chain heads there), then clears the node's own links
00409db0	dag_constant	void dag_constant(il_node *node)	equal constant in the constant hash -> link_common_chain; else (unless conditional) start_common_chain + add_constant_to_hash
00409e00	dag_variable	void dag_variable(il_node *node)	IL_ID: links to the leaf's last node (leaf.lastnd) or starts a chain and records the leaf (record_defined_leaf), new_web when g_build_webs, record_block_use; clears flag 0x180
00409f90	dag_operator	void dag_operator(il_node *node)	operator whose operands all have value numbers (pp): find_equal_operator -> link_common_chain, else start_common_chain + add_operator_to_hash
0040a010	dag_indirection	void dag_indirection(il_node *node)	non-volatile indirect/qualified load that is not an assignment target: matches g_memory_refs (same op, type, base value number, offset/bit-field) -> link_common_chain, else start chain + add_memory_reference
0040a120	dag_assignment	void dag_assignment(il_node *node)	assignment/inc/dec of a variable: the leaf's lastnd becomes this node, new value number (not for post inc/dec or a converting assignment), web/use records, flag 0x180 on the previous chain end; through memory: clear, invalidate_memory_leaf_values, clear g_memory_refs (00410d00)
0040a380	link_common_chain	void link_common_chain(il_node *head, il_node *node)	node->cmnexp = head, inserted after head on refchn, refcnt 0, pp = head's value number (or a new one); head refcnt++ unless struct/union type
0040a3e0	start_common_chain	void start_common_chain(il_node *node)	refcnt 1, refchn 0, cmnexp = node, pp = ++g_value_number
0040a410	find_equal_constant	il_node *find_equal_constant(il_node *node)	bucket (val+val2+word at +0x28) mod 16 of 00450740; constants_equal; returns the stored constant or 0
0040a460	constants_equal	int constants_equal(il_node *a, il_node *b)	types equal ignoring qualifiers (or same-signedness integers wider than short) and the three value words equal
0040a4c0	add_constant_to_hash	void add_constant_to_hash(il_node *node)	pushes an 8-byte {next, node} cell on bucket (val+val2+word28) mod 16 of 00450740; 00410f30 on allocation failure
0040a510	record_defined_leaf	void record_defined_leaf(il_node *node)	pushes {next, nleaf} on g_defined_leaves (004587a8) so the leaf's lastnd can be cleared later
0040a550	find_equal_operator	il_node *find_equal_operator(il_node *node)	bucket (op + operand value numbers) mod 128 of 00458870: same op, compatible type, same operand numbers (either order when commutative, class bit 8); returns it or 0
0040a680	add_operator_to_hash	void add_operator_to_hash(il_node *node)	pushes an 8-byte {node, next} cell on bucket (op + operand value numbers) mod 128 of 00458870
0040a6e0	invalidate_memory_leaf_values	void invalidate_memory_leaf_values(void)	after a call or a store through memory: leaves that are static/implicitly volatile (flag & 5) or aggregates (symbol type 0x60/0x68/0x70) lose lastnd (flag 0x180 on the chain end) and leave g_defined_leaves
0040a7c0	clear_common_links	void clear_common_links(il_node *node)	refcnt, cmnexp, pp and refchn = 0
0040a7e0	add_memory_reference	void add_memory_reference(il_node *node)	pushes {node, next} on g_memory_refs (00450780; cleared by 00410d00)
0040a810	new_web	void new_web(il_node *node)	when g_build_webs: allocates a 0x20 web record into il_node+0x38: +0xc the current block (00450724), +0x10 node, +0x14 g_web_list link
0040a860	record_block_use	void record_block_use(il_node *node)	scalar non-volatile variable reference: use number g_use_count (max 0x200) set in the leaf's use set (allocated 0x40) and the block's sets->bits_0c via FUN_00423780; debug " set block use %08x use no %d"
0040a950	open_work_files	void open_work_files(void)	fopen (00429ce0) of the file names in g_options: +0x6c "rb" -> g_sym_file, +100 "rb" -> g_tree_in_file, +0x68 "wb" -> g_tree_out_file, +0x80 "wb" -> g_reg_file, +0x70 "rb+" -> g_swi_file; error 0xce4 on failure
0040aa30	close_work_files	void close_work_files(void)	fclose of the five files of open_work_files; error 0xce5 on failure
0040aad0	read_symbol_table	void read_symbol_table(void)	allocates the 0x3c-byte symbol table (count from g_options+0xb0, +1000 slack) into g_symbol_table and reads each record from g_sym_file: class +0, type +1, name_len/name +2/+0xc, +4, +6, flags +7, size +8 (aggregate types), +0x16, +0x2e, +0x38; function/class 10/flag 0x10 extras via 0040b130/0040b320/0040aed0
0040aed0	read_symbol_extension	void read_symbol_extension(symbol *sym)	called by 0040aad0 (symbol table reader) when the symbol flag byte +7 has 0x10; reads a flag byte into +0x2d; flag & 2: +0x30 (2 bytes if flag & 4, else 4); flag & 1: 4 bytes into +0x34; all reads read_or_fail(g_sym_file)
0040af70	read_symbol_kind	char read_symbol_kind(void)	reads 1 byte from g_sym_file; 0040aad0 stores it in symbol +0 and tests it for 1/3/9/10
0040afa0	read_symbol_kind_short	short read_symbol_kind_short(char kind)	reads a 2-byte value only for symbol kinds 3, 4, 9, 0xb (else 0); 0040aad0 stores it in symbol +4
0040b010	read_symbol_name_length	char read_symbol_name_length(void)	reads 1 byte; 0040aad0 passes it to read_symbol_name and stores it in symbol +2 (name_len)
0040b040	read_symbol_name	char *read_symbol_name(unsigned char len)	FUN_0042a0e0(1,len+1) (calloc) and reads len bytes; error 0xbcd on allocation failure; stored in symbol +0xc (name)
0040b090	read_symbol_type	char read_symbol_type(void)	reads 1 byte; stored in symbol +1 (type) by 0040aad0, and as the return type in read_function_info
0040b0c0	read_type_size	int read_type_size(unsigned char type)	reads a 4-byte size only when (type & 0xe0) >= 0x60 (struct/array kinds), else 0; stored in symbol +8 and func_info +0
0040b100	read_symbol_byte_06	char read_symbol_byte_06(void)	reads 1 byte; 0040aad0 stores it in symbol +6 (meaning unknown)
0040b130	read_function_info	void read_function_info(symbol *sym)	for kind 1/3 symbols with type 0x48: FUN_0042a0e0(1,0x14) record at sym+0x10: return size (+0) and type (+4), a byte (+5), parameter list (+6 count, +0xc array; each param's byte goes to that symbol's +3) and a second short list (+8 count, +0x10 array: scopes, see append_callee_scopes); proposed struct func_info
0040b320	read_scope_info	void read_scope_info(symbol *sym)	for kind 10 symbols: 0x14-byte record at sym+0x10: child-scope list (+0 count, +4 array) and member list (+2 count, +8 array; each member's byte goes to its +3); same layout as used by add_scope_to_enclosing_block / add_member_to_scope; proposed struct scope_info
0040b4d0	read_or_fail	void read_or_fail(FILE *fp, char *buf, unsigned int size)	FUN_00425490(fp,buf,size); error 0xce6 when it returns -1
0040b500	read_count_or_fail	unsigned int read_count_or_fail(FILE *fp, char *buf, unsigned int size)	same as read_or_fail but returns the count; 0040aad0 loops while it is non-zero (end of the symbol file)
0040b530	convert_for_loops_to_do	void convert_for_loops_to_do(loop *lp)	recursive over child (+0x18) and next (+0x20); unless g_skip_for_to_do: a loop with repet != 0 or flag 0x8000 and not flag 0x1000: an IL_FOR node loses operands 3 and 1 (FUN_00420fa0) and becomes IL_DO, loop flag |= 0x400 (runs at least once)
0040b5a0	select_loops_to_invert	void select_loops_to_invert(loop *lp)	recursive over next/child; for FOR/WHILE loops (not DO, not a FOR with an empty test) calls invert_loop_to_guarded_do when the test is a relational op (0x60..0x67) of constants or plain scalar variables (leaf flag & 0xe clear), or for any test when g_compile_info+0x20 != 0
0040b790	invert_loop_to_guarded_do	void invert_loop_to_guarded_do(loop *lp)	orig: jdgdevlop ("jdgdevlop start/end"); for a loop whose start block has two successors: unless condition_defs_block_inversion, copies the test into a new IL_IF (FUN_00421020(0x12)) guarding the loop, turns the loop into IL_DO, rewires start/exit/pre blocks (prelst/suclst), renumbers blocks and rebuilds the CFG chains (FUN_00405150, FUN_004165e0)
0040bb20	condition_defs_block_inversion	char condition_defs_block_inversion(loop *lp, il_node *expr)	recursive over the test's operands; via each operand's du table (cmnexp +0x38) counts defs in blocks numbered below lp->start and tests lp->start->domlst; nonzero = do not invert (caller 0040b790 tests the low byte only; recursion adds low bytes)
0040bbf0	find_dt_opt_loops	void find_dt_opt_loops(loop *lp)	recursive over child/next; for loops with repet != 0 and lstep 1 or -1 sets g_dt_loop and g_dt_cond (the test; a FOR's 4th operand) and calls convert_loop_to_decrement_test unless the test is already "!= 0" with step -1 or is LE/GE
0040bca0	convert_loop_to_decrement_test	void convert_loop_to_decrement_test(il_node *cond)	orig: dt_opt ("dt_opt start/end"); from the du table of the compared variable finds the single def inside the loop (the step) and the single def before it (the init), checks block_has_no_other_var_ref for the loop blocks, then rewrite_loop_count_down (mode 2 when the variable is used outside the loop); loop flag |= 0x100 when a second def is found
0040bf20	block_has_no_other_var_ref	char block_has_no_other_var_ref(bblock *block, il_node *def1, il_node *def2, il_node *var)	runs tree_has_no_other_var_ref over block->ilnode statements until one fails
0040bf60	tree_has_no_other_var_ref	char tree_has_no_other_var_ref(il_node *node, il_node *def1, il_node *def2, il_node *var)	recursive; 0 if a node with var's symx is found that is not var, def1, def2 or their first operands
0040bfd0	rewrite_loop_count_down	void rewrite_loop_count_down(il_node *cond, il_node *step, il_node *init, char mode)	dt_opt rewrite: trip count from the init and limit constants (FUN_00419270 / FUN_00419300 division), puts a counter assignment before the loop, turns the test into IL_NE (0x61) against 0, flips the step (negate_step_operator) when the loop counted up; with mode 2 assign_final_value_after_loop; sets g_dt_opt_changed
0040c260	negate_step_operator	void negate_step_operator(il_node *step)	IL_PRI<->IL_PRD (0x38/0x39), IL_POI<->IL_POD (0x3c/0x3d), IL_A_ADD<->IL_A_SUB (0x50/0x51)
0040c2d0	assign_final_value_after_loop	void assign_final_value_after_loop(il_node *cond, il_node *stmt)	inserts stmt before the node after the loop statement (FUN_00420dd0) with its right side = copy of the loop limit adjusted by +-1 for LE/GE; clears filn/line/listno; adds it to the loop's exit-side successor block (FUN_00405a00)
0040c380	compute_dataflow	void compute_dataflow(char mode)	per block builds DEF (mode 3 only) and KILL sets (FUN_00423810 over startpp..endpp; "[[[ Make Block NO%ld DEF/KILL ]]]"); solve_live_variables (mode 3), solve_reaching_definitions, build_ud_du_chains; dumps with g_debug_flags 0x100000 ("funcname=%s"); then clears the five sets of every block
0040c4f0	solve_reaching_definitions	void solve_reaching_definitions(void)	iterative over the f_chain: d_in = OR of predecessors' sets->reach_out; on change reach_out = (d_in & ~kill) | gen (FUN_00406c30 / FUN_00406c70, 8 words)
0040c620	solve_live_variables	void solve_live_variables(void)	iterative over the b_chain from g_last_block: out = OR of successors' l_in; l_in = (out & ~sets->def) | sets->use (16 words)
0040c750	dump_reaching_sets	void dump_reaching_sets(void)	prints g/k/i/o_array per block: "Current Basic Block Gen/Kill/In/Out" = sets->gen, sets->kill, d_in, sets->reach_out
0040c910	dump_live_sets	void dump_live_sets(void)	prints u/d/i/o_array per block: "Current Basic Block Use/Def/In/Out" = sets->use, sets->def, l_in, out
0040cad0	build_ud_du_chains	void build_ud_du_chains(void)	link_ud_du_chains for every statement of every block
0040cb00	link_ud_du_chains	void link_ud_du_chains(bblock *block, il_node *node)	recursive; for a scalar non-volatile IL_ID that is its own cmnexp and has a du table: for each def in block->d_in & g_leaf_table[nleaf].gen links use->def (du kind 1, index in +0x1c) and def->use (kind 2) through g_def_nodes
0040ccc0	dump_du_chains	void dump_du_chains(void)	dump_du_chains_in_tree for every statement of every block
0040ccf0	dump_du_chains_in_tree	void dump_du_chains_in_tree(il_node *node)	recursive; dump_du_chain for nodes with a du table (+0x38)
0040cd20	dump_du_chain	void dump_du_chain(il_node *node)	prints the "DU CHAIN TABLE" rows: No = nleaf, b_No = du->block number, id name, symno, flag = du->kind, du_pointer = linked node, c_nodept = node; temporaries print as temp%d
0040ce90	optimize_tail_calls	void optimize_tail_calls(void)	dump "after esp optimize"; when no non-static volatile leaf and no call of "setjmp": for each predecessor of g_exit_block whose last statement is a call outside a test slot (is_not_control_condition): a self-recursive call with simple params -> convert_self_tail_call_to_jump; otherwise, with no struct/array locals and function symbol +0x2e bit 0x10 clear, il_node +9 |= 4 [tail]
0040d180	convert_self_tail_call_to_jump	void convert_self_tail_call_to_jump(bblock *block, node_list *entry, node_list **link)	replaces the self tail call (unwrapping a RETURN parent) by argument-to-parameter assignments (temporaries when more remain; order from order_params_stack_then_register) and a goto made by make_goto_entry_label; the new statements are linked through link; frees entry; redirect_block_to_function_entry
0040d4e0	redirect_block_to_function_entry	void redirect_block_to_function_entry(bblock *block)	removes the edge block -> g_exit_block (both lists), adds block -> first successor of g_entry_block, clears block flag bit 0 everywhere and rebuilds the chains (FUN_00405150, FUN_004165e0)
0040d5e0	insert_entry_label	il_node *insert_entry_label(il_node *stmt)	creates IL_GLABEL (0x1c) with symx -1 and inserts it before stmt (FUN_00420dd0)
0040d610	make_goto_entry_label	il_node *make_goto_entry_label(void)	creates IL_GOTO (0x1b) with symx -1 and returns it in EAX (disassembly: CALL 00420930; MOV [EAX],0x1b; RET); Ghidra sig says undefined but 0040d180 and 00415830 use the result: return type changed, lead to confirm
0040d620	is_not_control_condition	char is_not_control_condition(il_node *node)	FUN_004209d0 = operand position in the parent; 0 when operand 1 of IF/SWITCH, operand 4 of FOR, operand 2 of WHILE/DO (the test slots: 0040b5a0/0040b790 read a FOR's test as operand 4, a WHILE's as operand 2), else 1. Ghidra type bool (1 byte)
0040d690	order_params_stack_then_register	void order_params_stack_then_register(int func_symx, short *params)	copies the function's parameters (func_info +6/+0xc) into params (0-terminated), then moves those it assigns to registers (up to 4 integer/pointer; float/double for cpu g_compile_info+0x18 == 2 with +0x37 == 3, or == 4; g_float_arg_regs) to the end; the first parameter is skipped when symbol +7 bit 1 (0x2) is set
0040d960	append_callee_scopes	void append_callee_scopes(short func_symx, short callee_symx)	inliner (caller 0041f310): appends the callee func_info scope list (+8/+0x10) to the function's updated info (+0x20, created by copy_symbol_info); sets g_symtab_changed
0040da60	collect_nested_block_scopes	void collect_nested_block_scopes(il_node *node, scope_info *info)	recursive; appends the symx of every outermost nested IL_BLOCK to info's child-scope list (+0 count, +4 array; FUN_0042a2b0 realloc); sets g_symtab_changed | typed: info: short count at +0 (scope_info.nscopes) incremented per nested IL_BLOCK, short array at +4 (scope_info.scopes) calloc/realloc'd to count*2 and given the block's symx; only caller wrap_stmt_in_scope (004204b0) passes a fresh calloc(1,0x14) stored as new_info of a class-10 (block scope) symbol
0040daf0	add_scope_to_enclosing_block	void add_scope_to_enclosing_block(il_node *block)	finds the nearest IL_BLOCK ancestor and adds block's symx to that scope's updated child list (+0x20 info, +0/+4), dropping entries that are in block's own list; error 0x109b without one
0040dcd0	remap_inlined_scope_members	void remap_inlined_scope_members(short scope_symx)	inliner (caller 0041f6d0): finds the original scope (FUN_0041fbc0(2,..) hash), maps each of its members through FUN_0041fbc0(1,..) and stores the copies as this scope's member list (+2/+8)
0040de10	add_member_to_scope	void add_member_to_scope(short scope_symx, short member_symx)	appends member_symx to the scope's updated member list (+2/+8); callers 0041f310/0041f450 (inliner result/argument temporaries)
0040dec0	commit_updated_symbol_info	void commit_updated_symbol_info(void)	for symbols 1..g_compile_info+0xb0 with updated info (+0x20): frees the old +0x10 record and its two lists, moves +0x20 to +0x10
0040df70	copy_symbol_info	short *copy_symbol_info(short symx)	deep copy (0x14 bytes and both lists) of symbol +0x10: scope_info layout for kind 10, func_info layout otherwise
0040e150	apply_pattern_rule	il_node *apply_pattern_rule(il_node *node)	orig: "patren matching start/end"; calls g_pattern_rules[op] when no operand is floating (tree_has_float) and, for 0x5x assignment ops, the operand types agree; float DIV/A_DIV with g_compile_info+0x2c bit 1 -> float_div_by_const_to_mul
0040e210	simplify_self_assign	il_node *simplify_self_assign(il_node *node)	pattern rule (00433c68 table) for IL_ASSIGN: x = x -> x
0040e260	simplify_add_sub_assign	il_node *simplify_add_sub_assign(il_node *node)	pattern rule for IL_A_ADD/IL_A_SUB: x += 0 -> x; x += -y -> x -= y (and back); x -= x -> x = 0
0040e330	simplify_mul_assign	il_node *simplify_mul_assign(il_node *node)	pattern rule for IL_A_MUL (off with g_debug_flags bit 3): x *= 0 -> x = 0; x *= 1 -> x; x *= 2 -> x += x; x *= -1 -> x = -x
0040e4a0	simplify_div_assign	il_node *simplify_div_assign(il_node *node)	pattern rule for IL_A_DIV: x /= x -> x = 1; x /= 1 -> x; unsigned x /= 2^n -> x >>= n; x /= -1 -> x = -x
0040e610	simplify_mod_assign	il_node *simplify_mod_assign(il_node *node)	pattern rule for IL_A_MOD: x %= x, 1, -1 -> x = 0; unsigned x %= 2^n -> x &= 2^n-1
0040e730	simplify_shift_assign	il_node *simplify_shift_assign(il_node *node)	pattern rule for IL_A_SL/IL_A_SR: x <<= 0 -> x
0040e780	simplify_and_or_assign	il_node *simplify_and_or_assign(il_node *node)	pattern rule for IL_A_AND/IL_A_OR: x &= x -> x; x &= 0 / x |= -1 -> x = const; x &= -1 / x |= 0 -> x; x &= 0xffff / 0xff -> x = (cast)x
0040e920	simplify_xor_assign	il_node *simplify_xor_assign(il_node *node)	pattern rule for IL_A_XOR: x ^= x -> x = 0; x ^= 0 -> x
0040e9c0	simplify_add	il_node *simplify_add(il_node *node)	pattern rule for IL_ADD: 0 + x -> x; x + 0 -> x
0040ea40	simplify_sub	il_node *simplify_sub(il_node *node)	pattern rule for IL_SUB: x - x -> 0; 0 - x -> -x; x - 0 -> x
0040eb60	simplify_mul	il_node *simplify_mul(il_node *node)	pattern rule for IL_MUL (off with g_debug_flags bit 3; not under a MUL or a shift by a constant): constant first -> swap; x * -1 -> -x; x * 0 -> (x, 0); x * 1 -> x
0040eca0	count_shift_add_terms	int count_shift_add_terms(char *digits, unsigned int value, int is_signed)	writes value's 32 bits into digits, recodes runs of ones into +1/-1 digits over 31 (signed) or 32 positions and returns the non-zero digit count; 0 for a negative signed value; caller FUN_004198a0 (constant operand check)
0040edc0	simplify_div	il_node *simplify_div(il_node *node)	pattern rule for IL_DIV: x / x -> 1; x / 1 -> x; x / -1 -> -x; unsigned x / 2^n -> x >> n (also through a cast of an unsigned char/short variable)
0040efc0	simplify_mod	il_node *simplify_mod(il_node *node)	pattern rule for IL_MOD: x % x -> 0; x % 1, x % -1 -> (x, 0); unsigned x % 2^n -> x & 2^n-1
0040f0f0	simplify_shift	il_node *simplify_shift(il_node *node)	pattern rule for IL_SL/IL_SR: x << 0 -> x; 0 << x and signed -1 >> x -> the left operand
0040f190	simplify_bitand_bitor	il_node *simplify_bitand_bitor(il_node *node)	pattern rule for IL_B_AND/IL_B_OR: constant first -> swap; x op x -> x; absorbing constant -> (x, c); identity constant -> x; x | ~x -> -1; masks 0xff/0xffff -> casts
0040f450	simplify_bitxor	il_node *simplify_bitxor(il_node *node)	pattern rule for IL_B_XOR: x ^ x -> 0; x ^ 0 -> x; x ^ -1 -> ~x; x ^ ~x -> -1
0040f610	simplify_deref_address	il_node *simplify_deref_address(il_node *node)	pattern rule for IL_ASTER/IL_AMPER: *&x and &*x -> x (carrying type and size)
0040f680	simplify_negate	il_node *simplify_negate(il_node *node)	pattern rule for IL_MINUS/IL_CMPL: -(-x), ~~x -> x; -(a - b) -> b - a
0040f6f0	simplify_equality	il_node *simplify_equality(il_node *node)	pattern rule for IL_EQ/IL_NE: x == x -> 1/0; constant outside the operand's range -> (x, 0/1); x == 0 -> !x; x != 0 -> !!x
0040f8b0	simplify_relational	il_node *simplify_relational(il_node *node)	pattern rule for IL_LT/LE/GT/GE: constant first -> swap with the mirrored op; constant out of range or at the type limit -> (x, 0/1)
0040f9f0	const_out_of_range	int const_out_of_range(il_node *cst)	char/short constants only: 1 above the type's maximum (unsigned: bits outside the mask), 2 below the signed minimum, else 0
0040fa70	type_limit	unsigned int type_limit(int want_min, int type)	maximum (want_min 0) or minimum of the integer size class (0/4 char, 8/0xc short, 0x10..0x1c int/long, 0x40 pointer)
0040fb60	simplify_not	il_node *simplify_not(il_node *node)	pattern rule for IL_NOT: !(a rel b) -> a (negated rel) b for non-float operands
0040fbc0	mirror_or_negate_relop	char mirror_or_negate_relop(il_op op, int negate)	negate 1: EQ<->NE, LT->GE, LE->GT, GT->LE, GE->LT; negate 0 (operands swapped): LT->GT, LE->GE, GT->LT, GE->LE; otherwise -1
0040fc50	simplify_conditional	il_node *simplify_conditional(il_node *node)	pattern rule for IL_COND: const ? a : b -> a or b
0040fca0	simplify_logical_and_or	il_node *simplify_logical_and_or(il_node *node)	pattern rule for IL_AND/IL_OR: a constant first operand decides or drops; x && c / x || c -> constant or !!x; otherwise for || merge_or_of_bit_tests
0040fe00	merge_or_of_bit_tests	il_node *merge_or_of_bit_tests(il_node *node)	(x & c1) || (x & c2) -> !!(x & (c1|c2)) (looking through !! wrappers; also B_OR pairs; same variable on both sides)
004100b0	common_bitop_pair	il_op common_bitop_pair(il_node *a, il_node *b)	IL_B_AND ('L') if both are B_AND, IL_B_OR ('N') if both B_OR, else 0; caller 0040fe00 tests the low byte only | typed: a/b: only the op byte +0 read, compared with 0x4c IL_B_AND / 0x4e IL_B_OR; returns that operator or 0 (1-byte return kept, char -> il_op); caller merge_or_of_bit_tests (0040fe00) passes the two operand nodes and assigns the result to an il_op
004100e0	postfix_to_prefix_incdec	il_node *postfix_to_prefix_incdec(il_node *node)	pattern rule for IL_POI/IL_POD: when +0x5e bit 0x20 is clear becomes IL_PRI/IL_PRD. Ghidra sig is void but the node is in EAX on return (MOV EAX,[ESP+4] ... RET) and apply_pattern_rule uses the table result: return type changed, lead to confirm RETURN: the rule table at 00433c68 is called as node = rule(node) (0040e150); the machine code leaves its argument in EAX (MOV EAX,[ESP+4] ... RET), Ghidra locked the return to void.
00410100	is_const_value	unsigned int is_const_value(il_node *node, unsigned int value, unsigned char type)	1 if node is IL_CONST equal to value converted to type (integer/pointer via FUN_004067e0; float, double, long double via the FP conversion/compare routines)
00410250	simplify_cast	il_node *simplify_cast(il_node *node)	pattern rule for IL_CAST: drops a cast to the operand's type, between int/long of the same signedness, or under another cast when inner_cast_rank_ok and inner_cast_kind_ok
00410360	inner_cast_rank_ok	int inner_cast_rank_ok(unsigned char outer, unsigned char cast, unsigned char inner)	first removable-cast test of simplify_cast: type_rank of the cast not below both neighbours, equal ranks must agree in type_rank mode 1
00410440	inner_cast_kind_ok	int inner_cast_kind_ok(unsigned char outer, unsigned char cast, unsigned char inner)	second removable-cast test of simplify_cast over kinds/signedness and ranks of the three types
00410520	cast_type_rank	int cast_type_rank(int mode, unsigned char type)	1 for the 0x50 class, 2 char, 3 short, 4 int/long/pointer, float 4 (mode 0) or 5, 6 double, 7 long double
004105b0	simplify_identical_operands	il_node *simplify_identical_operands(il_node *node)	orig: "<exp> patren matching start/end"; when both operands are the same common expression (same_common_expression): x-x, x%x, x^x, x!=x -> (x, 0); x/x, x==x -> (x, 1); x&x, x|x -> x; compound assigns -> x = 0 / 1 / x; zero shifted -> (x, 0)
00410950	same_common_expression	int same_common_expression(il_node *a, il_node *b)	looks through QUALIFY/ASTER operands of an assignment op; 1 if b is on a's refchn chain (a its own cmnexp) or a on b's | typed: a/b: op +0 (0x34 IL_QUALIFY, 0x28 IL_ASTER), type +3, parent +0x10 (parent op & 0xf0 == 0x50 assign-op class), child +0x14, val2 +0x24 (member offset compared), cmnexp +0x3c, refchn +0x40 walked; callers simplify_identical_operands (004105b0) pass node->child, ->next, piVar->child
00410a10	tree_has_float	int tree_has_float(il_node *node)	1 if node or any operand has a floating type ((type & 0xe0) == 0x20)
00410a50	float_div_by_const_to_mul	il_node *float_div_by_const_to_mul(il_node *node)	x / c, x /= c with a floating constant -> multiply by the folded 1/c (op - 2: DIV -> MUL, A_DIV -> A_MUL)
00410b00	build_dag_chains	void build_dag_chains(char make_du)	resets g_def_count and DAT_004587c8, build_block_dag_chain for every block
00410b40	build_block_dag_chain	void build_block_dag_chain(bblock *block, char make_du)	orig: "DAG chain start" / "DAG chain end block No. %d"; startpp = g_def_count; FUN_00409bb0 per statement; drains g_dag_leaf_queue marking last uses (+0x5e |= 0x80) and calling record_definition when make_du; endpp = g_def_count; frees the per-block list arrays; dumps "node val_no cmnexp refchn refcnt duptr operater"
00410d00	free_dag_node_list	void free_dag_node_list(void)	frees the 8-byte list at DAT_00450780 (next at +4) and clears it
00410d30	free_du_tables	void free_du_tables(void)	orig strings " free dutbl/dpvtp/upvtp %x": frees every du table (g_du_tables; clears the owner's +0x38) and every leaf's gen (0x20) and use (0x40) bit sets, 0x800 leaves
00410e30	record_definition	void record_definition(il_node *node)	orig: " set block gen %08x def no %d"; for an assignment op (g_op_class bit 0x20) to a scalar non-volatile leaf: copies nleaf, allocates the leaf's gen set (0x20 bytes), FUN_00423780 enters def number g_def_count in the block's gen set and g_def_nodes; FUN_00410f30 above 0x100 defs
00410f30	free_def_tables_and_abort	void free_def_tables_and_abort(void)	clears leaf.lastnd for every entry of g_lastnd_list (8-byte items, leaf index at +4), frees the 16 def hash lists at 00450740 and the 128 lists at 00458870, then 00410d00 and 004015e0 (the stage's abort: frees everything and longjmps, never returns). Called by 00410e30 when the def number passes 0xff and by the data-flow builders 0040a4c0.. on overflow
00410ff0	dump_dag_chain_node	void dump_dag_chain_node(il_node *node)	one line per node " %8X %8d %8X %8X %8X %8d %s" (node, pp +44, cmnexp +3c, refchn +40, refcnt +5c, dutbl +38, operator name from the uppercase table 00433270), then recurses into the operands; caller 00410b40 prints it under "DAG chain end block No" / "node val no cmnexp refchn refcnt"
00411040	hoist_loop_invariants	void hoist_loop_invariants(loop *lp)	recurses child (+18) and next (+20) loops first, sets g_cur_loop, walks the blocks from start (+24) up to exit (+28)->bn_next and calls 004110a0 on each block whose +20 is set. Called twice by 00401a50 (g_licm_pass 0 then 1): loop-invariant code motion
004110a0	hoist_invariants_in_block	void hoist_invariants_in_block(bblock *block)	004110c0 on every statement of block->ilnode
004110c0	hoist_invariants_in_tree	void hoist_invariants_in_tree(il_node *node)	bottom-up: sets node->invno (+5a) to the number of the outermost loop the value is invariant in (0 = varies): ids look at the blocks of their reaching defs (dutbl +38 list, def block number vs each loop's start/exit), constants take the outermost loop's +38 byte, binary ops take the smaller operand level; a call, or a store through a pointer, sets loop flag 0x2000. When g_licm_pass & 1: every invariant non-leaf operand is replaced by a new temporary (00421150) and "tmp = expr" is moved to the loop with that number (004114c0)
004114c0	insert_in_loop_preheader	void insert_in_loop_preheader(loop *lp, il_node *expr, il_node *assign)	searches the loop tree (child +18, next +20) for the loop whose lpnumber == expr->invno; inserts assign before that loop's statement (+08) (00420dd0), appends it to the loop's pre block (+2c) statement list (004059c0), sets g_tree_changed, clears ivno/invno in assign (00418ca0)
00411540	compute_loop_trip_counts	void compute_loop_trip_counts(loop *lp)	recurses child/next loops; for loops whose flag has none of 0x4024: takes the first statement of the test block (exit +28, or start +24 when flag bit 0 [ENTER]) into g_loop_test; for a compare d/f/e/g/a (LT/GT/LE/GE/NE) of an id (or a cast of an id): 00412160 (initial value and step), 00411630 (limit), 00411820 (repet). A do-while (0x17) without break (flag 0x10) whose test is the constant 0 gets repet (+34) = 1
00411630	read_loop_limit	void read_loop_limit(il_node *test)	the compare's second operand must be an integer constant: its value goes to g_loop_limit, range-checked and narrowed to the type of the compared id (char/uchar/short/ushort/int); otherwise loop flag |= 0x100 (not countable) and lstep (+30) = 0
00411820	compute_loop_trip_count	void compute_loop_trip_count(il_node *test)	loop flag & 0x97c -> nothing; checks the direction of lstep against the compare (d/e need a rising, f/g a falling counter, a either), then 004120b0, then sets repet (+34) = (limit - init [-1]) / |lstep| + 1 per operator; for NE a non-zero remainder sets flags 0x100|0x8000 and repet 0. Uses g_loop_init / g_loop_limit; unsigned compares when the id type has bit 4
00411b70	unroll_counted_loops	void unroll_counted_loops(loop *lp)	recurses child/next; for a loop not marked 0x100 whose start block is directly followed by its exit block (start->bn_next == exit): lstep or repet 0 -> flag 0x100; more than 9 statements in the test block -> flag 0x100; repet % 3 == 0 -> 00404fd0(lp, 2), even -> 00404fd0(lp, 1) (body replication), sets g_tree_changed; repet 2 or 3 then becomes 1. Not countable loops without 0x4024 go to 00411c70. Run by 00401a50 when option byte +155 is set
00411c70	unroll_loop_by_four	void unroll_loop_by_four(loop *lp)	innermost loops (child == 0) with repet 0 or > 3, for/while/do statements tested by d/f/e/g/a on a non-float id with lstep != 0: repet a multiple of 4 -> 00412030 (body x4), repet 4 becomes 1. Otherwise: builds limit -/+ 4*|step| (00411eb0), gives up if that folds out of range (00419110); copies the loop statement, unrolls the copy x4, inserts it before the loop; if the loop has a break (flag 0x10) a new label goes after the loop and the copy's breaks become gotos to it (00411e70); the copy's test limit is replaced by the adjusted expression (the original loop stays as the remainder loop)
00411e70	replace_breaks_with_goto	void replace_breaks_with_goto(il_node *node, short labno)	recursive: every IL_BREAK (0x19) becomes IL_GOTO (0x1b) with symx = labno
00411eb0	make_unrolled_limit	il_node *make_unrolled_limit(il_node *limit, char type)	builds const 4 and const |lstep| of g_cur_loop (cast to type when needed), their product (0x44 IL_MUL) and returns a new IL_SUB (step > 0) or IL_ADD (step <= 0) node of type with a copy of limit as first operand and the product as second
00411f80	get_increment_target	il_node *get_increment_target(il_node *def)	for an integer ++/-- (0x38/0x39/0x3c/0x3d) or +=/-= (0x50/0x51) returns the first operand; for an assignment x = x + e / e + x / x - e (leaf numbers +58 equal) returns the assigned id; else 0. Ghidra returns int (4 bytes, a pointer). Caller 00412460
00412030	replicate_loop_body	il_node *replicate_loop_body(il_node *loop_stmt)	takes the body (second operand of a for, first of while/do), wraps it in a block if needed (00405920), and inserts 3 copies of it before the block's last child: the body runs 4 times per iteration. Returns loop_stmt
004120b0	trip_span_covers_step	char trip_span_covers_step(il_node *test)	distance limit-init (per compare operator d/e/f/g/a, +1 for LE/GE) >= |lstep| of g_cur_loop. Body returns CONCAT31(..., flag); the only caller 00411820 tests the low byte
00412160	find_loop_induction_in_block	void find_loop_induction_in_block(bblock *block)	00412180 on every statement of block->ilnode (the loop test block)
00412180	find_loop_induction	void find_loop_induction(il_node *node)	recursive over the test expression: for a node whose common expression (+3c) has a dutbl (+38) with exactly 2 defs: the def in a block before the loop start must dominate the start (start->domlst bit) = the initial assignment; the def inside the loop (start..exit, flag bit 0x1000 clear) = the increment (00412460 and 00412380 must both return 0); otherwise loop flag 0x100. With both: flag 0x1000 when the init comes before the enclosing loop's start, loop +0c/+10 = the init/step defs when the increment is not in the test block, then 00412560 (initial value) and 00412590 (step)
00412380	step_can_be_bypassed	int step_can_be_bypassed(node_list *def)	1 when there is a path from the loop start back to the start that avoids the increment's block (004123d0), then clears the visited bit (+65 & 4) of every block; 1 also when the def has no dutbl
004123d0	path_avoids_block	int path_avoids_block(bblock *block, short skip_no, short target_no)	depth-first over suclst (+0c) inside the current loop's block-number range, skipping block number skip_no and blocks with the visited bit (+65 & 4, set here): 1 when block number target_no is reached
00412460	step_def_unusable	int step_def_unusable(il_node *def)	0 only when def is a simple increment (00411f80) and no other ++/--/op= def of the same leaf (dutbl +38 list of the common expression) lies inside the loop; else 1
00412560	read_loop_initial_value	void read_loop_initial_value(il_node *def)	def must be "id = integer const": g_loop_init = the value; else loop flag |= 0x100
00412590	read_loop_step	void read_loop_step(il_node *def)	sets lstep (+30) of g_cur_loop: ++ -> 1, -- -> -1, += c -> c, -= c -> -c, x = x + c / c + x -> c, x = x - c -> -c; anything else sets flag 0x100
004126e0	flatten_single_trip_loops	void flatten_single_trip_loops(loop *lp)	recurses child/next; a loop with repet (+34) == 1 is replaced by a copy of its body (do-while always; for/while only when the function has no goto and flag 0x1000 is clear); sets g_loops_flattened. orig: lp_flat (00401a50 prints "before lp_flat" / "after loopflat")
00412760	special_change	void special_change(void)	when the current function (g_func_node) has exactly 2 parameters, both pointers (symbol +10 -> +6 count, +0c list of symbol numbers), runs 004127d0 on the body. orig: spec_chg ("after spec_chg tree")
004127d0	special_change_body	void special_change_body(il_node *body)	recognises one exact function shape: { for (i = 0; i < n; i++) { a = <load 1>; b = <load 2>; if (a == ..) ..; if (b == ..) ..; if (a != b) {..} } return 0; } (each piece checked by 00412be0/00412e20/00412e90) and replaces body statements 3..5 by the tree from 00412fe0; dumps "after spec_chg tree" when g_debug_flags == 2. orig: spec_chg
00412be0	match_spec_load	int match_spec_load(il_node *expr, char which)	matches the int cast of a short load *(p + scaled index) (via 00412d40) and stores the pointer's symbol number in g_spec_sym1 (which 1) or g_spec_sym2; 1 when matched
00412d40	match_spec_scale	int match_spec_scale(il_node *node, char mode)	mode 1: cast of the constant 0 times 4; else: cast of id g_spec_index_sym times 2; 1 when matched
00412e20	match_spec_zero_test	int match_spec_zero_test(il_node *ifnode, short symx)	matches the if statement's condition/assignment pair: symx compared with 2 and symx = 0; 1 when matched
00412e90	match_spec_compare	int match_spec_compare(il_node *ifnode, short sym1, short sym2)	matches if (sym1 != sym2) { if (sym1 < sym2) return -1 ...; return 1 } (returns of -1 and 1); 1 when matched
00412fe0	build_spec_change_tree	il_node *build_spec_change_tree(il_node *body, short sym1, short sym2)	builds the replacement IF tree for 004127d0 from 00413330/00413360/00413280/004132c0/004133a0 pieces (EQ tests of sym1/sym2 against 2 and 0, continue, return 1/-1, LT compares); body is unused
00413280	add_continue_to_first_child	il_node *add_continue_to_first_child(il_node *stmt)	gives the first operand of stmt an IL_EMPTY child and inserts an IL_CONTINUE (0x1a) before it; returns the continue node
004132c0	add_return_one_pair	il_node *add_return_one_pair(il_node *stmt)	makes "return 1" the child of stmt and inserts "return -1" (IL_MINUS of const 1) after it; returns the second return
00413330	make_empty_block	il_node *make_empty_block(void)	new IL_BLOCK with an IL_E_BLOCK child (00420e60)
00413360	make_id_equals_const	il_node *make_id_equals_const(short symx, unsigned int value)	new IL_EQ ('`') of id symx (int) and int const value. NOTE: Ghidra's sig returns void, but the 00420b30 result stays in EAX and the caller 00412fe0 uses it
004133a0	insert_two_if_nodes	void insert_two_if_nodes(il_node *pos)	inserts two fresh IL_IF (0x12) nodes before pos
004133d0	new_temporary_leaf	int new_temporary_leaf(void)	decrements g_temp_symno, increments g_leaf_count (> 0x7ff -> 004015e0 abort) and clears that leaf table entry (gen, use, lastnd, flag; symno = the new temporary). NOTE: Ghidra's sig returns void, but the new leaf number stays in AX (MOV [0x4587e4],AX before RET) and the callers 0041b9b0/0041c6b0 use it
00413440	free_register_allocation_tables	void free_register_allocation_tables(void)	frees the lifehash buckets (prints "lifehash", "lifetbl{%d, %d}", "used lreg" under debug bit 0x2000000), the logical register list (0x2c records with their 8/8/0xc-byte lists), the 0x1c-byte lists at 00448498 and 004484a0, every block's +34 list and the list at 004484b0. Called by 004015e0 and 00406d60
004136c0	insert_parameter_self_assignments	void insert_parameter_self_assignments(void)	for every integer, pointer or float parameter of the current function: a "p = p" IL_ASSIGN (flag +5e |= 0x10) inserted first in the function body and prepended to the entry block's statement list (g_first_block +04)
00413850	remove_unused_parameter_assignments	void remove_unused_parameter_assignments(void)	removes from the entry block (and from the tree) the flag-0x10 self assignments whose target got no logical register (child lreg +30 == 0)
004138d0	sort_block_statics_by_refcnt	void sort_block_statics_by_refcnt(bblock *block)	bubble-sorts the node_list at block +34 by node refcnt (+5c), highest first. Caller 0041c6b0 (register allocation, once per block)
00413930	sort_life_areas	void sort_life_areas(lreg *lr)	sorts the lreg's life area list (+0c, items {next, lifetbl*}) by st (+8), then en (+0a). Would take lreg * (types_proposal.h). Callers 00414820, 0041c4f0 | typed: bubble-sorts lr+0xc (lreg.life, cells {next, lifetbl *}) by lifetbl.st (+8) then en (+0xa); callers set_expression_life (013d50) pass a g_lreg_table entry
00413a00	write_reg_header	void write_reg_header(short func_symx, int flag1, int flag2)	writes 4 bytes to g_reg_file: func_symx, flag1 == 0, flag2 == 0; write error -> error 0xce7
00413a60	write_reg_trailer	void write_reg_trailer(short func_symx)	writes 4 bytes {0, 0, func_symx} to g_reg_file; error 0xce7
00413aa0	write_register_allocation_table	void write_register_allocation_table(void)	00413d50, header, then per logical register (except DELETE(WEB) and pregno 0): lregno (+28) and the physical register mapped through the general/float/double tables (cpu option +18 == 4, or 2 with +37 == 3), the type byte, then 00414570 and 00414030; prints "[[[ REGISTER ALLOCCATION TABLE ]]]" "|lregno|pregno| type |"; trailer
00413d50	set_expression_life	void set_expression_life(void)	builds each logical register's exp area list (+1c, 0xc records {next, st, en}): for a type-8 constant from the first to the last chained node's expp (+54); otherwise from the life areas mapped to blocks (startpp +58 / endpp +5a, searched through +20/+24) and node expp; sorts/merges with 00414140; dumps "setexlife 1/2/3". orig: setexlife
00414030	write_lreg_expression_ranges	void write_lreg_expression_ranges(lreg *lr)	writes the count and each st/en of the exp area list (+1c) to g_reg_file ("|num:%2d|", "| st:%2d|en:%3d|" under debug bits 0x3000000); a CONST DATA register with a non-type-8 constant gets st = 1. Would take lreg * | typed: uses +0x1c exp_area (cells {next,int,int}), +2 set, +0x20 chain read as const_data (contents +0, dom_type +2) when set 0; caller write_register_allocation_table passes g_lreg_table entries
00414140	sort_and_merge_ranges	void sort_and_merge_ranges(void *ranges, int mode)	normalises each {next, st, en} so st <= en, bubble-sorts by st, then merges overlapping ranges (mode 1 also merges adjacent ones and drops leading empty ranges); frees merged records (0xc)
00414220	reflect_register_numbers	void reflect_register_numbers(void)	merges records of g_reflect_list with the same key (+08; frequency +00 summed, chained +14/+18), sorts by frequency (00414360), numbers them -1, -2, ... into +04 and the short each points to (+10), then 00414440; prints "******** reflect start/end ********". orig: reflect
00414360	sort_reflect_list_by_frequency	void sort_reflect_list_by_frequency(void)	bubble sort of g_reflect_list (next +0c) by +00, highest first; "freqsort start/end" dumps. orig: freqsort
00414440	sort_lregs_by_mreg	void sort_lregs_by_mreg(void)	g_mregsort_passes times: sorts the negative pregno entries of g_lreg_table (1..g_lreg_count) ascending; "mregsort start/end" dumps. orig: mregsort
00414570	write_lreg_symbols	void write_lreg_symbols(lreg *lr)	writes to g_reg_file the number of symbols sharing the register (this one and the lregs chained from bind +18 through +24) and their symbol numbers (00414680). Would take lreg * | typed: uses +0x18 bind and walks +0x24 bakbind chains; passes lregs to get_lreg_symx; caller write_register_allocation_table (g_lreg_table entries)
00414680	get_lreg_symx	short get_lreg_symx(lreg *lr)	symbol number of a logical register: WEB CHAIN/DELETE(WEB) from the chained node (+20 -> +10), MEMORY ALLOCATED and non-type-8 CONST DATA from the first chained node (+20 -> +08 -> +08), looking through one or two operands for the id; -1 otherwise. Would take lreg * | typed: +2 set; set 1/3: chain is dutbl (+0x10 node, op p -> symx +4, else child +0x14); set 0/2: chain+8 const_data.uses -> const_use.node (+8); callers write_lreg_symbols
00414710	dump_web_chain	void dump_web_chain(dutbl *web, char *title)	"web chain print \"%s\"" then per web record (next +08): record, block (+0c) and its number, node (+10) and its pp. Caller 00407000 ("mkweb after web") | typed: walks +8 next, prints +0xc block (bblock.number) and +0x10 node (il_node.pp +0x44) = dutbl; caller passes node->duptr (mkweb); title is a C string
00414760	dump_logical_register_list	void dump_logical_register_list(char *title)	"LOGICAL REGISTER LIST" header, then 00414820 for each lreg: from the g_lreg_list chain (+14) while the table is empty, else g_lreg_table 1..g_lreg_count. Caller 00406d60 ("after blockreg")
00414820	dump_lreg	void dump_lreg(int lregno, lreg *lr, char *title)	prints one logical register: lregno, pregno, set (WEB CHAIN / DELETE(WEB) / MEMORY ALLOCATED / CONST DATA), symno/leafno/name, priori/profit (+04/+08), chained nodes, constant contents/value and dominator type/block, life area (sorted by 00413930), exp area, clashed lregs (+10), bind (+18), bakbind (+24). Would take lreg * | typed: +0 pregno, +2 set, +4 priori, +8 profit, +0xc life, +0x10 clashed, +0x18 bind, +0x1c exp_area, +0x20 chain, +0x24 bakbind (strings name each); callers dump_logical_register_list (g_lreg_table entries), set_expression_life
00414bc0	assign_registers_without_allocation	void assign_registers_without_allocation(il_node *node)	used when register allocation is off (00406d60 "REGISTER ALLOCATION NOT RUN"): every id of a temporary or of a class 5/6 symbol gets an lreg number per leaf (16-byte records in g_noalloc_leaf_regs, physical numbers counting down from 0xe, after 4 -> -1); new ones are written (6 bytes) to g_reg_file; node->lreg (+30) = the number
00414ce0	merge_common_code	void merge_common_code(void)	00414d20, 00414e30, 004152a0, 00415830, 00415990, 00415b30; dumps "after merge tree" when g_debug_flags == 2. Run by 00401a50 when option byte +35 is set; g_code_merged then makes it rebuild the CFG
00414d20	group_blocks_by_successor	void group_blocks_by_successor(void)	every block (f_next chain +20 from the entry block) with statements and successors: a single successor, or the exit block among several, -> 00414d80
00414d80	add_block_to_successor_group	void add_block_to_successor_group(bblock *block, bblock *succ)	0x10 record {next group, next in group, block, short succ number} into the 16 buckets g_successor_groups (hash: number & 0xf), grouped by successor number
00414e30	find_common_tails	void find_common_tails(void)	for every pair of blocks in a successor group (skipping blocks whose last statement is the 3rd operand of a for), compares the last statements backwards (00414f20)
00414f20	match_statement_tails	void match_statement_tails(il_node *stmt_a, il_node *stmt_b, bblock *block_a, bblock *block_b)	walks back statement by statement while 00423670 says equal (never across a switch), climbing out of control statements (00415730); records the matched tail with 00415110 (whole-block match passes 1)
004150c0	last_statement_of_list	il_node *last_statement_of_list(node_list *list)	last node of the list; returns the following goto (0x1b) if there is one, or the label statement (0x1c/0x1d/0x1e) the node is under
00415110	record_common_tail	void record_common_tail(il_node *stmt_a, il_node *stmt_b, bblock *block_a, bblock *block_b, char whole)	unless a block has more than one successor (outside the whole-block phase g_merge_whole_blocks): whole -> 00415260 (link the blocks); two 0x18 records (+16 bit 1 label side, bit 2 goto side, +10 g_merge_id, +08 block, +0c statement, +14 block number) into the 16 buckets g_common_tail_buckets
00415260	link_merged_block	void link_merged_block(bblock *into, bblock *block)	inserts block into into's merge chain (bblock +2c), kept in descending block number, no duplicates
004152a0	find_identical_predecessor_blocks	void find_identical_predecessor_blocks(void)	sets g_merge_whole_blocks; for the exit block's predecessors chained by +2c, compares their predecessor lists pairwise (00415330)
00415330	match_predecessor_lists	unsigned int match_predecessor_lists(block_list *list_a, block_list *list_b, bblock *succ_a, bblock *succ_b)	recursive: two predecessor blocks at the same number distance as their successors are compared (00415530) and, when identical, recorded (00415780); 2 = partial match -> tail match (00414f20); continues with their own predecessors and the next list items. Returns 0 identical, 1 different, 2 partial
00415530	compare_blocks	unsigned int compare_blocks(bblock *a, bblock *b)	compares the two blocks' statements backwards (004155d0); identical -> both get flag bit 0x100 (+65 & 1), g_merge_pair_count++, linked with 00415260. 0 identical, 1 different, 2 partial
004155d0	compare_statements_backward	unsigned int compare_statements_backward(il_node *stmt_a, il_node *stmt_b, bblock *block_a, bblock *block_b)	recursive form of 00414f20's walk; 0 when both blocks match up to their first statements, 2 for a partial match, 1 different
00415730	parent_is_control_statement	int parent_is_control_statement(il_node *node)	1 when node's parent is a switch, if, return or label (0x10/0x12/0x18/0x1c/0x1d/0x1e)
00415780	record_identical_blocks	void record_identical_blocks(bblock *a, bblock *b)	0x14 record {next group, next, a, b, g_merge_pair_count} into the 16 buckets g_identical_block_buckets (hash: pair count & 0xf), grouped by a's number
00415830	merge_identical_blocks	void merge_identical_blocks(void)	for every recorded pair: a new label (00420160/00420710) before the first statement of the higher-numbered block, a goto to it (0040d610) at the other block's first statement (wrapping in blocks with 00405920 where the position is not a statement list, 0040d620); sets g_code_merged
00415990	merge_common_tails	void merge_common_tails(void)	for every recorded tail: a new label before the label-side statement (+16 bit 1) and a goto to it before each goto-side statement (bit 2); sets g_code_merged
00415b30	free_merge_tables	void free_merge_tables(void)	clears g_merge_whole_blocks and frees the three bucket tables (0x18, 0x10, 0x14 records)
00415c00	free_merge_tables_and_abort	void free_merge_tables_and_abort(void)	00415b30 then 004015e0 (abort); called when an allocation fails in 00414d80/00415110/00415780
00415c10	inline_calls_in_if	void inline_calls_in_if(il_node *stmt)	call expansion of an IL_IF: the condition through 0041f260, both branches through 0041f170. Caller 0041f170 (the inline expansion walk over statements)
00415c50	inline_calls_in_switch	void inline_calls_in_switch(il_node *stmt)	call expansion of an IL_SWITCH: the controlling expression through 0041f260, the body through 0041f170
00415c80	inline_calls_in_while	void inline_calls_in_while(il_node *stmt)	collects expandable calls in the condition (second operand, 0041fd50); expands the body; if any: "goto L" before the loop, label L at the end of the body followed by the expanded calls (0041f310), so the condition's calls run before each test; saves/restores g_inline_continue_label/g_inline_loop
00415da0	inline_calls_in_do	void inline_calls_in_do(il_node *stmt)	as 00415c80 for a do-while: the condition's calls are expanded at the end of the body
00415e70	inline_calls_in_for	void inline_calls_in_for(il_node *stmt)	for: expands the init (first operand) via 0041f260; calls in the step (3rd operand) and in the condition (4th) are expanded at the end of the body; with condition calls the init moves before the loop, a goto L / label L pair is added and the step moves into the body
00416100	inline_redirect_continue	void inline_redirect_continue(il_node *stmt)	inside a loop being expanded (g_inline_loop set): replaces the continue by a goto to g_inline_continue_label, creating that label (before the body's last statement) on first use
004161e0	cfg_break	void cfg_break(il_node *stmt)	CFG builder (00405380) case IL_BREAK: closes the current block (00405540 when it was opened by a label), prepends it to g_break_preds, then appends g_pending_preds; loop flag |= 0x10
00416260	cfg_continue	void cfg_continue(il_node *stmt)	case IL_CONTINUE: as 004161e0 into g_continue_preds; loop flag |= 0x20
004162e0	cfg_goto	void cfg_goto(il_node *stmt)	case IL_GOTO: adds the current block to the pending list (+08) of the label record of stmt->symx (00416530, created by 00416570); loop flag |= 8
00416390	cfg_return	void cfg_return(il_node *stmt)	case IL_RETURN: the return expression (unless IL_NULL) becomes a statement of the block (004054b0); the block goes to g_return_preds; loop flag |= 0x40
00416420	cfg_label	void cfg_label(il_node *stmt)	case IL_GLABEL: the label record's block (+04) = g_next_block (the block about to start), flushes the open block into the pending list, processes the labelled statement (00405380) and starts a new block if it made none; loop flag |= 4
004164c0	cfg_case_label	void cfg_case_label(il_node *stmt)	cases IL_CLABEL/IL_DLABEL: flushes the open block, adds the switch block (004504e8) to the pending predecessors, processes the labelled statement; loop flag |= 0x800
00416530	find_label_record	label_rec *find_label_record(short labno)	lookup in g_label_hash (256 buckets, |labno| & 0xff) of the 0x10-byte label record {short labno, block +04, pending block_list +08, next +0c}. NOTE: Ghidra's sig returns void, but the record stays in EAX and the callers 004162e0/00416420 use it | typed: g_label_hash bucket by |labno| & 0xff, compares short +0 labno, follows +0xc next = label_rec; callers cfg_goto/cfg_label use the result
00416570	new_label_record	label_rec *new_label_record(short labno)	allocates a 0x10 label record (00417120; failure -> 00405a30) and appends it to its g_label_hash chain; returns it (Ghidra: short *) | typed: pool_alloc(0x10) (= sizeof label_rec), stores labno at +0, appended via +0xc next in g_label_hash
004165e0	compute_dominators	void compute_dominators(void)	entry block domlst = {itself}, every other block all ones; iterates domlst(b) = {b} + intersection of the predecessors' domlst until nothing changes (bit number-1 of the 8-word set +38). Callers 004051b0, 0040b790, 0040d4e0 after building the CFG
00416710	reassociate_expression	il_node *reassociate_expression(il_node *expr)	for the top of a +/- (or unary minus), *, &, |, ^ chain: flattens the operands into the term list g_reassoc_terms (00416940), folding constants and cancelling equal ids, then rebuilds the tree (00416e00) and replaces expr; frees the old nodes (00416f80) or the list (00416f40) on failure; "level_road" / "level_road change" dumps under debug bit 0x80. Returns the new node. Caller 004060b0. orig: level_road
00416940	collect_reassociation_terms	int collect_reassociation_terms(il_node *node, short op_class, short negate, il_op parent_op)	op_class 1 add/sub, 2 mul, 3 and, 4 or, 5 xor: operators of the same class are descended (negate flips under unary minus and on the right of a subtraction); other operands become 0xc term records {char op, il_node *node, next} inserted by level (+5b) and symbol number; constants fold into an existing constant term through the operator tables at 00433a68 (negation 00433afc, sign test 00433bf8); equal non-volatile ids cancel for sub/xor or merge for and/or. Returns 0, or -1 when an allocation fails
00416db0	move_positive_term_first	void move_positive_term_first(void)	opt_shift helper: finds the first cell of the term list g_term_list whose op is '@' (an added term) and moves it to the head, so the rebuilt sum starts with an added term. Term cells are 0xc bytes {char op; il_node *node at +4; next at +8} (struct term in types_proposal.h). Called by optimize_shift_chain when the head is 'A'.
00416e00	build_tree_from_terms	il_node *build_tree_from_terms(void)	Rebuilds an expression from g_term_list: a leading 'A' term becomes IL_MINUS ('%'), each further term is combined with FUN_00420b30(term op, type, tree, term node, 0) keeping filn/line/listno (+0xa/+0xc/+0x32); frees each 0xc cell (pool_free(cell,0xc)); an IL_MUL result is negated when g_negation_count is odd. Returns the new tree. Called by optimize_shift_chain.
00416f40	free_term_list	void free_term_list(void)	Frees every cell of g_term_list (pool_free(cell,0xc)), returning constant term nodes ('q') to the node free list (FUN_00420980). Called by optimize_shift_chain when collecting terms fails (FUN_00416940 returned -1).
00416f80	free_released_nodes	void free_released_nodes(void)	Walks g_released_nodes (chained through il_node+0x3c) and returns each node to the node free list (FUN_00420980); with dump bits 0x100/0x80 prints "relnode=%08x, name=%s" (uppercase op name table 00433270).
00416fe0	optimize_shift_chain	il_node *optimize_shift_chain(il_node *node)	orig: opt_shift (dump strings "opt_shift" / "opt_shift chnage"). For an IL_SL/IL_SR ('H'/'I', flag bit 2 clear) whose left operand is the same shift and right operand is not: collects the shift counts of the chain as additive terms (FUN_00416940(count,1,0,'@')), replaces the chain by one shift whose count is the rebuilt sum (build_tree_from_terms, then FUN_0040e150). Returns the (possibly new) top node. Caller: opt_exp (004060b0).
00417120	pool_alloc	void *pool_alloc(unsigned int size)	Known: allocates size bytes from the size-class pools (g_pool_classes: 0xc-byte {short size; free list +4; next +8}, created on demand with malloc(0xc) = FUN_0042a320); takes a block from the class free list or mallocs one (on failure releases all free lists, pool_release_free_lists, and retries once); zeroes it (clear_bytes) and adds size to g_pool_bytes_in_use. Returns 0 on failure.
004171d0	pool_release_free_lists	void pool_release_free_lists(void)	CRT-frees (FUN_0042a290) every block on every size-class free list and empties the lists. Caller pool_alloc when malloc fails.
00417210	clear_bytes	void clear_bytes(char *dst, int count)	Byte loop storing 0 count times (memset 0). Callers: pool_alloc, alloc_node_blocks, FUN_00420950 (node alloc, 0x68).
00417230	pool_free	void pool_free(void *block, int size)	Known: pushes a block on the free list of its size class (first word links the list) and subtracts size from g_pool_bytes_in_use; a size without a class is ignored.
00417270	alloc_node_blocks	il_node * alloc_node_blocks(unsigned int size, int count)	mallocs count zeroed blocks of size bytes into g_node_block_table[] (count in g_node_block_count); returns the first block, 0 on failure. Caller 00404eb0 (size 0x68 = il_node, error 0xbcd on failure, result in DAT_00450500). | typed: returns g_node_block_table[0]; only caller init_il_node_pool(size 0x68) stores it in g_il_node_pool (il_node *); link_node_blocks chains the blocks through +0x18 (il_node.next). size stays generic
004172d0	link_node_blocks	void link_node_blocks(void)	Chains the blocks of g_node_block_table through their +0x18 word (il_node.next, the node free-list link) and ends the chain with 0. Caller 00404ef0 (sets the node free list DAT_00458864 to the first block).
00417310	free_node_blocks	void free_node_blocks(void)	CRT-frees every block of g_node_block_table (g_node_block_count entries). Caller 00401fe0 (stage exit).
00417340	optimize_loop_induction	void optimize_loop_induction(loop *lp)	Loop induction-variable pass (its callee dumps "loop ind N asndp"). Recurses into child (+0x18) and next (+0x20) first; g_cur_loop = lp, resets g_iv_update_stmt, g_iv_reduced_count, g_iv_tested_count, g_iv_copy_list, g_iv_count = 1; g_loop_test = first statement of the start (lp_flag ENTER) or exit block; only for a relational test (IL_LT/GT/LE/GE/NE) whose left operand (through a cast) has invno or is a local (symbol byte +0 < 5): finds basic IVs per block (find_basic_induction_vars; more than 3 -> lp->flag |= 0x80), then derived IVs per block (find_derived_induction_vars, g_iv_cur_block) and strength reduction (strength_reduce_induction_vars); clears the marks (clear_induction_numbers, clear_induction_marks) and frees (free_induction_tables). Caller 00401a50 with the loop tree root DAT_004587f0.
004174e0	free_induction_tables	void free_induction_tables(void)	For entries 1..3 of g_iv_table frees each 0x24-byte use record (pool_free 0x24) and its 8-byte factor cells, frees the step tree (FUN_004209a0 = free subtree) and clears the entry; then frees g_iv_copy_list (copied statements, 8-byte cells). Also called before the out-of-memory exit (004015e0).
004175a0	find_basic_induction_vars	void find_basic_induction_vars(bblock *block)	Scans block->ilnode for basic induction variable updates on non-float values: x++/x-- (IL_PRI/IL_PRD '8'/'9'), x += c / x -= c (IL_A_ADD/IL_A_SUB 'P'/'Q', c invariant: invno), x = x +- c (IL_ASSIGN of IL_ADD/IL_SUB with the same leaf); the variable's web (cmnexp->unknown_38) must have this as its only definition in the loop (is_sole_def_in_loop) and flag & 0x5000 clear. Records statement / step node (a new int const, or a copy of c) / block in g_iv_table[g_iv_count] (+4/+8/+0xc), sets flag 0x4000 (byte +0x5f |= 0x40), mark_induction_variable, clears the marks of the statement. Stops when g_iv_count > 3.
004179a0	is_sole_def_in_loop	int is_sole_def_in_loop(dutbl * web, il_node * def)	web = the variable's def-use web (il_node.cmnexp->unknown_38; would take `web *`). For each node on web->+4 list: its own web's block (+0xc) loop (lptbl) number; returns 0 when it is in an outer loop (number < g_cur_loop->lpnumber) or is another definition in the current loop; else 1. | typed: web+4 walked as node_list (links: node +0, next +4), each node's duptr->block->lptbl compared with g_cur_loop; all 3 callers (find_basic_induction_vars) pass x->cmnexp->duptr
00417a00	mark_induction_variable	void mark_induction_variable(il_node *def)	If every definition of the variable (def->unknown_38 web list) lies in the current loop or in a loop found under g_cur_loop->unknown_0c (loop_tree_contains), stores g_iv_count in ivno (+0x56) of every reference (refchn chain +0x40) of def and of each definition, then g_iv_count++.
00417ab0	loop_tree_contains	int loop_tree_contains(loop *lp, int lpnumber)	Searches lp, its following siblings (next +0x20, recursively) and their children (child +0x18) for a loop numbered lpnumber. NOTE: Ghidra's signature is void but the function returns 1/0 in EAX and mark_induction_variable tests it (disasm 00417ac9 MOV EAX,0x1; caller 00417a4d TEST EAX,EAX): should be int; lead to decide.
00417af0	find_derived_induction_vars	void find_derived_induction_vars(node_list *stmts)	For each statement: resets g_iv_negated_count, copies the tree (copy_tree_unlinked(0, stmt)), pushes the copy onto g_iv_copy_list (8-byte cell from pool_alloc; out of memory -> free_induction_tables + 004015e0) and scans original and copy in parallel (scan_derived_induction_expr). Caller optimize_loop_induction with each block's ilnode.
00417b60	scan_derived_induction_expr	void scan_derived_induction_expr(il_node *node, il_node *copy)	Post-order over node and its copy. Propagates ivno (+0x56) to expressions linear in an IV (link_derived_induction): casts between integer sizes of the same signedness, IL_ADD/IL_SUB with one IV operand and one operand invariant in the current loop (invno >= lpnumber; IL_SUB with the IV on the right counts g_iv_negated_count, flips a fresh negation node in the use record (+0x10) and adds +-2 to its +0x20 test adjustment when the test is LT/LE vs GT/GE), IL_MUL (factor kept with add_induction_factor), IL_SL by a constant (factor 1<<n, shift_to_power_of_two). An IL_ID starts a use record (record_induction_use). IL_MUL by a constant flagged by FUN_00410100 sets flag2 bit 2 (byte +0x60 |= 4) on node and copy. The head record's block (+0x14) = g_iv_cur_block.
00417f20	link_derived_induction	void link_derived_induction(il_node *node, il_node *operand, il_node *copy, il_node *copy_operand)	node->ivno = operand->ivno; the IV's head use record gets node (+4) and copy (+0x18); copy->ivno = copy_operand->ivno. Callers scan_derived_induction_expr.
00417f60	add_induction_factor	void add_induction_factor(il_node *node, il_node *factor)	Pushes a copy of factor (FUN_00420c50(0, factor)) as an 8-byte node_list cell onto the factor list (+0xc) of the head use record of node's IV. Out of memory -> free_induction_tables + 004015e0.
00417fb0	strength_reduce_induction_vars	void strength_reduce_induction_vars(void)	For IV entries 1..3: g_test_replace_ok = 1 when option bit g_options+0x2c & 1; if check_induction_entry(entry) != 0 -> reduce_induction_variable(entry) and g_loop_opt_changed = 1.
00418000	check_induction_entry	int check_induction_entry(iv_entry * entry)	entry = a g_iv_table entry (would take `iv_entry *`). 0 unless the entry has use records and a step and none of its records is the bare variable (+4 == +8); then the result of check_loop_test_replacement(entry). NOTE: Ghidra's signature is void but the tail call's value is returned in EAX (disasm 00418001 XOR EAX,EAX ... 00418032 CALL 0x00418e10) and strength_reduce_induction_vars tests it: should be unsigned int; lead to decide. | typed: entry+0 uses (iv_use list: next +0, expr +4 == id +8 test), entry+8 step; strength_reduce_induction_vars passes &g_iv_table_entry1 stepping by 0x10
00418040	reduce_induction_variable	void reduce_induction_variable(iv_entry * entry)	Strength reduction of one IV (entry would take `iv_entry *`): for each use record (at most 3: g_iv_reduced_count): a new temp (FUN_00421150, or for a negative-symx assignment target a copy of it); `temp = expr` inserted before the loop statement (FUN_00420dd0) and appended to the preheader's statements (FUN_004059c0 on lp->pre->ilnode); the use replaced by the temp; the increment built (build_induction_increment); then either the access becomes auto-increment (try_auto_increment_access, pointer IV with no blocking condition) or `temp = temp + incr` is inserted after the update (insert_induction_increment). Dumps "loop ind 1/2/3 asndp". At the end replaces the loop test (set_loop_step, replace_loop_test) when g_test_replace_ok and table g_iv_test_type_table[size*0xb + test size] allow; g_single_iv_use = (only one use record). | typed: entry+0 uses, +4 update (g_iv_update_stmt), +8 step (build_induction_increment), +0xc block (number, domlst bit test at +0x38); its uses read iv_use +4 expr, +0x10 incr, +0x14 block, +0x20 test_adjust
004184d0	expression_root	il_node *expression_root(il_node *node)	Climbs parents while the parent is an expression (op >= 0x20); returns the topmost expression node directly below the statement.
004184f0	is_conditionally_evaluated	char is_conditionally_evaluated(il_node *node)	Climbs expression parents; returns 1 when it meets IL_COND/IL_AND/IL_OR (0x7f/'h'/'i') and the path does not enter as their first operand (FUN_004209d0 position != 1), else 0. Only caller reduce_induction_variable adds the byte to a char counter.
00418540	set_loop_step	void set_loop_step(il_node *step)	Folds a copy of step under a temporary node (fold_and_check_overflow) and stores the value in g_cur_loop->lstep (+0x30) when it folds without overflow, 0 otherwise; -1 when step is 0.
004185f0	try_auto_increment_access	int try_auto_increment_access(il_node * expr, il_node * temp, iv_use * use)	use = IV use record (would take `iv_use *`). Folds the record's increment tree (+0x10, strip_negations first) and, when the temp is dereferenced ('(' under an optional '_') and the step equals the access size, rewrites the access to post-increment (IL_POI '<', step +1) or pre-decrement (IL_PRD '9', step -1) of the temp by that size. Returns 0 when rewritten, 1 otherwise (the caller then inserts an explicit increment). | typed: use+0x10 = iv_use.incr (copied); caller reduce_induction_variable passes an element of iv_entry.uses
004187b0	strip_negations	void strip_negations(il_node *tree)	Post-order: every IL_MINUS ('%') node is replaced by its operand (FUN_00420a10 inserts the operand at the same position, FUN_00420fa0 deletes the old one). Caller try_auto_increment_access before taking the absolute step.
00418820	induction_step	int induction_step(il_node *stmt)	Step of an IV update statement: IL_COMMA ('l') recurses into its first operand; x++ (IL_PRI/IL_POI) 1; x-- (IL_PRD/IL_POD) -1; x += c c; x -= c -c; x = x + c or c + x c; x = x - c -c (integer types, same leaf); else 0.
00418920	build_induction_increment	void build_induction_increment(iv_use * use, il_node * step)	use = IV use record (would take `iv_use *`). Builds cast(copy of step) * factor1 * factor2 ... from the record's factor list (+0xc), casting factors to the product type, and stores it in +0x10 (or appends it at the end of the +0x14 chain of the tree already there). | typed: use+0xc factors walked as node_list, use+0x10 incr read/written; caller reduce_induction_variable passes an iv_use
004189c0	insert_induction_increment	void insert_induction_increment(il_node * temp_assign, il_node * incr, iv_entry * entry)	entry would take `iv_entry *`. Copies `temp = ...` (flag |= 0xf0), turns it into `temp = temp + incr` and places it after the IV update statement in the entry block's statement list (+0xc -> ilnode), wrapping the update in an IL_COMMA ('l'); the result becomes g_iv_update_stmt. | typed: entry+0xc block, block+4 ilnode list searched for g_iv_update_stmt; caller reduce_induction_variable passes its iv_entry
00418aa0	replace_loop_test	void replace_loop_test(il_node * temp_assign, iv_use * use)	Linear test replacement on g_loop_test: the IV operand is replaced by a copy of the temp, the bound by a copy of the use's transformed expression (use +8) whose def-use links are moved (unlink_def_use_links, move_def_use_links); g_cur_loop->flag |= 0x200. | typed: use+8 = iv_use.id (the IV reference replaced in the test); caller reduce_induction_variable passes the chosen iv_use
00418b60	unlink_def_use_links	void unlink_def_use_links(il_node *node)	For each node on node->unknown_38 web list (+4): removes the back link to node from that node's web list (pool_free 8) and frees the cell; empties the list.
00418bd0	move_def_use_links	void move_def_use_links(il_node *from, il_node *to_tree)	Recurses over to_tree; a node with from's symx takes over from's web (+0x38), every back link to from (in the webs of the nodes on from's cmnexp web list) is redirected to it, and from->unknown_38 = 0.
00418c40	record_induction_use	void record_induction_use(il_node *id, il_node *copy)	For an IL_ID with ivno != 0: pushes a 0x24-byte use record (pool_alloc 0x24) onto the IV's list in g_iv_table: +0 next, +4/+8 id, +0x18/+0x1c copy. Out of memory -> free_induction_tables + 004015e0.
00418ca0	clear_induction_marks	void clear_induction_marks(il_node *tree)	Clears ivno (+0x56) and invno (+0x5a) in the whole subtree.
00418cd0	reoptimize_loop_expressions	void reoptimize_loop_expressions(loop *lp)	Post-order over the loop tree (child, next); for every block from lp->start up to lp->exit->bn_next with f_next (+0x20) set, reruns the expression optimiser on its statements (FUN_00406030: "cnt_expblk" / "opt_exp after"). Caller 00401a50 after the induction pass changed something.
00418d30	clear_induction_numbers	void clear_induction_numbers(il_node *tree)	Clears ivno (+0x56) in the subtree and in every node on each node's web list (unknown_38 +4).
00418d80	copy_tree_unlinked	il_node *copy_tree_unlinked(int mode, il_node *node)	Same as FUN_00420c50 (mode 0: node and operands, 1: node alone, 2: node, operands and following siblings) but the copy's refchn (+0x40) and unknown_38 are cleared. Callers find_derived_induction_vars, replace_loop_test, replace_loop_test_copy.
00418e10	check_loop_test_replacement	unsigned int check_loop_test_replacement(iv_entry * entry)	entry would take `iv_entry *`. Rehearses the reduction on copies: g_loop_test_copy = copy of the test; each use's copy (+0x18) becomes `newid = copy` (counted by g_iv_tested_count, statement copies on g_iv_copy_list are swapped too); if the test can be replaced (replace_loop_test_copy) folds the new bound (fold_and_check_overflow): 1/2 (overflow/underflow) clear g_test_replace_ok, 3 -> check_test_variables. Returns 1 early for a pointer/array IV when option bit 0x2c & 1; all paths return nonzero. | typed: entry+0 uses (iv_use: copy +0x18, test_adjust +0x20), entry+4 update; caller check_induction_entry
00419090	replace_loop_test_copy	void replace_loop_test_copy(il_node * temp_assign, iv_use * use)	As replace_loop_test but on g_loop_test_copy and the use record's +0x1c copy (no flag, no link moves). | typed: use+0x1c = iv_use.copy_id; caller check_loop_test_replacement passes an iv_use
00419110	fold_and_check_overflow	unsigned int fold_and_check_overflow(il_node *node)	Recursively folds constant operands (folder FUN_004065d0, operator table 00433a68) and reports 0 folded without overflow, 1 overflow, 2 underflow, 3 not constant; char/short results through check_value_range, int/long through check_arith_overflow; a cast of a negative constant between signednesses gives 1.
00419270	check_value_range	int check_value_range(unsigned char type, unsigned int value)	For a char/short type: unsigned -> 1 when bits above the size are set; signed -> 1 when value > max, 2 when value < min (limits from FUN_0040fa70); else 0.
00419300	check_arith_overflow	unsigned int check_arith_overflow(il_node *op, unsigned int value)	For an int/long IL_ADD/IL_SUB/IL_MUL/IL_SL of two constants whose folded result is value: 1 overflow / 2 underflow / 0 from the operand signs (unsigned: compare; MUL by division; SL via g_pow2_table). Other operators return value or an uninitialised local, as Ghidra shows.
00419580	check_test_variables	int check_test_variables(il_node *tree, int leafno)	Recursively clears g_test_replace_ok when the tree contains a non-pointer IL_ID whose nleaf (+0x58) differs from leafno. Always returns 1.
004195f0	move_increment_out_of_do_test	void move_increment_out_of_do_test(loop *lp)	Post-order over the loop tree; g_cur_loop = lp; for an IL_DO loop (lp->node op 0x17, flag bit 0x20 clear) whose relational test has a pre-increment/decrement ('8'/'9') operand: replaces it by the variable and inserts the increment before the last statement of the body (wrapping the body in IL_BLOCK/IL_E_BLOCK via FUN_00405920 when needed); g_do_test_changed = 1. Caller 00401a50 (then FUN_00402040).
00419700	new_leaf	int new_leaf(short symno)	Adds a leaf table entry: g_leaf_count++ (fatal 004015e0 above 0x800), clears gen/use/lastnd/flag and sets symno of g_leaf_table[g_leaf_count]. NOTE: Ghidra's signature is void but the new leaf number is left in AX (disasm 0041972d MOV [0x004587e4],AX ... RET) and FUN_00421150 stores the result as the node's nleaf: should return short; lead to decide.
00419760	fatal_error	int fatal_error(int errcode)	Known (reports an error by number): report_error(code), then exits with g_max_error_level*2+1 (FUN_00429a70).
00419780	report_error	void report_error(int errcode)	report_message(code, 0, 0).
004197a0	report_message	void report_message(int errcode, il_node *node, char *text)	Error level code/1000 + 1 is kept as maximum in g_max_error_level; file from the node's filn (source_file_name) and line (+0xc), or the main source name (*g_options) and line 0; prints via FUN_004286d0(file, line, code, text).
00419800	source_file_name	char *source_file_name(int filn)	Looks filn up in the file list at g_options+0xec ({next, short filn, char *name}) and copies its name into g_file_name_buf (FUN_00428a20 = strcpy); returns g_file_name_buf.
00419840	shift_to_power_of_two	int shift_to_power_of_two(int count)	1 << count for 0 <= count < 32, else 0. Caller scan_derived_induction_expr (IL_SL by a constant as a multiplication).
00419860	power_of_two_index	int power_of_two_index(unsigned int value, int flag)	log2(value)+1 when value is a power of two, 0 otherwise; with flag set, 0x80000000 (32) also gives 0. Callers in the folder/pattern code (0040e4a0, 0040e610, 0040edc0, 0040efc0, 00421b20).
004198a0	is_immediate_operand	int is_immediate_operand(il_node *op, int operand_no, unsigned int value)	Known (notes): "does the operator take this constant as an immediate?". Per operator: ADD/A_ADD/EQ/NE -128..127; SUB/A_SUB second operand -127..127; MUL/A_MUL 16-bit operand rules; DIV/A_DIV by 2; MOD/A_MOD (FUN_0040eca0); SL 0..31; SR by CPU; AND/OR/XOR 0..255 or -128..127; ASSIGN of 0x35; relational against 0; IL_ARG passed in a register (argument_register_index < 5). Float operands give 0. Callers 00407720, 00407b30 (MDL_ARG_CONST), materialize_constant_lreg, write_lreg_numbers, 00422bd0.
00419df0	assign_argument_registers	void assign_argument_registers(void)	Register allocation step (00406d60, after sort_lregs_by_profit): links each web of a WEB CHAIN lreg back to it (web+0x18); for every call in g_call_list (non-builtin or _builtin_trapa), each IL_ID argument whose lreg is unbound, has no bind and is not in conflict with calls (lreg_conflicts_with_call) gets pregno = its argument register position (argument_register_index) when that is a register (< 5, float <= g_float_arg_regs on SH-4/SH-3E) and its def node flag |= 0x8000; then resolve_argument_register_clashes.
0041a040	argument_register_index	unsigned int argument_register_index(il_node *arg)	1-based argument register position of an IL_ARG among the call's arguments, counting only those of the same register file (integer/pointer vs float, doubles not in FR on SH-3E); SH-4 uses argument_register_index_sh4. It walks from the last operand of the call backwards (FUN_00421190 n-th operand) up to arg; for _builtin_trapa_svc the two operands nearest that end give 0 and the others count-2. Returns the operand node when the argument is not found (as Ghidra shows).
0041a1a0	argument_register_index_sh4	unsigned int argument_register_index_sh4(il_node *arg)	SH-4 variant of argument_register_index: float arguments take FR slots with doubles on even pairs (8-slot bitmask).
0041a2a0	lreg_conflicts_with_call	int lreg_conflicts_with_call(lreg * lr)	lreg would take `lreg *`. 1 when a call of g_call_list lies in one of the lreg's life ranges (+0xc list, range +8..+0xa vs call pp +0x44) and is a non-builtin call or _builtin_trapa, or when that call passes the lreg in differing argument positions / not its parameter register (argument_register_index vs parameter_register_index) / twice in one statement (lreg_ref_in_statement), or an argument node lacks flag 0x100 (byte +0x5f bit 0); else 0. | typed: lr+0xc life list {next, lifetbl *} (st +8, en +0xa vs call pp), compared with dutbl.lreg (+0x18) of argument nodes, lr+0x20 chain
0041a650	resolve_argument_register_clashes	void resolve_argument_register_clashes(void)	For each lreg of g_lreg_array (to its end 00448260) with pregno != 0: walks its clashed lregs (+0x10); a clash on the same register (or the paired double half on SH-4) clears one assignment; parameter lregs (symbol class 7/8) keep theirs only when parameter_register_index fits and lreg_conflicts_with_call is 0.
0041a9c0	sort_lregs_by_profit	void sort_lregs_by_profit(void)	Copies the lreg chain g_lreg_list (next +0x14) into g_lreg_array[1..], sets g_lreg_count and sorts it (sort_lregs(1, 2, count)).
0041aa00	assign_parameter_registers	void assign_parameter_registers(void)	For each unassigned WEB CHAIN lreg of a parameter (symbol class 7/8) not in conflict with calls: pregno = parameter_register_index (int < 5, float <= g_float_arg_regs) unless a clashed lreg already holds that register (or its double pair).
0041aca0	parameter_register_index	unsigned int parameter_register_index(il_node *id)	1-based register position of parameter id (symx) among the current function's parameters (FUN_0040d690 on g_func_node's symbol, count at symbol->+0x10 +6) counting only parameters of the same register file; SH-4 -> parameter_register_index_sh4.
0041ae10	parameter_register_index_sh4	unsigned int parameter_register_index_sh4(il_node *id)	SH-4 variant of parameter_register_index (float/double FR pairing bitmask).
0041af70	assign_physical_registers	void assign_physical_registers(void)	The "physicalreg" step (00406d60 dumps "after physicalreg" after it): colours lregs in profit order with general registers 1..g_int_reg_count (above 4 only without clash/call/bind), then gives unassigned locals/parameters negative memory ids (-1, -2, ...); on SH-3E/SH-4 colours float lregs (assign_float_registers); then add_memory_lregs and write_lreg_numbers.
0041b400	assign_float_registers	int assign_float_registers(int next_mem_id, char func_attr_08, char func_attr_1c)	Float counterpart of assign_physical_registers: colours float lregs with FR 1..g_float_reg_count (doubles on even pairs on SH-4), then gives memory ids to the remaining float locals; returns the next free memory id. The char params are the current function symbol's byte +0x2e masked with 8 and with 0x1c (meaning unknown).
0041b8b0	lreg_node	il_node * lreg_node(lreg * lr)	Representative node of an lreg: WEB CHAIN (set 1) -> web->node (+0x20 -> +0x10); CONST DATA (set 0) -> first use item's node (+0x20 -> +8 -> +8); else 0. | typed: set +2: 1 -> chain(dutbl)->node (+0x10), 0 -> chain(const_data)->uses(+8)->node(+8); callers pass g_lreg_table entries
0041b8e0	lreg_spans_call	int lreg_spans_call(lreg * lr)	1 when a call of g_call_list that is not a recognised builtin (FUN_00408400) lies in one of the lreg's life ranges, else 0. | typed: lr+0xc life list {next, lifetbl *}: st +8, en +0xa compared with call pp (+0x44)
0041b960	add_memory_lregs	void add_memory_lregs(short next_mem_id)	For each item of the 0x80 memory-object chains g_mem_object_lists (chained via +0xc) creates a MEMORY ALLOCATED lreg (FUN_00407a70(item, 2)) appended to g_lreg_array with pregno = next_mem_id-- ; clears the chain heads.
0041b9b0	materialize_constant_lreg	void materialize_constant_lreg(int index, short lregno)	For CONST DATA lreg g_lreg_array[index] that got a register: builds `tmp = const` (number) or `tmp = sym` / `tmp = &sym` (address kinds 1/4) with a new temp leaf (FUN_004133d0), inserts it at its dominator (function start, a loop preheader statement, or before the dominating statement wrapped in IL_COMMA), then rewrites each use not taken as an immediate (is_immediate_operand) with replace_with_register_temp.
0041bdc0	replace_with_register_temp	void replace_with_register_temp(il_node * use, short leafno, lreg * lr)	Turns a use (or its operand) into a read of the register temp: IL_ID with nleaf = leafno, lreg (+0x30) = the lreg's lregno (+0x28), symx = g_temp_symx; adds IL_ASTER / IL_CAST wrappers for arrays, structs and bitfields; while g_regalloc_phase < 3 a static's address constant becomes `*tmp` instead. | typed: lr+2 set, lr+0x20 chain->contents, lr+0x28 lregno copied into node->lreg; callers materialize_constant_lreg / allocate_block_registers pass the lreg
0041bfc0	sort_lregs	void sort_lregs(int pivot, int lo, int hi)	orig: lregsort (dump "lregsort:%d,%d,%d:" with the profits). Quicksort of g_lreg_array by profit (+8), descending.
0041c0e0	count_matching_leaf_nodes	int count_matching_leaf_nodes(il_node *tree, il_node *node)	Number of nodes in tree, other than node, with node's op and nleaf (+0x58).
0041c130	set_node_lreg_number	void set_node_lreg_number(short lregno, const_use * item, il_node * stmt, il_node * target)	item = CONST DATA use item (0x14: +4 bblock, +0xc node, +0x10 flags; would take `const_use *`). target->lreg = -lregno when the item's block is not in a loop, its flag bit 0 is clear, its node is stmt and that statement has no other occurrence (count_matching_leaf_nodes == 0); else lregno. | typed: item+4 block (->lptbl +0x30), +0xc latest == stmt, +0x10 flag &1; write_lreg_numbers passes cells of const_data.uses (chain+8, node at +8)
0041c190	write_lreg_numbers	void write_lreg_numbers(void)	Numbers the assigned lregs 1.. and writes the number into lreg (+0x30) of their nodes (negative for a value used once: lreg_ref_in_statement / set_node_lreg_number), into the lreg's lregno (+0x28); materialises constant lregs (materialize_constant_lreg) and marks block register use (mark_block_register_use); g_next_lregno = next number.
0041c4f0	mark_block_register_use	void mark_block_register_use(lreg * lr)	Sorts the lreg's life ranges (FUN_00413930), then for each range sets bit pregno in the general (+0x5c) or float (+0x60, doubles also bit pregno+1 on SH-4) register mask of the block containing it (blocks from g_first_block via +0x20, endpp +0x5a). | typed: *lr pregno as the bit number, +2 set, +0xc life list (lifetbl st +8 vs block endpp), +0x20 chain (dutbl node +0x10 / const_data uses); write_lreg_numbers passes g_lreg_table entries
0041c6b0	allocate_block_registers	void allocate_block_registers(void)	Block-local register allocation (dumped as "after blockreg" by 00406d60): for each block (g_first_block via f_next) and register file takes registers free in the block's masks and gives them to its common expressions (bblock+0x34 list sorted by refcnt, FUN_004138d0) referenced at least 3 times: new CONST DATA lreg (0x1c + 0x14 records, FUN_00407a70(...,0)) numbered from g_next_lregno, `tmp = expr` inserted, uses rewritten (replace_with_register_temp), register marked used.
0041cce0	clear_unlinked_block_statements	void clear_unlinked_block_statements(void)	For each block of the bn_next chain (g_block_chain, +0x28) with neither f_next (+0x20) nor b_next (+0x24): replaces every statement by the constant 0 (replace_statement_with_zero). Called from 00406d60 at the end of register allocation.
0041cd20	replace_statement_with_zero	void replace_statement_with_zero(il_node *stmt)	Frees the operands and turns the node into an int constant 0 (op 'q', type 0x10, val/val2/+0x28 cleared); IL_NULL ('o') and calls of _builtin_asm are left alone.
0041cda0	collect_memory_frequencies	void collect_memory_frequencies(void)	For each lreg with pregno < 0 (memory): counts it in g_mem_lreg_count and, when memory_lreg_frequency > 0, records it (add_memory_frequency_record); g_mem_freq_list cleared first.
0041ce00	memory_lreg_frequency	int memory_lreg_frequency(lreg * lr)	Access frequency of a memory lreg: sum over its webs/uses of refcnt (+0x5c) weighted by loop depth (2 + number of enclosing loops via fath +0x14); dumps "****** memid_freq ******", "setdata:%d pregno:%d lregno:%d frequency:%d", "cont:%d". | typed: set +2, pregno +0, lregno +0x28 printed as "setdata:%d pregno:%d lregno:%d"; chain +0x20 as dutbl (set 1) or const_data (set 0/2)
0041cf10	add_memory_frequency_record	void add_memory_frequency_record(lreg * lr, int freq)	Pushes a 0x1c-byte record (FUN_004081f0) onto g_mem_freq_list (next +0xc): +0 freq, +8 short pregno, +0x10 lreg, others 0. Ghidra types lreg as undefined2 * (reads its first short). | typed: stored as mem_freq.lreg (+0x10), *(short *)lr = pregno copied to mem_freq.pregno (+8); caller collect_memory_frequencies passes g_lreg_table entries
0041cf90	lreg_ref_in_statement	int lreg_ref_in_statement(il_node * node, int pp, lreg * lr)	1 when a node chained (cmnexp +0x3c, refchn +0x40) to a node of the lreg's webs, other than node, belongs to statement pp (FUN_004035d0 = statement pp of a node), else 0. | typed: lr+0x20 chain walked as dutbl (node +0x10, next +8), then cmnexp +0x3c / refchn +0x40; callers pass lreg * (lr_00 = duptr->lreg, g_lreg_table entries)
0041d010	in_conditional_operator	int in_conditional_operator(il_node *node)	Climbs to the statement root (flag 0x200); 1 when node or an ancestor up to the root is IL_OR/IL_COND/IL_AND, else 0.
0041d060	count_global_expressions	void count_global_expressions(void)	orig: glbx_cnt (dump "after glbx_cnt tree" when g_dump_flags == 2). Clears g_glbx_count, g_glbx_list, g_cond_depth; counts the expressions of every block after the first (count_block_expressions), clears lastnd of the leaves of listed IDs, runs FUN_0041dbb0 per block and FUN_0041eb50. Caller 00401a50.
0041d100	count_block_expressions	void count_block_expressions(bblock *block)	Clears g_in_string_builtin and g_unsafe_call_seen and counts each statement tree of block->ilnode (count_expression_tree).
0041d130	count_expression_tree	void count_expression_tree(il_node *node, bblock *block)	Clears +0x48/+0x4c, then by operator class (g_op_class_table): 0x80 -> count_conditional_operands; otherwise operands first (inside a call of a _builtin_str* function, FUN_004073f0, g_in_string_builtin is set), then class 2 (ID) -> count_variable_reference, 4/8 -> FUN_0041d5a0, 0x10 (not '(') -> FUN_0041d6b0, 0x20 -> FUN_0041d7e0, 0x40 (call) -> g_unsafe_call_seen for an indirect call or a function not in is_memory_safe_builtin, 1 -> count_common_expression unless g_in_string_builtin; else FUN_0041db50 (reset counts).
0041d330	is_memory_safe_builtin	int is_memory_safe_builtin(char *name)	1 when name is in the table at 00435bb0 (_builtin_set_cr, get_cr, set_imask, get_imask, get_vbr, get_gbr, macw, macwl, macl, macll, prefetch), else 0. A call to any other function sets g_unsafe_call_seen in count_expression_tree.
0041d390	count_conditional_operands	void count_conditional_operands(il_node *node, bblock *block)	Counts the first operand normally and the others with g_cond_depth incremented (conditionally evaluated), then resets node (FUN_0041db50).
0041d3e0	count_common_expression	void count_common_expression(il_node *node, bblock *block)	Looks the expression up in the expression hash (FUN_0040a410): found -> link (FUN_0041d890), node+0x50 = block; inside a conditional operand -> reset (FUN_0041db50); else new entry (FUN_0041d8f0, FUN_0041d920).
0041d440	count_variable_reference	void count_variable_reference(il_node *id, bblock *block)	For an IL_ID not under '&' (')') and not volatile whose leaf flag (+0xe) bit 2 is clear (and that is not the target operand of a class-0x20 parent): first reference of the leaf (lastnd == 0) registers it (FUN_0041d8f0, leaf lastnd = id, FUN_0041d970) unless aggregate/bitfield/leaf flag & 7 inside a conditional; later references link to lastnd (FUN_0041d890, id+0x50 = block) unless aggregate after an unsafe call; otherwise reset (FUN_0041db50).
0041d5a0	cse_number_arith_expr	void cse_number_arith_expr(il_node *node, bblock *block)	glbx_cnt local pass (driver 0041d060 dumps "after glbx_cnt tree"): op class 4/8 (table 00435320) from 0041d130. Every operand needs a value number (+0x44); sets flag2 bit 8 (memory dependent) when an operand is aggregate/volatile/aliased; looks up 0041d9b0, joins the class (0041d890) or opens one (0041d8f0 + 0041dae0); g_cse_cond_depth stops new classes inside conditional operands
0041d6b0	cse_number_memory_ref	void cse_number_memory_ref(il_node *node, bblock *block)	op class 0x10 except ASTER (QUALIFY/B_QUALIFY) from 0041d130; skips the target of an assignment and volatile nodes; searches g_cse_memory_refs for same op/type/base value number/val/val2 (and bytes 1,2 for B_QUALIFY); joins (0041d890) or opens a class (0041d8f0 + 0041db70)
0041d7e0	cse_note_assignment	void cse_note_assignment(il_node *assign)	op class 0x20 from 0041d130: if the target (child) is not a plain non-aggregate variable without LF_STATIC/LF_CNDASS/LF_IMPVOL, sets g_cse_memory_clobbered; clears the CSE fields of target and assignment (0041db50)
0041d890	cse_join_class	void cse_join_class(il_node *head, il_node *node)	links node into head's equal-expression chain: node+0x48 = head, node+0x4c = head+0x4c, head+0x4c = node, node refcnt (+0x5c) = 0, value number (+0x44) from head (or the next member, or a new one); head refcnt++ unless type kind 0x60/0x70
0041d8f0	cse_new_class	void cse_new_class(il_node *node, bblock *block)	refcnt = 1, +0x50 = block, +0x48 = node, +0x4c = 0, +0x44 = ++g_cse_value_number
0041d920	cse_hash_constant	void cse_hash_constant(il_node *node)	pushes a {next, node} 8-byte cell (00417120) on bucket (val + val2 + unknown_28) % 16 of g_cse_const_hash; caller 0041d3e0 (constants)
0041d970	cse_record_variable	void cse_record_variable(il_node *node, bblock *block)	node+0x50 = block; pushes a node_list cell on g_cse_variables; callers 0041d440 (ids), 0041e0c0
0041d9b0	cse_find_arith_match	il_node *cse_find_arith_match(il_node *node)	hash (op + operand value numbers) % 128 into g_cse_expr_hash; returns a node with the same op, a compatible type and the same operand value numbers (either order when the op class has bit 8, commutative), else 0; 0 at once when an operand heads its own class
0041dae0	cse_hash_arith_expr	void cse_hash_arith_expr(il_node *node, bblock *block)	pushes a node_list cell for node on its g_cse_expr_hash bucket (same hash as 0041d9b0); node+0x50 = block
0041db50	cse_clear_node	void cse_clear_node(il_node *node)	zeroes refcnt +0x5c, block +0x50, value number +0x44, head +0x48, next +0x4c
0041db70	cse_record_memory_ref	void cse_record_memory_ref(il_node *node, bblock *block)	pushes a node_list cell on g_cse_memory_refs; node+0x50 = block
0041dbb0	cse_global_block	void cse_global_block(bblock *block)	calls 0041dbe0 for each statement of block->ilnode; caller 0041d060 loops over all blocks
0041dbe0	cse_global_tree	il_node *cse_global_tree(il_node *node, bblock *block)	post-order over the tree (continues from the returned replacement); candidates: ids of symbol kind 1..4, op classes 4/8/0x10; skips trees holding a temp (0041dc80); after 0041dcc0 clears flag bits 0xc0 of every block; returns the possibly replaced node
0041dc80	tree_has_temp_id	int tree_has_temp_id(il_node *node)	1 when the tree holds an IL_ID with symx < 0 (a compiler temporary, see 00421150)
0041dcc0	cse_eliminate_node	il_node *cse_eliminate_node(il_node *node)	finds node in g_cse_variables / g_cse_memory_refs / g_cse_expr_hash; when its class has members (+0x4c) asks 0041de40 for the block to compute it in, then 0041e350 + 0041e6b0 replace the class by a temp; unlinks the list cell (00417230); returns the replacement
0041de40	cse_find_common_block	bblock *cse_find_common_block(il_node *node, int memory_kind)	walks the class chain (+0x4c) narrowing to the common dominator of the members' blocks (0041e630) and checks no path kills the operands (0041e270, 0041e3e0); killed members are split off (0041e060, 0041e190, 0041e0c0); returns the block or 0. memory_kind: 1 variable, 2 memory ref, flag2 bit 8 for expressions (reaches 0041e580). Ghidra returns short* (the block's number is read through it)
0041e060	cse_drop_class_head	il_node *cse_drop_class_head(il_node *head)	removes head from its chain and makes the last member the new head (refcnt = old - 1); returns the new head in EAX (disassembly 0041e064..; callers 0041de40, 0041e0c0 use it). Ghidra sig says void: the return type needs fixing
0041e0c0	cse_reinsert_class	void cse_reinsert_class(il_node *head)	drops heads that are conditionally evaluated (004184f0); if refcnt >= 2 puts the head back in g_cse_variables (0041d970), g_cse_memory_refs (0041db70) or g_cse_expr_hash (0041dae0)
0041e190	cse_add_to_split_class	void cse_add_to_split_class(il_node *node)	builds the class of members split off in 0041de40: g_cse_split_first is the first member, g_cse_split_head the head (refcnt counts them); 0041de40 reinserts g_cse_split_head (0041e0c0)
0041e270	cse_paths_kill_expr	int cse_paths_kill_expr(bblock *dom, bblock *block, il_node *expr, int memory_kind)	recursive over block->prelst back to dom: 1 when a statement on some path modifies expr's operands (0041e3e0 mode 3, or mode 1 when block is in a loop whose start number >= dom's); block flag +0x64 bit 0x40 visited, 0x80 killed
0041e350	cse_find_using_stmt	il_node *cse_find_using_stmt(bblock *block, il_node *node)	the statement of block->ilnode containing node (0041e3b0); 0 when none, or when it is the block's last statement and a control expression (0040d620 false); 0041e6b0 only tests it for 0
0041e3b0	tree_contains_node	il_node *tree_contains_node(il_node *tree, il_node *node)	returns tree when node is tree or inside it, else 0
0041e3e0	stmts_modify_expr	int stmts_modify_expr(node_list *stmts, il_node *expr, int memory_kind, int mode)	1 when a statement of the list (up to expr itself) modifies an operand of expr (0041e4b0); mode 1 stops at the statement holding expr unless it has a conditional operator (0041e460); a statement with flag2 bit 0x10 (comma inserted by 0041e9c0) tests its second operand
0041e460	tree_has_conditional_op	int tree_has_conditional_op(il_node *tree)	1 when the tree holds IL_COMMA, IL_COND, IL_AND or IL_OR
0041e4b0	stmt_modifies_operands	int stmt_modifies_operands(il_node *stmt, il_node *expr, int memory_kind)	recursive: 1 when stmt may clobber memory (0041e580) or assigns (op class 0x20) the symbol of an IL_ID operand of expr (target without flag2 bit 0x20)
0041e580	stmt_clobbers_memory	int stmt_clobbers_memory(il_node *stmt, int memory_kind)	a call to anything but a _builtin_ (0041d330 name table) -> 1; with memory_kind != 0 an assignment through a memory reference, or to an aggregate/volatile variable or one with leaf flag & 5 -> 1
0041e630	find_common_dominator	bblock *find_common_dominator(bblock *a, bblock *b)	ANDs the domlst sets (+0x38, 8 words) and returns the first block on the f_chain from g_block_list whose domlst equals the result, else 0; the value is in EAX (disassembly; callers 0041de40, 00402660 use it). Ghidra sig says void: the return type needs fixing
0041e6b0	cse_replace_with_temp	il_node *cse_replace_with_temp(il_node *use_stmt, il_node *node, bblock *block)	for scalar types and class heads still used >= 2 times: a temp (00421150) is assigned the expression (IL_ASSIGN in place when use_stmt != 0, else 0041e9c0 at the end of block) and every other member of the chain (+0x4c) is replaced by a copy of the temp (00420c50, 00420aa0), also in the statement lists of the following blocks; returns the node now standing for the expression
0041e9c0	cse_append_temp_assign	il_node *cse_append_temp_assign(bblock *block, il_node *expr, unsigned char type)	makes "temp = copy of expr" (IL_ASSIGN, temp from 00421150 with flag2 0x20) and appends it to block's statements, wrapping a closing control expression in an IL_COMMA (flag2 0x10) when needed; returns the assignment
0041eb50	cse_free_tables	void cse_free_tables(void)	frees g_cse_expr_hash (128 buckets), g_cse_const_hash (16), g_cse_variables (clearing each leaf's lastnd), g_cse_memory_refs; callers 0041d060, 0041ec20, 004015e0
0041ec20	cse_out_of_memory	void cse_out_of_memory(void)	called when 00417120 fails in the CSE pass: 0041eb50 then 004015e0 (abandon the function's optimisation)
0041ec30	read_switch_table	void read_switch_table(int number)	finds the .swi offset of switch table number (00428ad0 on g_compile_info+0xc0), fseeks g_switch_file (00429920), callocs a 0x10 switch_table (0042a0e0, error 0xbcd), appends it to g_switch_tables and reads number (2 bytes), has_default (1), default label (2, only if has_default), case count (2), cases (0041ed40); caller 0041f6d0 (IL_SWITCH in an inline body)
0041ed40	read_switch_cases	void read_switch_cases(switch_table *table, short count)	table is a switch_table * (types_proposal.h): callocs count x 8 into +0xc; each case = 4-byte value + 2-byte label (0041edc0) | typed: table: writes the calloc'd count x 8 case array to +0xc (switch_table.cases); each 8-byte entry = 4-byte value + 2-byte label at +4 (switch_case); caller 0041ec30 passes the new switch_table
0041edc0	read_switch_short	short read_switch_short(void)	reads 2 bytes from g_switch_file (0040b4d0: fread, error 0xce6)
0041edf0	write_switch_tables	void write_switch_tables(void)	seeks to the end of g_switch_file; for each g_switch_tables record pushes an index record {next, number, offset (ftell 004296f0)} (malloc 0x10) on g_compile_info+0xc0 and writes number, has_default, default label, count and cases (00404800: fwrite, error 0xce7); caller 00401f00
0041eee0	write_switch_cases	void write_switch_cases(switch_table *table, short count)	table is a switch_table *: writes each case's 4-byte value and 2-byte label | typed: table: reads +0xc (cases) and writes each 8-byte case's value (+0) and label (+4); caller 0041edf0 walks g_switch_tables
0041ef30	load_inline_bodies	void load_inline_bodies(void)	g_node_alloc_hook = 004211b0; node pool 00404f60(min(g_compile_info+0x164, 0x13b13b1)); for each inline function record on g_compile_info+0xb8 seeks g_inline_file and reads the body tree (00404830, 00404e00); on failure sets symbol no_inline (+0x2f) unless record flag bit 0, else callocs a 0xc inline_body (tree, parameter symbols via 0040d690) into symbol +0x1c and copies the record flags to symbol +0x2c; no body loaded -> clears g_inline_flags bit 1; caller 00401030
0041f140	expand_inline_calls	void expand_inline_calls(il_node *body)	g_inline_groups = 0; sets g_inline_flags bit 0 around 0041f170; caller 00401750 (once per pass, g_inline_pass)
0041f170	expand_inline_calls_in_stmt	void expand_inline_calls_in_stmt(il_node *stmt)	statement walker: BLOCK recurses; SWITCH/IF/FOR/WHILE/DO/CONTINUE go to 00415c50/00415c10/00415e70/00415c80/00415da0/00416100; RETURN's expression and plain statements to 0041f260; labels step into their statement; EMPTY/BREAK/GOTO skipped
0041f260	expand_inline_calls_in_expr	void expand_inline_calls_in_expr(il_node *expr, il_node *stmt)	collects candidate calls (0041fd50 into g_inline_candidates), finds the insertion statement (00420480) and expands each (0041f310), storing the symbols/labels each expansion used (g_inline_new_symbols/labels) in the callee symbol's +0x24/+0x28; frees the group (004206c0)
0041f310	expand_inline_call	void expand_inline_call(inline_call *cand, il_node *stmt)	cand is an inline_call *: inserts the instantiated body (0041f450) before stmt, a GLABEL for the return label (00420710) if one was made, replaces the call by the result variable (IL_ID of cand+0xa) or IL_NULL, and moves the second operand of enclosing IL_COMMAs out as statements | typed: cand: +4 call node (replace_and_free_node), +8 callee symx (append_callee_scopes), +0xa result symx, +0xc return label = inline_call; caller 0041f260 walks g_inline_call_list->calls
0041f450	instantiate_inline_body	il_node *instantiate_inline_body(inline_call *cand)	cand is an inline_call *: makes the result symbol (00420160 kind 5) unless the callee returns void (type & 0xf8 == 0x50), copies the callee's body (symbol +0x1c), renumbers it (0041f6d0), emits "param = argument" assignments (IL_CAST added when types differ) for each argument up to IL_E_ARG, clears the maps (0041fce0); returns the body's IL_BLOCK | typed: cand: +8 callee symx (g_symtab[].info / inline_body), +0xa result written, +4 call node's arguments read = inline_call
0041f6a0	clear_line_info	void clear_line_info(il_node *tree)	zeroes filn (+0xa), line (+0xc), listno (+0x32) in the whole tree
0041f6d0	renumber_inline_body	void renumber_inline_body(il_node *node, inline_call *cand)	cand is an inline_call *: recursive; gives the copied body new block/label/variable/switch numbers through the maps (0041fbc0/0041fc40, 00420160, 00420130), re-reads switch tables (0041ec30) and renumbers their case/default labels, turns RETURN into "result = value; goto return label"; keeps the call's line info only while g_inline_pass != g_compile_info+0x14c | typed: cand: +8 callee, +0xa result, +0xc return label (created on demand), +4 call node (filn/line/listno copied) = inline_call
0041fbc0	find_inline_map_entry	inline_map_entry *find_inline_map_entry(int map, short old_number)	map 1 = g_inline_symbol_map, 2 = g_inline_block_map (20 buckets, old % 20), else error 0x109b; returns the inline_map_entry or 0 in EAX (disassembly; callers 0040dcd0/0041f450/0041f6d0 use it). Ghidra sig says void: the return type needs fixing | typed: walks bucket chains of g_inline_symbol_map/g_inline_block_map: next at +0, old_number short at +4 = inline_map_entry; callers 0040dcd0, 0041f450, 0041f6d0 read +6 (new_number) of the result
0041fc40	add_inline_map_entry	void add_inline_map_entry(int map, short old_number, short new_number)	appends an 8-byte inline_map_entry (00417120) to bucket old % 20 of map 1 (symbols) or 2 (blocks)
0041fce0	clear_inline_maps	void clear_inline_maps(void)	frees every entry of g_inline_symbol_map and g_inline_block_map
0041fd50	find_inline_calls	void find_inline_calls(il_node *expr)	recursive; g_inline_cond_depth counts conditional operands (2nd+ of COND/AND/OR); a call to a symbol with an inline body becomes a 0x10 inline_call (00417120) on g_inline_candidates when within the symbol/label limits and 00420010 accepts the arguments; otherwise warning 0x578 (004197a0, callee name) once per call (flag2 bit 0x40)
0041fff0	free_inline_calls	void free_inline_calls(inline_call *cand)	frees a chain of 0x10-byte inline_call records | typed: frees a chain linked through +0 in 0x10-byte pool blocks (inline_call size); caller 004206c0 passes group->calls (+8)
00420010	check_inline_call_args	int check_inline_call_args(il_node *call)	-1 when the argument count differs from the callee's parameter count (symbol+0x10 -> +6), -2 when an argument type does not fit its parameter's, 1 when expandable
00420100	new_symbol_number	int new_symbol_number(void)	++(g_compile_info+0xb0) while below g_inline_symbol_limit, counted in g_inline_new_symbols, else 004015e0 (abandon); the number is the low short
00420130	new_label_number	int new_label_number(void)	++(g_compile_info+0xac) while below 0x7fff, counted in g_inline_new_labels, else 004015e0; the number is the low short
00420160	new_symbol	unsigned int new_symbol(short from_symx, unsigned char kind)	allocates a symbol number (00420100) and fills its entry: a copy of from_symx's (> 0) or an empty entry of kind; kind 10 (block scope) gets a 0x14 calloc at +0x10, kind 0xb (label) a new label number at +4; kinds other than 5..8/10/11 error 0x109b; returns the number (low short)
004203d0	free_symbols	void free_symbols(short first, short last)	frees the scope records (+0x10 and +0x20 with their +4/+8 arrays) of kind-10 symbols first..last and clears every entry (00420740)
00420480	find_enclosing_stmt	il_node *find_enclosing_stmt(il_node *expr)	climbs parents while the parent is an expression (op > 0x1f); wraps the statement in a new scope (004204b0) unless its parent is an IL_BLOCK; returns the statement
004204b0	wrap_stmt_in_scope	void wrap_stmt_in_scope(il_node *stmt)	puts BLOCK/E_BLOCK round stmt (00405920), gives the block a new kind-10 symbol with a 0x14 scope record at symbol +0x20, sets g_inline_scopes_created, 0040da60, 0040daf0
00420520	reset_inline_state	void reset_inline_state(void)	frees inline maps and groups (when g_inline_flags & 7 == 7), the scope records of all symbols (if g_inline_scopes_created), switch tables (00420870), clears the switch number stack, frees the symbols made by inlining (004203d0) and restores the symbol/label/switch counters of g_compile_info from g_saved_*; caller 004015e0 and the per-function driver
00420680	new_inline_group	inline_group *new_inline_group(inline_call *cand)	0xc-byte record {prev = 0, next = g_inline_groups, calls = cand} pushed on g_inline_groups and returned | typed: pool_alloc(0xc) {prev +0 = 0, next +4 = g_inline_groups, calls +8 = cand} = inline_group; cand is the 0x10 inline_call made by 0041fd50; result stored in g_inline_call_list
004206c0	free_inline_group	void free_inline_group(inline_group *group)	frees the group's calls (0041fff0), unlinks it from the doubly linked g_inline_groups, frees it (0xc) | typed: frees +8 (calls) via 0041fff0, unlinks prev +0 / next +4 of the doubly linked g_inline_groups, pool_free 0xc = inline_group
00420710	new_glabel_stmt	il_node *new_glabel_stmt(short label)	IL_GLABEL node with symx = label and an IL_EMPTY operand
00420740	clear_symbol	void clear_symbol(short symx)	zeroes the fields of a symbol table entry
00420820	find_switch_table	switch_table *find_switch_table(short number)	the g_switch_tables record with that number, or 0, in EAX (disassembly; caller 0041f6d0 uses it). Ghidra sig says void: the return type needs fixing | typed: walks g_switch_tables through +0 comparing the short at +4 (switch_table.number); caller 0041f6d0 passes the result to 00420840 and reads +6/+8
00420840	find_switch_case	switch_case *find_switch_case(switch_table *table, short label)	the case entry (8 bytes) of table with that label, in EAX (one past the end when absent; caller 0041f6d0 uses it). Ghidra sig says void: the return type needs fixing | typed: table: count +0xa, cases +0xc (switch_table); steps the cases by 8 comparing the short at +4 (switch_case.label); returns that entry (one past the end when absent); caller 0041f6d0
00420870	free_switch_tables	void free_switch_tables(void)	frees every g_switch_tables record and its case array (0042a290)
004208b0	warn_uninlined_calls	void warn_uninlined_calls(il_node *tree)	calls to a symbol marked no_inline (+0x2f) get flag2 bit 0x40 and warning 0x578 (004197a0) with the callee's name; caller 00401750 when expansion is off
00420930	alloc_node	il_node *alloc_node(void)	00420950, 004015e0 when the pool is empty
00420950	alloc_node_or_null	il_node *alloc_node_or_null(void)	pops g_node_free_list (chained through next +0x18), clears 0x68 bytes (00417210), node count +0x5b = 1; 0 when empty
00420980	free_node	void free_node(il_node *node)	pushes node on g_node_free_list
004209a0	free_tree	void free_tree(il_node *node)	frees node, its following siblings and all their operands
004209d0	operand_index	int operand_index(il_node *node)	1-based position of node among its parent's operands, -1 when absent; error 0x1069 without a parent
00420a10	insert_operands	void insert_operands(il_node *parent, il_node *list, int pos)	inserts a sibling list as operands at position pos (errors 0x106a/0x106b)
00420aa0	replace_operand	int replace_operand(il_node *parent, il_node *node, int pos)	replaces operand pos by node and frees the old operand tree (004209a0); returns 0 (errors 0x106c/0x106d)
00420b30	make_node	il_node *make_node(il_op op, unsigned char type, il_node *op1, il_node *op2, il_node *op3)	alloc + up to three operands; flag (+0x5e): 2 for call/assignment ops (0x30..0x3d, 0x50..0x5f), 0x40 for a volatile type, ORs the operands' 2/0x40/0x800 and adds their node counts (+0x5b)
00420c10	swap_operands	int swap_operands(il_node *node)	exchanges the two operands of a binary node: 0, or -1 when it does not have exactly two
00420c50	copy_tree	il_node *copy_tree(int mode, il_node *node)	copies the 0x68-byte node: mode 0 with its operands, 1 the node alone, 2 operands and following siblings (recursive use); clears refchn +0x40, duptr +0x38, invno +0x5a, ivno +0x56
00420cf0	replace_and_free_node	void replace_and_free_node(il_node *old_node, il_node *new_node)	00420d30 then frees old_node's tree (004209a0); error 0x106e
00420d30	replace_node	void replace_node(il_node *old_node, il_node *new_node)	puts new_node in old_node's place among the parent's operands, unlinks old_node, propagates flag bits 2/0x40 to the parent and copies bit 0x20 (value used); error 0x106f
00420dd0	insert_before	void insert_before(il_node *pos, il_node *node)	inserts node as the sibling before pos (statement lists too), propagates flag bits, recomputes node's value-used bit (00406400); error 0x1070
00420e60	insert_parent	void insert_parent(il_node *node, il_node *parent)	parent takes node's place and node becomes its operand (wrap in a cast/assign/block); error 0x1071
00420f20	insert_after	void insert_after(il_node *pos, il_node *node)	links node as the sibling after pos (same parent); error 0x1072
00420f60	last_operand	il_node *last_operand(il_node *node)	the last operand, in EAX (disassembly; callers 00421610 etc use it). Ghidra sig says void: the return type needs fixing; error 0x1073
00420fa0	delete_operand	void delete_operand(il_node *parent, int pos)	unlinks operand pos (1-based) and frees that node alone (00420980); errors 0x1074/0x1075
00421020	new_node	il_node *new_node(il_op op, unsigned char type)	alloc_node with op and type
00421050	new_const_node	il_node *new_const_node(unsigned char type, unsigned int value)	IL_CONST of type (struct/array types become 0x1c); value converted to float/double/long double (00427960/004279a0/004279e0) or sign/zero extended to the integer size into val (+0x20)
00421150	new_temp_id	il_node *new_temp_id(unsigned char type)	IL_ID of a new compiler temporary: symx = --g_temp_symx (negative), nleaf = a new leaf entry (00419700)
00421190	nth_operand	il_node *nth_operand(int n, il_node *node)	the n-th (1-based) operand of node
004211b0	alloc_inline_node	il_node *alloc_inline_node(void)	pops g_inline_node_free_list, clears 0x68 bytes, node count = 1; installed as g_node_alloc_hook by 0041ef30 while inline bodies are read
004211e0	mk_cfg_if	void mk_cfg_if(il_node *stmt)	IL_IF case of the CFG builder 00405380: condition into the current block (004054b0), then- and else-parts, joining the pending jump lists (00405630, 00421a50)
004212c0	mk_cfg_while	void mk_cfg_while(il_node *stmt)	IL_WHILE case of 00405380: loop record (00421a80, flag bit 0 [ENTER]), pre block (+0x2c), condition, body; break/continue lists linked; start/exit (+0x24/+0x28) set; ORs the child loops' flags & 0xffcc
00421460	mk_cfg_do	void mk_cfg_do(il_node *stmt)	IL_DO case of 00405380: as 004212c0 with loop flag bit 1 and the body before the condition
00421610	mk_cfg_for	void mk_cfg_for(il_node *stmt)	IL_FOR case of 00405380: moves the init expression out before the loop (flag 0x2000), loop flag bit 0, condition, body, step (a copy of the step goes in front of the condition when loop flag bit 0x20 is clear)
00421920	mk_cfg_switch	void mk_cfg_switch(il_node *stmt)	IL_SWITCH case of 00405380: expression into the current block, then the body; the break list joins after; without a default label (g_switch_has_default) the switch block also falls through; enclosing loop flags & ~0x810 | 0x4000
00421a50	append_node_list	node_list *append_node_list(node_list *list, node_list *tail)	walks list through +4 (next) to the last entry, links tail there, returns the head (tail when list is NULL); callers 004161e0/00416260/004162e0/00416390/004211e0/004212c0/00421460/00421610/00421920 on the lists DAT_00450718, DAT_004587b8, DAT_00458f0c, DAT_00458ee4
00421a80	new_loop	loop *new_loop(il_node *stmt)	allocates a 0x3c loop record (FUN_00417120(0x3c)), counts loops in DAT_004587e8 (more than 0x80 -> FUN_00405a30), first one kept in DAT_004587f0, sets loop.node = stmt; links it as next (+0x20) of DAT_00450728 (the just-closed sibling, front +0x1c = it) or as child (+0x18) of the current loop DAT_0045884c; fath (+0x14) = current loop; the new loop becomes current. Callers 004212c0/00421460/00421610 (loop flattening)
00421b20	optimize_array_index	il_node *optimize_array_index(il_node *node)	orig debug "opt_array_cahge" (00435bf8, tree dump when DAT_004587c0&8). IL_ADD of pointer/array type whose second operand is IL_MUL (index*size): folds a constant term of the index ((i+c)*size -> i*size + c*size), FUN_00421e20 picks the narrowest index type for the array bounds and recasts the index (FUN_00421020(IL_CAST,..)+FUN_00420e60). Second case: IL_ASTER of array type over IL_ADD with a constant second operand -> operands rearranged. Returns the subtree root. Caller 004060b0 (opt_exp), before FUN_00421eb0
00421e20	select_index_type_for_range	unsigned char select_index_type_for_range(int max_index, int min_index, int offset, int elsize, int count, int has_offset)	scans the 12-byte table at 00433850 {type 0/4/8/0xc = char/uchar/short/ushort, max, min} and returns the first type whose [min,max] covers [min_index,max_index]; with has_offset an overflow of offset*elsize marks 0x1c (int); 0xff when none fits. Only caller 00421b20
00421eb0	narrow_expression_size	il_node *narrow_expression_size(il_node *node)	orig debug "short_size change" (00435c08, DAT_004587c0&0x10). Shrinks arithmetic/compare/compound-assignment nodes to char/short when their operands are casts from narrower types (FUN_00422750 classifies), removing casts (FUN_00420d30+FUN_00420980) or recasting operands; an IL_B_AND used as a condition (FUN_00422440) goes to FUN_00422520; a compound assignment with a non-cast RHS goes to FUN_00422850. Caller 004060b0
00422440	is_condition_operand	int is_condition_operand(il_node *node)	1 when node is the controlling operand of its parent: operand 1 of IL_IF/IL_COND, operand 4 of IL_FOR, any but operand 1 of IL_WHILE/IL_DO (FUN_004209d0 = operand index). Caller 00421eb0
00422520	narrow_bit_test_to_char	il_node *narrow_bit_test_to_char(il_node *left, il_node *right)	operands of an IL_B_AND used as a condition: when one side is a (cast of a) char-sized IL_ID whose symbol has (symbol+0x2e)&3 and the other an IL_CONST 0..0xff, retypes the constant to char, strips the casts (FUN_00422700) and gives the AND the char type; returns the AND (left->parent). Caller 00421eb0
00422700	strip_operand_casts	void strip_operand_casts(il_node *left, il_node *right)	each argument that is an IL_CAST is replaced by its operand (FUN_00420d30) and freed (FUN_00420980). Caller 00422520
00422750	classify_size_conversion	int classify_size_conversion(unsigned char narrow_type, unsigned char op_type, unsigned char inner_type)	type bytes: (t&0xf8)==0 char, 8 short, 0x10/0x18 int/long; unsigned = (t&0xe0)==0 && t&4. Returns 0 (not narrowable), 1/2 (char or short against int/long; inner 0xff = none: 2 when the signedness agrees), 3/4 (char with a short inner), 5/6 (short with a char inner); the even value when the signedness matches. Callers 00421eb0, 00422850
00422850	narrow_compound_assignment	il_node *narrow_compound_assignment(il_node *node)	compound assignment (IL_A_DIV/IL_A_MOD, IL_A_ADD..IL_A_MUL, IL_A_AND..IL_A_OR) with a char/short target: narrows the RHS (strips an inner cast, or retypes an arithmetic RHS and casts its operands with FUN_004229f0); returns node. Caller 00421eb0
004229f0	cast_operands_to_node_type	void cast_operands_to_node_type(il_node *node)	every operand gets the type node->type&0xfc: an IL_CAST operand is retyped, others are wrapped in a new IL_CAST (FUN_00421020(0x20,..)+FUN_00420e60). Caller 00422850
00422a40	optimize_all_block_expressions	void optimize_all_block_expressions(void)	for each basic block after the first (DAT_00458ad0, then bblock.f_next +0x20) calls FUN_00422a60. Caller 00401a50
00422a60	optimize_block_expressions	void optimize_block_expressions(bblock *block)	builds the DU information (FUN_00410b00(1), FUN_0040c380(1): gen/kill sets), runs FUN_00422ad0 on each statement of block->ilnode and stores the new root, then FUN_00423480 on the entry, dumps with "ttt" when DAT_004587c0&0x18000, frees the DU tables (FUN_00410d30). Caller 00422a40
00422ad0	optimize_expression_tree	il_node *optimize_expression_tree(il_node *node, node_list *stmt, bblock *block)	post-order: recurses into the operands (steps with ->next of the RETURNED node), then FUN_00422bd0 (constant propagation/folding) and FUN_00423090 (common expression -> temporary). It returns FUN_00423090's node in EAX (disassembly 00422b04..00422b0f) and both callers (00422a60, itself) use the value, although the sig line says undefined (void): LEAD TO DECIDE
00422b10	unlink_from_common_expression_chains	void unlink_from_common_expression_chains(il_node *node)	recursive over the subtree: removes each node from its common-expression chain (cmnexp +0x3c = head, refchn +0x40 = next member); when it was the head, the next member becomes head and takes over duptr (+0x38) and du_entry.node (+0x10). Callers 00422bd0, 00423090, 004235e0, 004105b0
00422bd0	propagate_constants	il_node *propagate_constants(il_node *node)	replaces IL_ID operands with a known constant value (FUN_00423010) by the constant where FUN_004198a0 (does the operator take this constant as an immediate) allows: all operands of commutative/compare ops and IL_ARG, the RHS of shifts/IL_SUB/compound assignments/IL_DIV/IL_MOD, ids used as conditions or return values; rewrites "x op= c" with constant x into an IL_ASSIGN of the folded value; folds when every operand is constant (FUN_004065d0). Returns the new root. Caller 00422ad0
00422fd0	overwrite_with_constant	il_node *overwrite_with_constant(il_node *node, il_node *constant)	copies op, type, val, val2 and +0x28 of constant into node and frees node's operands (FUN_004209a0); returns node. Caller 00422bd0
00423010	find_constant_value	il_node *find_constant_value(il_node *id)	for an IL_ID: the IL_CONST its common-expression head (cmnexp +0x3c) is or assigns (IL_ASSIGN with a same-type const RHS), or the const assigned by its only reaching definition (duptr +0x38 -> du_entry +4 list with one IL_ASSIGN); NULL otherwise. Caller 00422bd0
00423090	common_expression_to_temp	il_node *common_expression_to_temp(il_node *node, node_list *stmt, bblock *block)	for the head of a common expression (cmnexp == node) of integer/pointer type with refcnt (+0x5c) > 1 (more than the parent's, or under a compound assignment): builds IL_ASSIGN(temp = expr) (FUN_00421150 new temporary, FUN_00421020(IL_ASSIGN)) at the first occurrence and replaces the other members of the refchn chain by copies of the temp (FUN_00420c50, FUN_00420aa0), patching statement entries in block->ilnode; char/short id casts under IL_MUL/IL_A_MUL are not counted. Returns the node now in place. Caller 00422ad0
004233c0	node_type_rank	int node_type_rank(il_node *node)	by node->type: 1 char, 2 short, 3 int/long/pointer (0x10..0x1c, 0x40), 4 float (0x28), 5 double (0x30), 6 long double (0x38), 0 other. Callers 00423090, 00404010, 00417b60, 0041e6b0 (cast widening tests)
00423480	forward_member_constant_store	void forward_member_constant_store(node_list *stmt)	statement "a = const" whose target is an IL_QUALIFY chain over ids without side effects (FUN_00423570), not floating: substitutes the constant for equal subtrees (FUN_004235e0) in the next statement (stmt->next) - its RHS for a compound assignment, else the whole expression - unless the next statement has side effects or is IL_PRI..IL_POD. Caller 00422a60
00423570	has_side_effect_or_indirection	int has_side_effect_or_indirection(il_node *tree)	1 when any node of the subtree is IL_CALL..IL_POD (except IL_QUALIFY), an assignment (0x50..0x5f), volatile (type&2), IL_AMPER or IL_ASTER; else 0. Caller 00423480
004235e0	replace_subtrees_with_constant	void replace_subtrees_with_constant(il_node *tree, il_node *pattern, il_node *constant)	recursive: every subtree equal to pattern (same op and FUN_00423670 == 0) is unlinked from the common-expression chains (FUN_00422b10), its operands freed and the node turned into IL_CONST with constant's val/val2/+0x28. Caller 00423480
00423670	trees_differ	unsigned int trees_differ(il_node *a, il_node *b)	0 when the trees are identical (op, bytes 1-3, symx, val, val2, +0x28, operands recursively), 1 otherwise. Callers 004235e0, 00414f20, 004155d0
00423780	add_to_gen_use_sets	void add_to_gen_use_sets(unsigned int *block_set, short number, il_node *node, short words, unsigned int *leaf_set)	sets bit number (MSB first) in the block set and the leaf set; words 8 = gen (a definition: DAT_00458f10[number] = node), 0x10 = use; dumps "leaf table gen"/"leaf table use" (FUN_00406cf0) when DAT_004587c0 bit 0x100000. Callers 00410e30 (definitions, bblock.sets->bits_00), 0040a860 (uses, bblock.sets->bits_0c)
00423810	build_kill_or_def_set	void build_kill_or_def_set(short first, short last, unsigned int *set, int words)	for definition numbers first..last-1 (the block's startpp/endpp): words 8 ORs the gen set of the defined leaf (leaf table [node.nleaf].gen) minus the definition itself (kill), words 0x10 ORs the leaf use sets (def); then complements the set; dumps "mk_kill"/"mk_def"; other words print "Stopper Error". Caller 0040c380 ("Make Block NO%ld KILL/DEF")
00423970	print_phase_banner	void print_phase_banner(short phase)	fputs of entry phase of the banner table at 00435dd0 ("*** Analyzing Source Program (f) ***", "***         Optimizing           ***", "Generating Code (c/p/a)") to the stream at 00436108 (stderr), newline, fflush. Caller 00401000 (phase 1 = Optimizing)
004239b0	read_intermediate_file	option_record *read_intermediate_file(short phase, char *path)	fopen(path,"rb") (FUN_00429ce0), reads the 2-byte record size (DAT_00459338), allocates and reads the option record (DAT_0043fc20 = DAT_00459330), its strings and lists (FUN_00423bb0), selects the SHC_/SHCPP_ env names (FUN_00428bd0(+0x144 != 0)), saves the rest of the file to a temp file (FUN_004248c0), stores phase at +0x118, keeps a copy of path in DAT_00459328; errors 0xce4/0xbcd/0xce5/0xceb exit(9). Returns the record. Caller 00401030 (argv[1], phase 1)
00423b50	check_read_result	void check_read_result(int result)	0 or -1 -> error 0xce6 (FUN_004286d0) and exit(9) (FUN_00429a70). Callers: the .int readers
00423b80	read_option_record	void read_option_record(char *record, FILE *fp)	reads DAT_00459338 bytes (the record size) into record (FUN_00425490), checked. Caller 004239b0
00423bb0	read_option_strings_and_lists	void read_option_strings_and_lists(int *record, FILE *fp)	a 2-byte format version (must be 0x1e, else error 0x12c1, exit 11), the counted strings at words 0, 0xe, 0xf, 0x14..0x2a, 0x45, 0x50, 0x47, 0x48 (FUN_00423f00); compares words 0x47/0x48 with "SH SERIES C Compiler Ver. 5.0 Re.." / "Copyright (c) 1992-1996 Hitachi.." (DAT_00459334 = 1 on mismatch when word 0x51 is 0); then the lists at words 9, 0x10, 0x12, 0x13, 0x3b, 0x2e, 0x2f, 0x30, the block at 0x51 and the string at 0x57. Caller 004239b0; mirror of 00424b60
00423f00	read_counted_string	void read_counted_string(char **dst, FILE *fp)	2-byte length, then that many bytes into a new buffer (FUN_0042a320 malloc); *dst = buffer, NULL when the length is 0. Mirror of 00424de0
00423f90	read_named_record_list	void read_named_record_list(int *head, FILE *fp)	count, then count 0x20-byte records each followed by its name (length short at +2, plus 1 byte) stored at +4; +0x18 cleared, chained through +0x1c. Mirror of 00424e70
004240b0	read_string_list	void read_string_list(int *head, FILE *fp)	count, then (2-byte length, bytes) per entry into 8-byte nodes {next, string}, appended; length 0 -> error 0x12c2. Mirror of 00424f10
004241f0	read_string_list_c	void read_string_list_c(int *head, FILE *fp)	as 004240b0 with 0xc-byte nodes {next, string, unused}; length 0 -> error 0x12c3. Mirror of 00424fb0
00424330	read_sized_string_list	void read_sized_string_list(int *head, FILE *fp)	as 004241f0, and the node keeps length-1 as a short at +8. Mirror of 00425050
00424470	read_tagged_string_list	void read_tagged_string_list(int *head, FILE *fp)	count, then per entry a 2-byte tag + 2-byte length and the string, into 0xc-byte nodes {next, short tag, short length, string}; length 0 -> error 0x12c4. Mirror of 004250f0
004245c0	read_record11_list	void read_record11_list(int *head, FILE *fp)	count, then 11-byte records unpacked into 16-byte nodes (next at +0; bytes at +4..7, +0xc..0xe, +8..0xb). Mirror of 004251a0
004246c0	read_record12_list	void read_record12_list(int *head, FILE *fp)	count, then 12-byte records unpacked into 16-byte nodes (next at +0; bytes at +8..0xb, +4..7, +0xc..0xf). Mirror of 00425260
004247d0	read_cpp_block	void read_cpp_block(int *dst, FILE *fp)	optional block: 2-byte size (DAT_00459336), the bytes, a 2-byte word, then 5 counted strings at +4..+0x14; *dst = block. Kept at record word 0x51 (+0x144), whose presence selects the SHCPP_ environment names (FUN_00428bd0): probably the C++ options. Mirror of 00425330
004248c0	save_input_tail	void save_input_tail(FILE *fp, short phase)	copies the remaining bytes of the .int file one by one into a temp file (FUN_00428c40) kept in DAT_0045932c; none when nothing is left or phase == 5. Written back by 00425400
00424950	install_signal_handlers	void install_signal_handlers(int mode)	unless mode == 1: signal(SIGINT, 0x4249b0), signal(SIGBREAK 0x15 / SIGILL 4 / SIGABRT 0x16 / SIGSEGV 0xb, 0x4249c0). The export shows _signal(2) with the handler argument dropped; the disassembly pushes 0x4249b0/0x4249c0, which are not functions in the project. Caller 00401030 (mode 0)
00424a20	write_intermediate_file	unsigned int write_intermediate_file(int phase, char *path)	fopen(path,"wb"), writes the record size, the record (FUN_00424b30), its strings and lists (FUN_00424b60), appends the saved tail (FUN_00425400) when DAT_0045932c, fclose (errors 0xce4/0xce5), frees the saved path DAT_00459328. Caller 00401fe0 (argv[1], 1)
00424b00	check_write_result	void check_write_result(int result)	-1 -> error 0xce7 and exit(9). Callers: the .int writers
00424b30	write_option_record	void write_option_record(char *record, FILE *fp)	writes DAT_00459338 bytes of record. Mirror of 00423b80
00424b60	write_option_strings_and_lists	void write_option_strings_and_lists(int *record, FILE *fp)	writes version 0x1e, then the strings and lists 00423bb0 reads, in the same order
00424de0	write_counted_string	void write_counted_string(char **src, FILE *fp)	2-byte length (strlen+1) and the bytes, or a 0 length for NULL. Mirror of 00423f00
00424e70	write_named_record_list	void write_named_record_list(int *head, FILE *fp)	count, then each 0x20-byte record and its name (length at +2, plus 1). Mirror of 00423f90
00424f10	write_string_list	void write_string_list(int *head, FILE *fp)	count, then the counted string of each node {next, string}. Mirror of 004240b0
00424fb0	write_string_list_c	void write_string_list_c(int *head, FILE *fp)	same body as 00424f10, for the list 004241f0 reads
00425050	write_sized_string_list	void write_sized_string_list(int *head, FILE *fp)	count, then per node short(+8)+1 and that many bytes. Mirror of 00424330
004250f0	write_tagged_string_list	void write_tagged_string_list(int *head, FILE *fp)	count, then per node the 2-byte tag + 2-byte length and the string. Mirror of 00424470
004251a0	write_record11_list	void write_record11_list(int *head, FILE *fp)	count, then each node packed back into 11 bytes. Mirror of 004245c0
00425260	write_record12_list	void write_record12_list(int *head, FILE *fp)	count, then each node packed back into 12 bytes. Mirror of 004246c0
00425330	write_cpp_block	void write_cpp_block(int *src, FILE *fp)	size DAT_00459336, the block, the word 5, then its 5 counted strings. Mirror of 004247d0
00425400	append_input_tail	void append_input_tail(FILE *out)	rewinds the temp file DAT_0045932c, copies it byte by byte to out, clears DAT_0045932c and removes the temp file (FUN_00428d70). Caller 00424a20
00425490	read_bytes	unsigned int read_bytes(FILE *fp, char *buf, unsigned int size)	fread(buf,1,size,fp) (unlocked); returns the count, 0 at end of file, -1 on error / NULL arguments / size < 1
004254f0	write_bytes	unsigned int write_bytes(FILE *fp, char *buf, unsigned int size)	fwrite(buf,size,1,fp) (FUN_0042a910); returns size, -1 on failure / NULL arguments / size < 1
00425540	fold_float_eq	int fold_float_eq(unsigned int *a, unsigned int *b, int *result)	*result = (a == b) via 004256b0; constant folder table entry 0x4339e0 (row of il_op 0x60 in the table at 00433a68, column 2 = float). Returns 0 in AX (the upper half of the result pointer is left in EAX). Also called directly by FUN_00410100 (is the constant equal to a value).
00425570	fold_float_ne	int fold_float_ne(unsigned int *a, unsigned int *b, int *result)	*result = (a != b) via 004256b0; constant folder table entry 0x4339f8 (row of il_op 0x61 in the table at 00433a68, column 2 = float). Returns 0 in AX (the upper half of the result pointer is left in EAX).
004255a0	fold_float_lt	char fold_float_lt(unsigned int *a, unsigned int *b, int *result)	*result = (a < b) via 004256b0; constant folder table entry 0x433a10 (row of il_op 0x64 in the table at 00433a68, column 2 = float). Ghidra return bool (1 byte): 1 when unordered (NaN), else 0.
004255e0	fold_float_le	char fold_float_le(unsigned int *a, unsigned int *b, int *result)	*result = (a <= b) via 004256b0; constant folder table entry 0x433a28 (row of il_op 0x65 in the table at 00433a68, column 2 = float). Ghidra return bool (1 byte): 1 when unordered (NaN), else 0.
00425630	fold_float_gt	char fold_float_gt(unsigned int *a, unsigned int *b, int *result)	*result = (a > b) via 004256b0; constant folder table entry 0x433a40 (row of il_op 0x66 in the table at 00433a68, column 2 = float). Ghidra return bool (1 byte): 1 when unordered (NaN), else 0.
00425670	fold_float_ge	char fold_float_ge(unsigned int *a, unsigned int *b, int *result)	*result = (a >= b) via 004256b0; constant folder table entry 0x433a58 (row of il_op 0x67 in the table at 00433a68, column 2 = float). Ghidra return bool (1 byte): 1 when unordered (NaN), else 0.
004256b0	compare_float_constants	short compare_float_constants(unsigned int *a, unsigned int *b)	single precision: -1 when either is NaN, else 0 less / 1 equal / 2 greater (FUN_00429590(..,1)+1; -0 treated as 0). Used by the float fold comparisons
00425740	fold_double_eq	int fold_double_eq(unsigned int *a, unsigned int *b, int *result)	*result = (a == b) via 004258b0; constant folder table entry 0x4339e4 (row of il_op 0x60 in the table at 00433a68, column 3 = double). Returns 0 in AX (the upper half of the result pointer is left in EAX). Also called directly by FUN_00410100 (is the constant equal to a value).
00425770	fold_double_ne	int fold_double_ne(unsigned int *a, unsigned int *b, int *result)	*result = (a != b) via 004258b0; constant folder table entry 0x4339fc (row of il_op 0x61 in the table at 00433a68, column 3 = double). Returns 0 in AX (the upper half of the result pointer is left in EAX).
004257a0	fold_double_lt	char fold_double_lt(unsigned int *a, unsigned int *b, int *result)	*result = (a < b) via 004258b0; constant folder table entry 0x433a14 (row of il_op 0x64 in the table at 00433a68, column 3 = double). Ghidra return bool (1 byte): 1 when unordered (NaN), else 0.
004257e0	fold_double_le	char fold_double_le(unsigned int *a, unsigned int *b, int *result)	*result = (a <= b) via 004258b0; constant folder table entry 0x433a2c (row of il_op 0x65 in the table at 00433a68, column 3 = double). Ghidra return bool (1 byte): 1 when unordered (NaN), else 0.
00425830	fold_double_gt	char fold_double_gt(unsigned int *a, unsigned int *b, int *result)	*result = (a > b) via 004258b0; constant folder table entry 0x433a44 (row of il_op 0x66 in the table at 00433a68, column 3 = double). Ghidra return bool (1 byte): 1 when unordered (NaN), else 0.
00425870	fold_double_ge	char fold_double_ge(unsigned int *a, unsigned int *b, int *result)	*result = (a >= b) via 004258b0; constant folder table entry 0x433a5c (row of il_op 0x67 in the table at 00433a68, column 3 = double). Ghidra return bool (1 byte): 1 when unordered (NaN), else 0.
004258b0	compare_double_constants	short compare_double_constants(unsigned int *a, unsigned int *b)	double precision version of 004256b0 (FUN_00429590(..,2))
00425970	fold_long_double_eq	int fold_long_double_eq(unsigned int *a, unsigned int *b, int *result)	*result = (a == b) via 00425ae0; constant folder table entry 0x4339e8 (row of il_op 0x60 in the table at 00433a68, column 4 = long double). Returns 0 in AX (the upper half of the result pointer is left in EAX). Also called directly by FUN_00410100 (is the constant equal to a value).
004259a0	fold_long_double_ne	int fold_long_double_ne(unsigned int *a, unsigned int *b, int *result)	*result = (a != b) via 00425ae0; constant folder table entry 0x433a00 (row of il_op 0x61 in the table at 00433a68, column 4 = long double). Returns 0 in AX (the upper half of the result pointer is left in EAX).
004259d0	fold_long_double_lt	char fold_long_double_lt(unsigned int *a, unsigned int *b, int *result)	*result = (a < b) via 00425ae0; constant folder table entry 0x433a18 (row of il_op 0x64 in the table at 00433a68, column 4 = long double). Ghidra return bool (1 byte): 1 when unordered (NaN), else 0.
00425a10	fold_long_double_le	char fold_long_double_le(unsigned int *a, unsigned int *b, int *result)	*result = (a <= b) via 00425ae0; constant folder table entry 0x433a30 (row of il_op 0x65 in the table at 00433a68, column 4 = long double). Ghidra return bool (1 byte): 1 when unordered (NaN), else 0.
00425a60	fold_long_double_gt	char fold_long_double_gt(unsigned int *a, unsigned int *b, int *result)	*result = (a > b) via 00425ae0; constant folder table entry 0x433a48 (row of il_op 0x66 in the table at 00433a68, column 4 = long double). Ghidra return bool (1 byte): 1 when unordered (NaN), else 0.
00425aa0	fold_long_double_ge	char fold_long_double_ge(unsigned int *a, unsigned int *b, int *result)	*result = (a >= b) via 00425ae0; constant folder table entry 0x433a60 (row of il_op 0x67 in the table at 00433a68, column 4 = long double). Ghidra return bool (1 byte): 1 when unordered (NaN), else 0.
00425ae0	compare_long_double_constants	unsigned short compare_long_double_constants(unsigned int *a, unsigned int *b)	long double: unpacks both (FUN_00429020: class 1 zero, 2 infinity, 3 NaN); 0xffff for NaN, else 0/1/2 (FUN_004292a0 + FUN_00429590(..,3)+1)
00425c30	fold_int_add	unsigned int fold_int_add(int *a, int *b, int *result)	*result = *a + *b; status in AX (0 ok); constant folder table entry 0x433948 (IL_ADD), column 0 = signed int/long (columns: 0 signed, 1 unsigned, 2 float, 3 double, 4 long double; row per operator from the table at 00433a68, called by FUN_004065d0 folding)
00425c50	fold_int_sub	unsigned int fold_int_sub(int *a, int *b, int *result)	*result = *a - *b; status in AX (0 ok); constant folder table entry 0x433960 (IL_SUB), column 0 = signed int/long (columns: 0 signed, 1 unsigned, 2 float, 3 double, 4 long double; row per operator from the table at 00433a68, called by FUN_004065d0 folding)
00425c70	fold_int_mul	unsigned int fold_int_mul(int *a, int *b, int *result)	*result = *a * *b; status in AX (0 ok); constant folder table entry 0x433978 (IL_MUL), column 0 = signed int/long (columns: 0 signed, 1 unsigned, 2 float, 3 double, 4 long double; row per operator from the table at 00433a68, called by FUN_004065d0 folding)
00425c90	fold_int_div	int fold_int_div(int *a, int *b, int *result)	*result = *a / *b signed (IDIV); divisor 0 -> *result = 0 and 6 in AX (division-by-zero status); status in AX (0 ok); constant folder table entry 0x433990 (IL_DIV), column 0 = signed int/long (columns: 0 signed, 1 unsigned, 2 float, 3 double, 4 long double; row per operator from the table at 00433a68, called by FUN_004065d0 folding)
00425cc0	fold_int_mod	int fold_int_mod(int *a, int *b, int *result)	*result = *a % *b signed; divisor 0 -> 6 in AX, result untouched; status in AX (0 ok); constant folder table entry 0x4339a8 (IL_MOD), column 0 = signed int/long (columns: 0 signed, 1 unsigned, 2 float, 3 double, 4 long double; row per operator from the table at 00433a68, called by FUN_004065d0 folding)
00425cf0	fold_int_neg	unsigned int fold_int_neg(int *a, int *result)	*result = -*a; status in AX (0 ok); constant folder table entry 0x433910 (IL_MINUS, unary), column 0 = signed int/long (columns: 0 signed, 1 unsigned, 2 float, 3 double, 4 long double; row per operator from the table at 00433a68, called by FUN_004065d0 folding)
00425d10	fold_int_not	int fold_int_not(int *a, int *result)	*result = (*a == 0); status in AX (0 ok); constant folder table entry 0x433928 (IL_NOT), column 0 = signed int/long (columns: 0 signed, 1 unsigned, 2 float, 3 double, 4 long double; row per operator from the table at 00433a68, called by FUN_004065d0 folding)
00425d40	fold_int_cmpl	unsigned int fold_int_cmpl(unsigned int *a, unsigned int *result)	*result = ~*a; status in AX (0 ok); constant folder table entry 0x433940 (IL_CMPL), column 0 = signed int/long (columns: 0 signed, 1 unsigned, 2 float, 3 double, 4 long double; row per operator from the table at 00433a68, called by FUN_004065d0 folding)
00425d60	fold_int_eq	int fold_int_eq(int *a, int *b, int *result)	*result = (*a == *b); status in AX (0 ok); constant folder table entry 0x4339d8 (IL_EQ), column 0 = signed int/long (columns: 0 signed, 1 unsigned, 2 float, 3 double, 4 long double; row per operator from the table at 00433a68, called by FUN_004065d0 folding)
00425d90	fold_int_ne	int fold_int_ne(int *a, int *b, int *result)	*result = (*a != *b); status in AX (0 ok); constant folder table entry 0x4339f0 (IL_NE), column 0 = signed int/long (columns: 0 signed, 1 unsigned, 2 float, 3 double, 4 long double; row per operator from the table at 00433a68, called by FUN_004065d0 folding)
00425dc0	fold_int_lt	int fold_int_lt(int *a, int *b, int *result)	*result = (*a < *b) signed; status in AX (0 ok); constant folder table entry 0x433a08 (IL_LT), column 0 = signed int/long (columns: 0 signed, 1 unsigned, 2 float, 3 double, 4 long double; row per operator from the table at 00433a68, called by FUN_004065d0 folding)
00425df0	fold_int_le	int fold_int_le(int *a, int *b, int *result)	*result = (*a <= *b) signed; status in AX (0 ok); constant folder table entry 0x433a20 (IL_LE), column 0 = signed int/long (columns: 0 signed, 1 unsigned, 2 float, 3 double, 4 long double; row per operator from the table at 00433a68, called by FUN_004065d0 folding)
00425e20	fold_int_gt	int fold_int_gt(int *a, int *b, int *result)	*result = (*a > *b) signed; status in AX (0 ok); constant folder table entry 0x433a38 (IL_GT), column 0 = signed int/long (columns: 0 signed, 1 unsigned, 2 float, 3 double, 4 long double; row per operator from the table at 00433a68, called by FUN_004065d0 folding)
00425e50	fold_ge_signed	int fold_ge_signed(int *lhs, int *rhs, int *result)	*result = *lhs >= *rhs (signed); ge row, signed column of the constant folder operator table (stock .data 0x433910..0x433a67: rows of 5 type columns signed long, unsigned long, float, double, long double; the shl/shr/and/xor/or rows have 2). low 16 bits = folder status (0 ok, 1 invalid/NaN, 2 overflow, 3 underflow, 4 float divide by zero, 5 inexact, 6 integer divide by zero); upper half garbage (ret4 class)
00425e80	fold_or_signed	unsigned int fold_or_signed(unsigned int *lhs, unsigned int *rhs, unsigned int *result)	*result = *lhs | *rhs; or row, signed column of the constant folder operator table (stock .data 0x433910..0x433a67: rows of 5 type columns signed long, unsigned long, float, double, long double; the shl/shr/and/xor/or rows have 2). low 16 bits = folder status (0 ok, 1 invalid/NaN, 2 overflow, 3 underflow, 4 float divide by zero, 5 inexact, 6 integer divide by zero); upper half garbage (ret4 class)
00425ea0	fold_xor_signed	unsigned int fold_xor_signed(unsigned int *lhs, unsigned int *rhs, unsigned int *result)	*result = *lhs ^ *rhs; xor row, signed column. low 16 bits = folder status (0 ok, 1 invalid/NaN, 2 overflow, 3 underflow, 4 float divide by zero, 5 inexact, 6 integer divide by zero); upper half garbage (ret4 class)
00425ec0	fold_and_signed	unsigned int fold_and_signed(unsigned int *lhs, unsigned int *rhs, unsigned int *result)	*result = *lhs & *rhs; and row, signed column. low 16 bits = folder status (0 ok, 1 invalid/NaN, 2 overflow, 3 underflow, 4 float divide by zero, 5 inexact, 6 integer divide by zero); upper half garbage (ret4 class)
00425ee0	fold_shr_signed	unsigned int fold_shr_signed(int *lhs, unsigned int *count, int *result)	arithmetic right shift; count >= 32 gives the sign fill (-1/0), a negative count shifts left; shr row, signed column. low 16 bits = folder status (0 ok, 1 invalid/NaN, 2 overflow, 3 underflow, 4 float divide by zero, 5 inexact, 6 integer divide by zero); upper half garbage (ret4 class)
00425f40	fold_shl_signed	unsigned int fold_shl_signed(int *lhs, unsigned int *count, int *result)	left shift; count > 31 gives 0, a negative count shifts right arithmetically; shl row, signed column. low 16 bits = folder status (0 ok, 1 invalid/NaN, 2 overflow, 3 underflow, 4 float divide by zero, 5 inexact, 6 integer divide by zero); upper half garbage (ret4 class)
00425f80	fold_add_unsigned	unsigned int fold_add_unsigned(int *lhs, int *rhs, int *result)	*result = *lhs + *rhs; add row, unsigned column (signed column is 00425c30). low 16 bits = folder status (0 ok, 1 invalid/NaN, 2 overflow, 3 underflow, 4 float divide by zero, 5 inexact, 6 integer divide by zero); upper half garbage (ret4 class)
00425fa0	fold_sub_unsigned	unsigned int fold_sub_unsigned(int *lhs, int *rhs, int *result)	*result = *lhs - *rhs; sub row, unsigned column. low 16 bits = folder status (0 ok, 1 invalid/NaN, 2 overflow, 3 underflow, 4 float divide by zero, 5 inexact, 6 integer divide by zero); upper half garbage (ret4 class)
00425fc0	fold_mul_unsigned	unsigned int fold_mul_unsigned(int *lhs, int *rhs, int *result)	*result = *lhs * *rhs; mul row, unsigned column. low 16 bits = folder status (0 ok, 1 invalid/NaN, 2 overflow, 3 underflow, 4 float divide by zero, 5 inexact, 6 integer divide by zero); upper half garbage (ret4 class)
00425fe0	fold_div_unsigned	int fold_div_unsigned(unsigned int *lhs, unsigned int *rhs, unsigned int *result)	unsigned 32-bit division; divisor 0 stores 0 and returns status 6; div row, unsigned column. low 16 bits = folder status (0 ok, 1 invalid/NaN, 2 overflow, 3 underflow, 4 float divide by zero, 5 inexact, 6 integer divide by zero); upper half garbage (ret4 class)
00426010	fold_mod_unsigned	int fold_mod_unsigned(unsigned int *lhs, unsigned int *rhs, int *result)	unsigned remainder; divisor 0 returns status 6 without storing; mod row, unsigned column. low 16 bits = folder status (0 ok, 1 invalid/NaN, 2 overflow, 3 underflow, 4 float divide by zero, 5 inexact, 6 integer divide by zero); upper half garbage (ret4 class)
00426040	fold_neg_unsigned	unsigned int fold_neg_unsigned(int *operand, int *result)	*result = -*operand; unary minus row, unsigned column (signed 00425cf0). low 16 bits = folder status (0 ok, 1 invalid/NaN, 2 overflow, 3 underflow, 4 float divide by zero, 5 inexact, 6 integer divide by zero); upper half garbage (ret4 class)
00426060	fold_lnot_unsigned	int fold_lnot_unsigned(int *operand, int *result)	*result = !*operand; logical-not row, unsigned column (signed 00425d10). low 16 bits = folder status (0 ok, 1 invalid/NaN, 2 overflow, 3 underflow, 4 float divide by zero, 5 inexact, 6 integer divide by zero); upper half garbage (ret4 class)
00426090	fold_bnot_unsigned	unsigned int fold_bnot_unsigned(unsigned int *operand, unsigned int *result)	*result = ~*operand; complement row (2 columns), unsigned column (signed 00425d40). low 16 bits = folder status (0 ok, 1 invalid/NaN, 2 overflow, 3 underflow, 4 float divide by zero, 5 inexact, 6 integer divide by zero); upper half garbage (ret4 class)
004260b0	fold_eq_unsigned	int fold_eq_unsigned(int *lhs, int *rhs, int *result)	*result = *lhs == *rhs; eq row, unsigned column. low 16 bits = folder status (0 ok, 1 invalid/NaN, 2 overflow, 3 underflow, 4 float divide by zero, 5 inexact, 6 integer divide by zero); upper half garbage (ret4 class)
004260e0	fold_ne_unsigned	int fold_ne_unsigned(int *lhs, int *rhs, int *result)	*result = *lhs != *rhs; ne row, unsigned column. low 16 bits = folder status (0 ok, 1 invalid/NaN, 2 overflow, 3 underflow, 4 float divide by zero, 5 inexact, 6 integer divide by zero); upper half garbage (ret4 class)
00426110	fold_lt_unsigned	int fold_lt_unsigned(unsigned int *lhs, unsigned int *rhs, int *result)	*result = *lhs < *rhs (unsigned); lt row, unsigned column. low 16 bits = folder status (0 ok, 1 invalid/NaN, 2 overflow, 3 underflow, 4 float divide by zero, 5 inexact, 6 integer divide by zero); upper half garbage (ret4 class)
00426140	fold_le_unsigned	int fold_le_unsigned(unsigned int *lhs, unsigned int *rhs, int *result)	*result = *lhs <= *rhs (unsigned); le row, unsigned column. low 16 bits = folder status (0 ok, 1 invalid/NaN, 2 overflow, 3 underflow, 4 float divide by zero, 5 inexact, 6 integer divide by zero); upper half garbage (ret4 class)
00426170	fold_gt_unsigned	int fold_gt_unsigned(unsigned int *lhs, unsigned int *rhs, int *result)	*result = *lhs > *rhs (unsigned); gt row, unsigned column. low 16 bits = folder status (0 ok, 1 invalid/NaN, 2 overflow, 3 underflow, 4 float divide by zero, 5 inexact, 6 integer divide by zero); upper half garbage (ret4 class)
004261a0	fold_ge_unsigned	int fold_ge_unsigned(unsigned int *lhs, unsigned int *rhs, int *result)	*result = *lhs >= *rhs (unsigned); ge row, unsigned column. low 16 bits = folder status (0 ok, 1 invalid/NaN, 2 overflow, 3 underflow, 4 float divide by zero, 5 inexact, 6 integer divide by zero); upper half garbage (ret4 class)
004261d0	fold_or_unsigned	unsigned int fold_or_unsigned(unsigned int *lhs, unsigned int *rhs, unsigned int *result)	*result = *lhs | *rhs; or row, unsigned column. low 16 bits = folder status (0 ok, 1 invalid/NaN, 2 overflow, 3 underflow, 4 float divide by zero, 5 inexact, 6 integer divide by zero); upper half garbage (ret4 class)
004261f0	fold_xor_unsigned	unsigned int fold_xor_unsigned(unsigned int *lhs, unsigned int *rhs, unsigned int *result)	*result = *lhs ^ *rhs; xor row, unsigned column. low 16 bits = folder status (0 ok, 1 invalid/NaN, 2 overflow, 3 underflow, 4 float divide by zero, 5 inexact, 6 integer divide by zero); upper half garbage (ret4 class)
00426210	fold_and_unsigned	unsigned int fold_and_unsigned(unsigned int *lhs, unsigned int *rhs, unsigned int *result)	*result = *lhs & *rhs; and row, unsigned column. low 16 bits = folder status (0 ok, 1 invalid/NaN, 2 overflow, 3 underflow, 4 float divide by zero, 5 inexact, 6 integer divide by zero); upper half garbage (ret4 class)
00426230	fold_shr_unsigned	unsigned int fold_shr_unsigned(unsigned int *lhs, unsigned int *count, unsigned int *result)	logical right shift, count > 31 gives 0; shr row, unsigned column. low 16 bits = folder status (0 ok, 1 invalid/NaN, 2 overflow, 3 underflow, 4 float divide by zero, 5 inexact, 6 integer divide by zero); upper half garbage (ret4 class)
00426260	fold_shl_unsigned	unsigned int fold_shl_unsigned(int *lhs, unsigned int *count, int *result)	left shift, count > 31 gives 0; shl row, unsigned column. low 16 bits = folder status (0 ok, 1 invalid/NaN, 2 overflow, 3 underflow, 4 float divide by zero, 5 inexact, 6 integer divide by zero); upper half garbage (ret4 class)
00426290	fold_add_float	unsigned int fold_add_float(unsigned int *lhs, unsigned int *rhs, unsigned int *result)	float add: align exponents (sticky bit 0x20000000), add or subtract the mantissas (add/sub/negate_multiword, 2 words), special cases via classify_add_operands; add row, float column; software IEEE single: unpack_float (00428f30), special cases from a class table, pack_round_float (00429140). low 16 bits = folder status (0 ok, 1 invalid/NaN, 2 overflow, 3 underflow, 4 float divide by zero, 5 inexact, 6 integer divide by zero); upper half garbage (ret4 class)
00426520	fold_sub_float	unsigned int fold_sub_float(unsigned int *lhs, unsigned int *rhs, unsigned int *result)	flips the sign of a copy of *rhs and calls fold_add_float; sub row, float column. Ghidra gives no return value (the add's status stays in EAX) RETURN: the folder table at 00433a68 is called for a status (fold_constants reads it); the machine code ends CALL <the add folder>; ADD ESP; RET, so the add's status is returned in EAX. Ghidra printed void.
00426550	fold_div_float	unsigned int fold_div_float(unsigned int *lhs, unsigned int *rhs, unsigned int *result)	26-step restoring division of the mantissas, exponent + 0x7f; special cases via classify_div_operands; div row, float column; software IEEE single: unpack_float (00428f30), special cases from a class table, pack_round_float (00429140). low 16 bits = folder status (0 ok, 1 invalid/NaN, 2 overflow, 3 underflow, 4 float divide by zero, 5 inexact, 6 integer divide by zero); upper half garbage (ret4 class)
004266c0	fold_mul_float	unsigned int fold_mul_float(unsigned int *lhs, unsigned int *rhs, unsigned int *result)	24-step shift-add mantissa multiply, exponent - 0x7e; special cases via classify_mul_operands; mul row, float column; software IEEE single: unpack_float (00428f30), special cases from a class table, pack_round_float (00429140). low 16 bits = folder status (0 ok, 1 invalid/NaN, 2 overflow, 3 underflow, 4 float divide by zero, 5 inexact, 6 integer divide by zero); upper half garbage (ret4 class)
00426830	fold_add_double	unsigned int fold_add_double(unsigned int *lhs, unsigned int *rhs, unsigned int *result)	double add (3-word working mantissa, alignment limit 0x37); add row, double column; software IEEE double (2 words, high word first): unpack_double (00429020), pack_round_double (004292a0). low 16 bits = folder status (0 ok, 1 invalid/NaN, 2 overflow, 3 underflow, 4 float divide by zero, 5 inexact, 6 integer divide by zero); upper half garbage (ret4 class)
00426b30	fold_sub_double	unsigned int fold_sub_double(unsigned int *lhs, unsigned int *rhs, unsigned int *result)	negates a 2-word copy of *rhs and calls fold_add_double; sub row, double column (status left in EAX) RETURN: the folder table at 00433a68 is called for a status (fold_constants reads it); the machine code ends CALL <the add folder>; ADD ESP; RET, so the add's status is returned in EAX. Ghidra printed void.
00426b70	fold_mul_double	unsigned int fold_mul_double(unsigned int *lhs, unsigned int *rhs, unsigned int *result)	53-step shift-add multiply, exponent - 0x3fe; mul row, double column; software IEEE double (2 words, high word first): unpack_double (00429020), pack_round_double (004292a0). low 16 bits = folder status (0 ok, 1 invalid/NaN, 2 overflow, 3 underflow, 4 float divide by zero, 5 inexact, 6 integer divide by zero); upper half garbage (ret4 class)
00426d50	fold_div_double	void fold_div_double(unsigned int *lhs, unsigned int *rhs, unsigned int *result)	55-step restoring division (compare_multiword, sub_multiword), exponent + 0x3ff; div row, double column; software IEEE double (2 words, high word first): unpack_double (00429020), pack_round_double (004292a0). Ghidra signature has no return value
00426f40	fold_add_ldouble	unsigned int fold_add_ldouble(unsigned int *lhs, unsigned int *rhs, unsigned int *result)	add row, long double column; long double column: results are 3-word (exponent 0x7fff, explicit integer bit 0x80000000) BUT operands are unpacked with the double unpacker 00429020 and packed with 004292a0, as in the stock binary (CALL targets checked). low 16 bits = folder status (0 ok, 1 invalid/NaN, 2 overflow, 3 underflow, 4 float divide by zero, 5 inexact, 6 integer divide by zero); upper half garbage (ret4 class)
004272e0	classify_add_operands	void classify_add_operands(unsigned int sign1, int class1, unsigned int sign2, int class2, int *action, unsigned int *result_sign)	action = short table 0x435e88[class1*4 + class2] (classes 0 normal, 1 zero, 2 inf, 3 NaN); 1: zero with sign1 & sign2, 2: infinity with the infinite operand's sign, 4: inf + inf -> NaN (3) if the signs differ else inf (2); -1/-2: the result is one operand. Callers: fold_add_float/double/ldouble
00427360	fold_sub_ldouble	unsigned int fold_sub_ldouble(unsigned int *lhs, unsigned int *rhs, unsigned int *result)	negates a 3-word copy of *rhs and calls fold_add_ldouble; sub row, long double column RETURN: the folder table at 00433a68 is called for a status (fold_constants reads it); the machine code ends CALL <the add folder>; ADD ESP; RET, so the add's status is returned in EAX. Ghidra printed void.
004273a0	fold_mul_ldouble	unsigned int fold_mul_ldouble(unsigned int *lhs, unsigned int *rhs, unsigned int *result)	64-step shift-add multiply, exponent - 0x3ffe, normalised to bit 31; mul row, long double column; long double column: results are 3-word (exponent 0x7fff, explicit integer bit 0x80000000) BUT operands are unpacked with the double unpacker 00429020 and packed with 004292a0, as in the stock binary (CALL targets checked). low 16 bits = folder status (0 ok, 1 invalid/NaN, 2 overflow, 3 underflow, 4 float divide by zero, 5 inexact, 6 integer divide by zero); upper half garbage (ret4 class)
00427630	classify_mul_operands	void classify_mul_operands(unsigned int sign1, int class1, unsigned int sign2, int class2, int *action, unsigned int *result_sign)	action = short table 0x435ea8[class1*4 + class2]; result sign = sign1 ^ sign2. Callers: fold_mul_float/double/ldouble
00427660	fold_div_ldouble	unsigned int fold_div_ldouble(unsigned int *lhs, unsigned int *rhs, unsigned int *result)	66-step restoring division, exponent + 0x3fff; div row, long double column; long double column: results are 3-word (exponent 0x7fff, explicit integer bit 0x80000000) BUT operands are unpacked with the double unpacker 00429020 and packed with 004292a0, as in the stock binary (CALL targets checked). low 16 bits = folder status (0 ok, 1 invalid/NaN, 2 overflow, 3 underflow, 4 float divide by zero, 5 inexact, 6 integer divide by zero); upper half garbage (ret4 class)
00427920	classify_div_operands	short classify_div_operands(unsigned int sign1, int class1, unsigned int sign2, int class2, int *action, unsigned int *result_sign)	action = short table 0x435ec8[class1*4 + class2]; result sign = sign1 ^ sign2; action 4 (x / 0) becomes 2 (infinity) and the return is status 4 (divide by zero), else 0. Callers: fold_div_float/double/ldouble
00427960	convert_int_to_float	void convert_int_to_float(unsigned int *src, unsigned int *dst)	sign-magnitude: converts |x| with convert_uint_to_float and ORs the sign back; conversion table (stock .data 0x433888): rows int->{float,double,ldouble}, uint->{...}, float->{int,uint}, float->{double,ldouble}, double->{int,uint,float}, double->{ldouble}, ldouble->{int,uint,float,double}
004279a0	convert_int_to_double	void convert_int_to_double(unsigned int *src, unsigned int *dst)	|x| through convert_uint_to_double, sign ORed into the high word; conversion table (stock .data 0x433888): rows int->{float,double,ldouble}, uint->{...}, float->{int,uint}, float->{double,ldouble}, double->{int,uint,float}, double->{ldouble}, ldouble->{int,uint,float,double}
004279e0	convert_int_to_ldouble	void convert_int_to_ldouble(unsigned int *src, unsigned int *dst)	|x| through convert_uint_to_ldouble, sign ORed into the first word; conversion table (stock .data 0x433888): rows int->{float,double,ldouble}, uint->{...}, float->{int,uint}, float->{double,ldouble}, double->{int,uint,float}, double->{ldouble}, ldouble->{int,uint,float,double}
00427a20	convert_uint_to_float	short convert_uint_to_float(int *src, unsigned int *dst)	normalises to bit 23 from exponent 0x9e, pack_round_float; status 5 (inexact) noted when low bits are lost; conversion table (stock .data 0x433888): rows int->{float,double,ldouble}, uint->{...}, float->{int,uint}, float->{double,ldouble}, double->{int,uint,float}, double->{ldouble}, ldouble->{int,uint,float,double}
00427ac0	convert_uint_to_double	void convert_uint_to_double(int *src, unsigned int *dst)	pack_round_double with exponent 0x41e; 0 gives +0.0; conversion table (stock .data 0x433888): rows int->{float,double,ldouble}, uint->{...}, float->{int,uint}, float->{double,ldouble}, double->{int,uint,float}, double->{ldouble}, ldouble->{int,uint,float,double}
00427b20	convert_uint_to_ldouble	void convert_uint_to_ldouble(int *src, unsigned int *dst)	exponent 0x401e (extended bias) but packed with the double packer 004292a0 (stock quirk); conversion table (stock .data 0x433888): rows int->{float,double,ldouble}, uint->{...}, float->{int,uint}, float->{double,ldouble}, double->{int,uint,float}, double->{ldouble}, ldouble->{int,uint,float,double}
00427b70	convert_float_to_int	unsigned int convert_float_to_int(unsigned int *src, unsigned int *dst)	truncates; exponent outside 0x7f..0xb5 gives 0; inf/NaN give 0 and status 1; conversion table (stock .data 0x433888): rows int->{float,double,ldouble}, uint->{...}, float->{int,uint}, float->{double,ldouble}, double->{int,uint,float}, double->{ldouble}, ldouble->{int,uint,float,double}. low 16 bits = folder status (0 ok, 1 invalid/NaN, 2 overflow, 3 underflow, 4 float divide by zero, 5 inexact, 6 integer divide by zero); upper half garbage (ret4 class)
00427c40	convert_float_to_uint	void convert_float_to_uint(unsigned int *src, unsigned int *dst)	calls convert_float_to_int; conversion table (stock .data 0x433888): rows int->{float,double,ldouble}, uint->{...}, float->{int,uint}, float->{double,ldouble}, double->{int,uint,float}, double->{ldouble}, ldouble->{int,uint,float,double}
00427c60	convert_double_to_int	unsigned int convert_double_to_int(unsigned int *src, unsigned int *dst)	truncates (exponent window 0x3ff..0x452); inf/NaN status 1; conversion table (stock .data 0x433888): rows int->{float,double,ldouble}, uint->{...}, float->{int,uint}, float->{double,ldouble}, double->{int,uint,float}, double->{ldouble}, ldouble->{int,uint,float,double}. low 16 bits = folder status (0 ok, 1 invalid/NaN, 2 overflow, 3 underflow, 4 float divide by zero, 5 inexact, 6 integer divide by zero); upper half garbage (ret4 class)
00427da0	convert_double_to_uint	void convert_double_to_uint(unsigned int *src, unsigned int *dst)	calls convert_double_to_int; conversion table (stock .data 0x433888): rows int->{float,double,ldouble}, uint->{...}, float->{int,uint}, float->{double,ldouble}, double->{int,uint,float}, double->{ldouble}, ldouble->{int,uint,float,double}
00427dc0	convert_ldouble_to_int	unsigned int convert_ldouble_to_int(unsigned int *src, unsigned int *dst)	extended exponent window 0x3fff..0x405d, but unpacked with 00429020 (stock quirk); conversion table (stock .data 0x433888): rows int->{float,double,ldouble}, uint->{...}, float->{int,uint}, float->{double,ldouble}, double->{int,uint,float}, double->{ldouble}, ldouble->{int,uint,float,double}. low 16 bits = folder status (0 ok, 1 invalid/NaN, 2 overflow, 3 underflow, 4 float divide by zero, 5 inexact, 6 integer divide by zero); upper half garbage (ret4 class)
00427f00	convert_ldouble_to_uint	void convert_ldouble_to_uint(unsigned int *src, unsigned int *dst)	calls convert_ldouble_to_int; conversion table (stock .data 0x433888): rows int->{float,double,ldouble}, uint->{...}, float->{int,uint}, float->{double,ldouble}, double->{int,uint,float}, double->{ldouble}, ldouble->{int,uint,float,double}
00427f20	convert_float_to_double	unsigned int convert_float_to_double(unsigned int *src, unsigned int *dst)	exponent + 0x380, mantissa split 3/29 bits, pack_round_double; conversion table (stock .data 0x433888): rows int->{float,double,ldouble}, uint->{...}, float->{int,uint}, float->{double,ldouble}, double->{int,uint,float}, double->{ldouble}, ldouble->{int,uint,float,double}. low 16 bits = folder status (0 ok, 1 invalid/NaN, 2 overflow, 3 underflow, 4 float divide by zero, 5 inexact, 6 integer divide by zero); upper half garbage (ret4 class)
00428020	convert_float_to_ldouble	unsigned int convert_float_to_ldouble(unsigned int *src, unsigned int *dst)	exponent + 0x3f80, 3-word result (packed by 004292a0); conversion table (stock .data 0x433888): rows int->{float,double,ldouble}, uint->{...}, float->{int,uint}, float->{double,ldouble}, double->{int,uint,float}, double->{ldouble}, ldouble->{int,uint,float,double}. low 16 bits = folder status (0 ok, 1 invalid/NaN, 2 overflow, 3 underflow, 4 float divide by zero, 5 inexact, 6 integer divide by zero); upper half garbage (ret4 class)
00428120	convert_double_to_float	unsigned int convert_double_to_float(unsigned int *src, unsigned int *dst)	exponent - 0x380, pack_round_float; conversion table (stock .data 0x433888): rows int->{float,double,ldouble}, uint->{...}, float->{int,uint}, float->{double,ldouble}, double->{int,uint,float}, double->{ldouble}, ldouble->{int,uint,float,double}. low 16 bits = folder status (0 ok, 1 invalid/NaN, 2 overflow, 3 underflow, 4 float divide by zero, 5 inexact, 6 integer divide by zero); upper half garbage (ret4 class)
00428200	convert_double_to_ldouble	unsigned int convert_double_to_ldouble(unsigned int *src, unsigned int *dst)	exponent + 0x3c00, mantissa shifted left 11; conversion table (stock .data 0x433888): rows int->{float,double,ldouble}, uint->{...}, float->{int,uint}, float->{double,ldouble}, double->{int,uint,float}, double->{ldouble}, ldouble->{int,uint,float,double}. low 16 bits = folder status (0 ok, 1 invalid/NaN, 2 overflow, 3 underflow, 4 float divide by zero, 5 inexact, 6 integer divide by zero); upper half garbage (ret4 class)
00428320	convert_ldouble_to_float	unsigned int convert_ldouble_to_float(unsigned int *src, unsigned int *dst)	exponent + 0xc080 (- 0x3f80), mantissa shifted 24 with a sticky bit; conversion table (stock .data 0x433888): rows int->{float,double,ldouble}, uint->{...}, float->{int,uint}, float->{double,ldouble}, double->{int,uint,float}, double->{ldouble}, ldouble->{int,uint,float,double}. low 16 bits = folder status (0 ok, 1 invalid/NaN, 2 overflow, 3 underflow, 4 float divide by zero, 5 inexact, 6 integer divide by zero); upper half garbage (ret4 class)
00428430	convert_ldouble_to_double	unsigned int convert_ldouble_to_double(unsigned int *src, unsigned int *dst)	exponent + 0xc400 (- 0x3c00), mantissa shifted 21; conversion table (stock .data 0x433888): rows int->{float,double,ldouble}, uint->{...}, float->{int,uint}, float->{double,ldouble}, double->{int,uint,float}, double->{ldouble}, ldouble->{int,uint,float,double}. low 16 bits = folder status (0 ok, 1 invalid/NaN, 2 overflow, 3 underflow, 4 float divide by zero, 5 inexact, 6 integer divide by zero); upper half garbage (ret4 class)
00428540	fold_neg_float	unsigned int fold_neg_float(unsigned int *operand, unsigned int *result)	flips the sign bit; a NaN gives 0x7f800001 and status 1; unary minus row, float column. low 16 bits = folder status (0 ok, 1 invalid/NaN, 2 overflow, 3 underflow, 4 float divide by zero, 5 inexact, 6 integer divide by zero); upper half garbage (ret4 class)
00428580	fold_lnot_float	int fold_lnot_float(unsigned int *operand, int *result)	*result = (value is +-0.0); logical-not row, float column. low 16 bits = folder status (0 ok, 1 invalid/NaN, 2 overflow, 3 underflow, 4 float divide by zero, 5 inexact, 6 integer divide by zero); upper half garbage (ret4 class)
004285b0	fold_neg_double	unsigned int fold_neg_double(unsigned int *operand, unsigned int *result)	flips the sign; NaN gives 0x7ff00000:00000001 and status 1; unary minus row, double column. low 16 bits = folder status (0 ok, 1 invalid/NaN, 2 overflow, 3 underflow, 4 float divide by zero, 5 inexact, 6 integer divide by zero); upper half garbage (ret4 class)
00428600	fold_lnot_double	unsigned int fold_lnot_double(unsigned int *operand, int *result)	*result = (value is +-0.0); logical-not row, double column. low 16 bits = folder status (0 ok, 1 invalid/NaN, 2 overflow, 3 underflow, 4 float divide by zero, 5 inexact, 6 integer divide by zero); upper half garbage (ret4 class)
00428630	fold_neg_ldouble	unsigned int fold_neg_ldouble(unsigned int *operand, unsigned int *result)	flips the sign of a 3-word value; NaN gives 0x7fff0000:80000000:1 and status 1; unary minus row, long double column. low 16 bits = folder status (0 ok, 1 invalid/NaN, 2 overflow, 3 underflow, 4 float divide by zero, 5 inexact, 6 integer divide by zero); upper half garbage (ret4 class)
00428690	fold_lnot_ldouble	unsigned int fold_lnot_ldouble(unsigned int *operand, int *result)	*result = (3-word value is +-0); logical-not row, long double column. low 16 bits = folder status (0 ok, 1 invalid/NaN, 2 overflow, 3 underflow, 4 float divide by zero, 5 inexact, 6 integer divide by zero); upper half garbage (ret4 class)
004286d0	write_error_record	int write_error_record(char *file_name, int line, int errcode, char *text)	appends a message record to the error file (name at options+0x60, fopen mode "ab"): short code, 4-byte line, short 0, short file number (file_name looked up by strcmp in the list at options+0xec: {next, number, name}), byte length + text (max 0xff, a 0 byte when text is NULL). code/1000 selects the counter: 2/6 options+0xcc, 1/5 options+0xc8, 0 options+0x160; only written when code >= 1000, options+0x124 & 8 or options+0x14a == 1. I/O failures call fatal_error_exit(0xce4 open, 0xce7 write, 0xce5 close). Callers: 004197a0 (the FUN_00419760 report path), the .int readers 004239b0..00424b00, the temp-file helpers
00428940	fatal_error_exit	int fatal_error_exit(int errcode)	prints "\n  " <options+0 (source file name)> "(0) : " <code as %d> " " to stderr (0x4360e8 = _iob[2]); 4xxx adds "Internal error\n", 3xxx a message from the pointer table at 0x432bf0 + code*4; then remove_temp_files and exit((5 or 4 | 0x10)*2 + 1). Caller: write_error_record when the error file itself fails
00428a20	copy_file_basename	unsigned int copy_file_basename(char *dst, char *path)	copies the part of path after the last \ : or / into dst; low 16 bits 1 when path has no directory part, 0 when it has one, -1 (0xffff) when either pointer is NULL. Caller 00419800 (name of a file number, for error records)
00428a70	find_basename_offset	int find_basename_offset(char *path)	index just past the last \ : or / (0 when there is none). Caller copy_file_basename
00428aa0	copy_string	int copy_string(char *dst, char *src)	strcpy with a short index; returns 0. Caller copy_file_basename
00428ad0	find_keyed_offset	int find_keyed_offset(char *options, int key, int *value)	walks the list at options+0xc0 (entries {next, key, value}) for key; stores value and returns 1, else 0 (also 0 when options is NULL). Caller 0041ec30 passes DAT_00450714 (the options record) and a number, then fseeks (00429920) the input file DAT_00450734 to *value: the file offset of that entry
00428b10	get_env_directory	char *get_env_directory(char *var_name, int *ok)	getenv(var_name) copied into the 0x75-byte buffer 0x43fc30 with a backslash appended; an empty value gives ""; NULL when unset (ok stays 1) or longer than 0x74 chars (ok = 0). Caller make_temp_file_name with the SHC_TMP / SHCPP_TMP name
00428bd0	select_env_var_names	void select_env_var_names(int is_cpp)	sets the environment variable name globals 0x459310..0x459324 to SHC_INC / SHC_TMP / SHC_LIB (is_cpp 0) or SHCPP_INC / SHCPP_TMP / SHCPP_LIB. Caller 004239b0 with options+0x144 != 0
00428c40	open_temp_file	FILE *open_temp_file(void)	make_temp_file_name + ".tmp", fopen "wb+", records {name, FILE *} in the 8-entry table 0x43fcb8 (count 0x43fcb4); returns 0 when 8 are open; failures report 0xbcd / 0xce4 (write_error_record) and exit(9). Caller 004248c0 (stores it in DAT_0045932c). Ghidra returns int; the value is the FILE *
00428d70	remove_temp_files	void remove_temp_files(void)	fcloses and unlinks every file of the temp table, frees the names, count = 0; failures report 0xce5 / 0xce8 and exit(9). Callers 00425400, fatal_error_exit
00428e10	make_temp_file_name	char *make_temp_file_name(void)	sprintf("%s%d.%d", <get_env_directory(SHC_TMP name) or "">, |GetCurrentProcessId()|, counter++) into a malloc'd buffer sized from tmpnam(NULL); a too-long variable reports 0xcf9 and exits; returns the buffer (also kept in 0x43603c). Caller open_temp_file
00428f30	unpack_float	int unpack_float(unsigned int *value, unsigned int *sign, unsigned short *exponent, unsigned int *mantissa, int *fp_class)	splits an IEEE single into sign bit, biased exponent and mantissa with the hidden bit 0x800000; class 0 normal, 1 zero, 2 infinity, 3 NaN; a denormal is normalised (exponent counting down from 1) unless options+0x37 bit 0 (flush to zero: class 1). The return value is garbage (convert_float_to_int reads only its upper half)
00429020	unpack_double	unsigned int unpack_double(unsigned int *value, unsigned int *sign, unsigned short *exponent, unsigned int *mantissa, int *fp_class)	splits a 2-word IEEE double (high word first) into sign, 11-bit exponent and a 2-word mantissa with hidden bit 0x100000; classes as unpack_float; a denormal is flushed when options+0x18 == 4 and options+0x37 bit 0, else normalised. Also used by every long double folder/conversion
00429140	pack_round_float	unsigned int pack_round_float(unsigned int sign, short exponent, unsigned int *mantissa, unsigned int *result)	normalises a 2-word mantissa to bit 23, denormalises below exponent 1 with a sticky bit, rounds (round_float_mantissa) and builds the IEEE single; status 2 overflow (exponent >= 0xff -> infinity), 3 underflow (zero from a nonzero value); flush to 0 when options+0x37 bit 0. Low 16 bits = status
004292a0	pack_round_double	int pack_round_double(unsigned int sign, short exponent, unsigned int *mantissa, unsigned int *result)	pack_round_float for doubles: a 3-word mantissa normalised to bit 20 (0x100000) of word 0, round_double_mantissa, status 2 overflow (exponent 0x7ff), 3 underflow; writes 2 words. Also used by the long double paths. Low 16 bits = status
00429460	round_float_mantissa	void round_float_mantissa(short *exponent, unsigned int *mantissa)	round to nearest even on the guard word mantissa[1] unless options+0x37 bit 1 (chop); a carry into bit 24 shifts right and bumps *exponent. Caller pack_round_float
004294a0	round_double_mantissa	void round_double_mantissa(short *exponent, unsigned int *mantissa)	round to nearest even on mantissa[2] (carry through [1] into [0]; a carry into bit 21 shifts right and bumps *exponent); skipped when options+0x18 == 4 and options+0x37 bit 1. Caller pack_round_double
00429500	add_multiword	void add_multiword(unsigned int *dst, unsigned int *src, int nwords)	dst += src over nwords 32-bit words stored most significant first (the carry runs from the last word to the first). Callers: the add/mul folders. Ghidra types dst/src as int (4 bytes)
00429540	sub_multiword	void sub_multiword(unsigned int *dst, unsigned int *src, int nwords)	dst -= src over nwords words, most significant first, with borrow. Callers: add/div folders
00429590	compare_multiword	int compare_multiword(unsigned int *a, unsigned int *b, int nwords)	signed compare of two nwords-word numbers (most significant first); low 16 bits 1 / 0 / -1 (0xffff). When both are negative they are masked and negated temporarily, then restored from a stack copy (the fall-through case returns an uninitialised short, unreachable). Callers: div folders 00426d50/00427660, 004256b0/004258b0/00425ae0
004296b0	negate_multiword	void negate_multiword(unsigned int *value, int nwords)	two's complement negation in place of an nwords-word number (most significant first). Callers: the add folders, compare_multiword
004296f0	stock_ftell		[crt] ftell (shim)
00429920	stock_fseek		[crt] fseek (shim)
00429a70	stock_exit	void stock_exit(unsigned int errcode)	statically linked VC6 CRT exit: doexit(code, 0, 0)
00429ab0	stock_doexit	void stock_doexit(unsigned int errcode, int quick, int retcaller)	statically linked VC6 CRT doexit: sets _C_Exit_Done (0x4360a4) / _exitflag (0x4360a0), runs the atexit table (0x45a464..0x45a460) backwards and the __xp/__xt terminator tables through _initterm, ExitProcess unless retcaller
00429b30	stock_initterm	void stock_initterm(void *begin, void *end)	statically linked VC6 CRT _initterm: calls each non-NULL function pointer in [begin, end)
00429ce0	stock_fopen	FILE *stock_fopen(char *name, char *mode)	statically linked VC6 CRT fopen = _fsopen(name, mode, _SH_DENYNO 0x40). Ghidra's signature returns undefined, every caller uses EAX as the FILE * (lead: FILE * or keep void)
0042a0b0	stock_strncpy	char *stock_strncpy(char *dst, char *src, int count)	statically linked VC6 CRT strncpy (copies, then zero-pads)
0042a0e0	stock_calloc	void *stock_calloc(int count, int size)	statically linked VC6 CRT calloc: HeapAlloc(_crtheap, HEAP_ZERO_MEMORY, count*size) with _callnewh retry when _newmode
0042a140	stock_flsbuf		[crt] _flsbuf (shim)
0042a290	stock_free	int stock_free(void *ptr)	statically linked VC6 CRT free: HeapFree(_crtheap, 0, ptr) when not NULL
0042a2b0	stock_realloc	void *stock_realloc(void *ptr, unsigned int size)	statically linked VC6 CRT realloc: NULL -> malloc, size 0 -> free, else HeapReAlloc with new-handler retry
0042a320	stock_malloc	void *stock_malloc(unsigned int size)	statically linked VC6 CRT malloc = _nh_malloc(size, _newmode 0x4368dc). Ghidra returns undefined; callers use EAX as the pointer
0042a340	stock_nh_malloc	int stock_nh_malloc(unsigned int size, int nhflag)	statically linked VC6 CRT _nh_malloc: _heap_alloc with _callnewh retry
0042a380	stock_heap_alloc	void *stock_heap_alloc(unsigned int size)	statically linked VC6 CRT _heap_alloc: HeapAlloc(_crtheap, 0, size). Ghidra returns undefined; _nh_malloc uses EAX
0042a4b0	stock_amsg_exit	void stock_amsg_exit(int msg)	statically linked VC6 CRT _amsg_exit (FID match): _FF_MSGBANNER, _NMSG_WRITE, _exit(255)
0042a910	stock_fwrite_lk		[crt] _fwrite_lk (shim)
0042ad60	stock_getenv	char *stock_getenv(char *name)	statically linked VC6 CRT getenv (FID conflict _getenv / __getenv_lk; the single-threaded CRT has this body in getenv). Caller get_env_directory
0042b5e0	stock_strncnt	unsigned int stock_strncnt(char *str, unsigned int count)	statically linked VC6 CRT _strncnt (FID match)
0042d030	stock_callnewh	int stock_callnewh(unsigned int size)	statically linked VC6 CRT _callnewh: calls _pnhHeap (0x43fd14) when set, 1 when it returns nonzero
0042d890	stock_NMSG_WRITE	void stock_NMSG_WRITE(int msg)	statically linked VC6 CRT _NMSG_WRITE: looks msg up in the runtime error message table 0x436bd8, writes it to the stderr handle, or builds "Runtime Error!\n\nProgram: ..." for a message box
0042dde0	stock_dosmaperr	void stock_dosmaperr(unsigned int oserr)	statically linked VC6 CRT _dosmaperr: _doserrno = oserr, errno from the table 0x436cc8 (13 for 19..36, 8 for 188..202, else 22)
0042de50	stock_mbsnbicoll	int stock_mbsnbicoll(unsigned char *s1, unsigned char *s2, unsigned int count)	statically linked VC6 CRT _mbsnbicoll (FID match)
0042de90	stock_wtomb_environ	int stock_wtomb_environ(void)	statically linked VC6 CRT __wtomb_environ (FID match)
0042df70	stock_strdup	char *stock_strdup(char *src)	statically linked VC6 CRT _strdup (FID match)
0042f800	stock_crtCompareStringA	unsigned int stock_crtCompareStringA(unsigned int locale, unsigned int flags, unsigned char *s1, unsigned int len1, unsigned char *s2, unsigned int len2, unsigned int code_page)	statically linked VC6 CRT __crtCompareStringA: probes CompareStringA/W once (0x436ef8), _strncnt the lengths, otherwise MultiByteToWideChar + CompareStringW
0042fb20	stock_crtsetenv	int stock_crtsetenv(unsigned char *option, int primary)	statically linked VC6 CRT __crtsetenv: puts "NAME=value" into _environ (copy_environ on the first change, findenv, realloc), updates the wide environment when primary
0042fd70	stock_findenv	int stock_findenv(unsigned char *name, unsigned int len)	statically linked VC6 CRT findenv (FID match)
0042fdd0	stock_copy_environ	char **stock_copy_environ(char **env)	statically linked VC6 CRT copy_environ (FID match)
0042fe50	stock_strlen	unsigned int stock_strlen(char *str)	statically linked VC6 CRT strlen (word-at-a-time 0x7efefeff scan of strlen.asm). Ghidra returns char *; the value is the length (4 bytes either way)
0042fed0	stock_strcpy	char *stock_strcpy(char *dst, char *src)	statically linked VC6 CRT strcpy (FID conflict _mbscpy / strcpy; the word-at-a-time copy is strcat.asm's strcpy)
00430ea0	stock_mbschr	unsigned char *stock_mbschr(unsigned char *str, unsigned int ch)	statically linked VC6 CRT _mbschr (FID match); the single-byte code page path calls stock_strchr
00430fb0	stock_alloca_probe		[crt] _alloca_probe (shim)
00431310	stock_strchr	char *stock_strchr(char *str, char ch)	statically linked VC6 CRT strchr: byte loop returning the address of ch (the terminator for ch 0) or NULL; called from _mbschr's non-MBCS path as VC6 strchr is
00431330	stock_remove	int stock_remove(char *path)	statically linked VC6 CRT remove: DeleteFileA; on failure _dosmaperr(GetLastError()) and -1, else 0
00431360	stock_unlink	int stock_unlink(char *path)	statically linked VC6 CRT _unlink = remove(path). Ghidra returns undefined; remove_temp_files tests EAX
