# address	name	signature (C prototype; empty = Ghidra's)	note
00401000	optimize_flow_graph	void optimize_flow_graph(void)	Final pass over the flow graph, called from run_node_optimization_passes unless g_stage_flags & 0x400. Builds blocks (build_flow_blocks) and edges (link_flow_block_targets_and_preds), simplifies every block (simplify_flow_block, freeing those it unlinks), recomputes flags/register masks (scan_flow_block_records(..,1)), then per block: remove_target_prefix_executed_by_preds when it has preds, simplify again, delete_repeated_r0_constant_loads when defs[0] & g_reg_mask_table[0] (r0); finally free_flow_block(NULL). Runs only if g_current_node_list != 0 or DAT_00429bec == 0 (DAT_00429bec: set 1 by FUN_0040ea50, 0 by optimize_current_node_list).
00401100	free_flow_block	void free_flow_block(flow_block *block)	block != NULL: frees its pred edges (8 bytes each, FUN_00407c30), its code nodes (free_node_list) and the 0x28-byte block. block == NULL: frees every block of g_flow_blocks with its edges but NOT the code, and clears g_flow_blocks. Callers: optimize_flow_graph, build_flow_blocks, unlink_unreferenced_flow_block, simplify_flow_block, next/prev_flow_block_dropping_empty.
00401190	build_flow_blocks	char build_flow_blocks(void)	Allocates one 0x28-byte flow_block (FUN_00407a20(0x28)) per code block of g_current_node_list, linked next/prev, head in g_flow_blocks; a block starting with CLABEL/FLABEL gets a dummy pred edge (FUN_00407a20(8), block NULL: entered from outside). After a block with a branch target that ends in an unconditional transfer (flags & 1), unlabeled code blocks are dead: their records are deleted (FUN_00407d80 = delcode) up to an end record (op 0x10); wholly dead blocks have their target label's reference count dropped (FUN_00407f00) and are freed (free_node_list). Calls scan_flow_block_records(block,0) per block. Returns 1, 0 on allocation failure; only caller optimize_flow_graph tests the low byte. (Ghidra currently types the flow blocks here as code_node *.)
00401340	scan_flow_block_records	void scan_flow_block_records(flow_block *block, char compute_regs)	Walks every psd of the block's nodes: deletes ADD #0 (op 0x60, EAIMM, disp 0, no labels); sets block->flags (8 end record op 0x10, 0x20 CASEJMP, 0x10 LABEL..FLABEL / cleared by any other record, 2 EXIT, 1 EXIT/RETURN/JUMP/BRA/JMP, 4 CALL, 0x40 volatile operand via FUN_004080d0). compute_regs != 0: clears and recomputes live_in[2] / defs[2] from each record's use/def masks (FUN_0040fb20). Callers: build_flow_blocks (0); optimize_flow_graph, remove_target_prefix_executed_by_preds, delete_repeated_r0_constant_loads, propagate_r0_constant_to_successors (1).
004015b0	link_flow_block_targets_and_preds	char link_flow_block_targets_and_preds(void)	For each block (stepping with next_flow_block_dropping_empty): sets block->target to the block whose code->labno == code->target_labno and adds a flow_edge (FUN_00407a20(8)) for it to the target's preds (no duplicates); for a block with a CASEJMP (flags 0x20) it reads the CASEJMP psd's +0x0e short as a label number and gives the block with that label a dummy edge (block NULL). Returns 1, 0 on allocation failure; only caller optimize_flow_graph tests the low byte.
004016f0	collect_pred_blocks_back_to_origin	int collect_pred_blocks_back_to_origin(flow_block *origin, flow_block *block, flow_block **out, int max)	Zeroes out[0..max-1] then fills it with the backward closure of block's predecessors (fall-through prev when it does not end in an unconditional transfer, plus pred edges), stopping at origin (not stored). Returns the count when the closure is complete and origin was reached, 0 when origin is the only predecessor, -1 when a path reaches the first block or an external entry (NULL edge block), origin is never reached, or more than max blocks are needed. Only caller propagate_r0_constant_to_successors (max 10, local array of 10).
00401930	unlink_unreferenced_flow_block	char unlink_unreferenced_flow_block(flow_block *block)	Requires block->prev, no preds and no end record (flags & 8). Removes block's edge from its target's preds (freeing it), drops the target label's reference count (FUN_00407f00), clears block->target; if the target now has no preds, simplifies it with simplify_flow_block (freeing it while it reports unlinked). Then unlinks block from the block list and the code-block chain (prev->code->next_block = block->code->next_block). Returns 1 when unlinked (caller frees it). Callers simplify_flow_block, next/prev_flow_block_dropping_empty all test the low byte.
00401a10	simplify_flow_block	char simplify_flow_block(flow_block *block)	Branch clean-up around one block: (1) deletes branches of the preceding block to this block (retarget_block_branch(prev,NULL,0,NULL)); (2) bt+bra -> bf fusion: when the block before prev conditionally branches here and prev is only a branch to T (find_first_branch_record_in_node_chain, FUN_00409760 finds nothing before it), flips its JUMPT/JUMPF, retargets it to T, moves T's pred edge to it and unlinks prev; (3) a block without preds is unlinked when unreachable (prev ends in an unconditional transfer) or label-only, else its label record is deleted and labno cleared; (4) branch chaining: preds of a label-only block, or of a block "label: JUMP X" (next record op 0x24 via FUN_004095e0), are moved to the next block / X (append_pred_edges, retarget_block_branch per pred, FUN_00407fe0 label ref++). Returns 1 when block was unlinked and must be freed; callers optimize_flow_graph, unlink_unreferenced_flow_block and itself test the low byte.
00401ce0	retarget_block_branch	char retarget_block_branch(flow_block *block, psd *branch, short labno, flow_block *target)	branch NULL = find_first_branch_record_in_node_chain(block->code). Requires code->target_labno != 0; branch must be JUMP/JUMPT/JUMPF/RETURN/BF/BT/BRA/BSR/BT_S/BF_S and target's label must equal labno (target NULL requires labno 0). Removes block from its old target's preds (unlink_from_target_preds) and if removed drops that label's reference count (FUN_00407f00); labno 0 deletes the branch record and clears block flags bit 1, else writes labno into branch->ea1->labels->labno1. Sets code->target_labno = labno and block->target = target; does not add the new pred edge. Returns 1 on success; callers simplify_flow_block, remove_target_prefix_executed_by_preds test the low byte.
00401dd0	unlink_from_target_preds	char unlink_from_target_preds(flow_block *block)	Removes the edge naming block from block->target->preds (requires target and code->target_labno). Does not free the edge. Returns 1 when removed; only caller retarget_block_branch tests the low byte.
00401e30	append_pred_edges	char append_pred_edges(flow_block *block, flow_edge *edges)	Appends the edge list to block->preds (block must have a label; empty preds takes the list as is) unless an existing edge already names edges->block. Returns 1 when appended; callers simplify_flow_block, remove_target_prefix_executed_by_preds (ignore the result / test the low byte).
00401e90	next_flow_block_dropping_empty	flow_block *next_flow_block_dropping_empty(flow_block *block)	Returns block->next after unlinking and freeing (unlink_unreferenced_flow_block + free_flow_block) following blocks that have no label, no branch target, flags 0 and only DUMMY/LINE/BBGN/BEND records. Callers link_flow_block_targets_and_preds, remove_target_prefix_executed_by_preds.
00401f20	prev_flow_block_dropping_empty	flow_block *prev_flow_block_dropping_empty(flow_block *block)	Mirror of next_flow_block_dropping_empty on block->prev. Only caller simplify_flow_block.
00401fb0	remove_target_prefix_executed_by_preds	void remove_target_prefix_executed_by_preds(flow_block *block)	For a block starting with LABEL/CLABEL/DLABEL followed by a real record, compares its leading records with each predecessor's (match_leading_records). Sole predecessor that is the previous block and ran the same records (result 1, delete_matched_target_prefix succeeds): the block's copies are deleted and the block rescanned. Predecessor that fully duplicates the block (result 2): its branch is retargeted to the block's target (retarget_block_branch with match_end[1], append_pred_edges, FUN_00407fe0). Similar retargeting of a pred-less fall-through predecessor to the next / next-next block's target when FUN_00410cb0 matches and the g_match_* register masks do not conflict. Only caller optimize_flow_graph (blocks with preds).
004024f0	match_leading_records	char match_leading_records(code_node *node, psd *rec, code_node *other, psd **match_end)	Compares code's record sequence from rec with other's from its first real record (skipping DUMMY/BBGN/BEND/LINE) through FUN_00410cb0, which writes the first unmatched record of each side to match_end[0]/[1] and the matched part's register masks to g_match_use_lo/hi and g_match_def_lo/hi. Returns FUN_00410cb0's result (0/1/2), or -1 (0xff) when a register is both set and read-before-set in the matched part; only caller remove_target_prefix_executed_by_preds tests the low byte against -1/1/2. match_end is a 2-pointer pair (caller locals local_20/local_1c).
00402580	delete_matched_target_prefix	char delete_matched_target_prefix(code_node *target, code_node *pred, psd **match_end)	Checks that the predecessor's records from match_end[1] on contain no CASEJMP and touch no register the matched part sets or reads (FUN_0040fb20 against the saved g_match_def/use masks), and that target's records before match_end[0] are not volatile (FUN_004080d0) and reach match_end[0]; then deletes those leading target records (delcode). Returns 1 when deleted; only caller remove_target_prefix_executed_by_preds tests the low byte.
00402770	delete_repeated_r0_constant_loads	void delete_repeated_r0_constant_loads(flow_block *block)	Within the block, tracks the last MOVI #imm,R0 (ea2->base 0) and deletes a later MOVI of the same value (FUN_00409840) unless FUN_00409ad0, a bare-immediate MOVI with nothing after it, or volatile; a record setting r0 (g_reg_mask_table[0]) resets the tracking. If a MOVI to r0 is live at the end: rescans the block if anything was deleted, sets flags2 |= 1 and calls propagate_r0_constant_to_successors(block, block, movi), then clears flags2 bits 0..2 of every block. Called from optimize_flow_graph when the block's defs include r0.
004028f0	propagate_r0_constant_to_successors	void propagate_r0_constant_to_successors(flow_block *origin, flow_block *block, psd *movi)	For each successor of block (fall-through next unless it ends in an unconditional transfer, and target) not yet visited (flags2 1): deletes its MOVI #same,R0 loads before r0 is otherwise set when every path into it carries the constant (collect_pred_blocks_back_to_origin(origin, succ, out, 10), and no region block sets r0 otherwise), also deleting the matching loads in the region blocks; flags2 1 visited / 2 r0 set otherwise / 4 loads deleted; rescans changed blocks and recurses. Callers delete_repeated_r0_constant_loads and itself.
00402de0	fold_add_immediates	void fold_add_immediates(code_node *node)	orig: imadd ("imadd start! nodeptr", "imadd end"). For ADD #imm,Rn (no labels, not volatile): finds a later ADD #imm,Rn with no intervening use/set of Rn (FUN_00408b10, FUN_00408120), CASEJMP, or call that clobbers Rn (g_current_request +0x149/+0x150 register conventions), puts the sum into the later one when it fits in -128..127 and deletes the first. For r15 the partner comes from find_next_stack_adjust (FUN_00403b10 adjusts what is between); at EXIT the value folds into the current aux record's +0x24 (g_aux_record_table[g_current_aux_index]). Caller run_node_optimization_passes.
00403200	fuse_and_imm_with_zero_test	void fuse_and_imm_with_zero_test(psd *test, psd *prev)	Caller run_node_optimization_passes passes a CMP/EQ or TST record and the previous real record (FUN_00409760) when that is op 0x80 (AND). If prev is AND #imm,R0 and test is TST R0,R0 or CMP/EQ #0,R0: deletes test and turns prev into TST #imm,R0 (debug trace "TST code").
00403300	derive_constant_loads_from_previous	void derive_constant_loads_from_previous(code_node *node)	orig: labld ("labld start! nodeptr", "labld end"). For MOVI #imm (or a single label) to Rn, scans forward until Rn is used/set, a CASEJMP, or a call that clobbers Rn: a later MOVI whose value (same label) differs by -128..127 becomes ADD #diff,Rn when it loads Rn, else MOV Rn,Rm followed by an inserted ADD #diff,Rm (allocating a new 0x178 node, FUN_0040d8a0(0x178), and shifting records when the node is full). Caller run_node_optimization_passes.
004038f0	find_node_containing_record	code_node *find_node_containing_record(code_node *node, psd *rec)	orig: cnode ("cnode start! psdtbl"). Returns the node of the chain from node whose psd[15] array contains rec, NULL if none. Callers derive_constant_loads_from_previous, FUN_00404bd0, FUN_004059d0.
00403950	find_next_stack_adjust	psd *find_next_stack_adjust(code_node *node, psd *rec)	rec is ADD #imm,R15. Returns the next non-volatile ADD #imm,R15 (or a non-volatile EXIT) after it into which rec can be folded: NULL when a record between uses/sets r15 (FUN_00408120, FUN_00408b10) or a call intervenes unless both adjustments are positive, or when psd flg bits 8/0x20 of rec/partner with the adjustment signs forbid it (EXIT uses the aux record's +0 + +0x24 as its adjustment). Only caller fold_add_immediates.
00403b10	merge_sp_add_flags	void merge_sp_add_flags(psd *from, psd *into)	only caller 00402de0, when it folds two ADD #imm records on r15 (base 0x0f) whose sum fits 8 bits: into->flg |= from->flg & 0x20; sets into->flg bit 8 when the two immediates (ea1->disp) have opposite signs; into->flg |= from->flg & 8
00403b60	fold_decrement_test_into_dt	void fold_decrement_test_into_dt(code_node *node, psd *test)	caller run_node_optimization_passes (0040bb90) when request+0x18 != 0 and a JUMPT/JUMPF follows CMP/EQ or TST. test = CMP/EQ #0,Rn, CMP/PL Rn or TST Rn,Rn; prefind (00409760) gets the previous record; if it is ADD #-1,Rn on the same register, calls convert_test_to_dt
00403c70	convert_test_to_dt	void convert_test_to_dt(psd *test, psd *add)	test->op = DT (0x8a), test->ea1 = cpyea(add->ea2) (00414410), frees test->ea2 (0040f6e0) and clears it, deletes the ADD #-1 record (delcode 00407d80)
00403cc0	delete_redundant_extensions	void delete_redundant_extensions(code_node *node)	called by load_next_code_node on a loaded block (after-load clean-up). For each MOV.B/MOV.W load from memory (@Rn, @(disp,Rn) .. @(R0,GBR); not @-Rn/@Rn+, not volatile per opvolchk 004080d0 or ea flag 0x80) or EXTS/EXTU: walks forward (cnext 004095e0) to an EXTS (after a load/EXTS) or EXTU (after EXTU) of the same size whose source equals the defined register (opeacmp 00409840); stops at a redefinition (regchgchk 00408120) or a CALL/JSR/BSR/TRAPA/BSRF. When the extension writes another register, renames it to the first destination up to its next overwrite (no_use_after_register_clobbered, find_register_overwrite, rename_register_until_redefined), refusing when the renamed register is r0 and a later record needs r0 (CMP/EQ #imm, TST #imm, @(R0,Rn), byte/word @(disp,Rn), GBR modes); then deletes the extension (delcode)
00403fd0	delete_extensions_before_narrow_stores	void delete_extensions_before_narrow_stores(code_node *node)	called by load_next_code_node on a loaded block. For each EXTS/EXTU Rm,Rn: finds a later MOV of the same size storing Rn to memory (ea2 @Rn/@(disp,Rn)..GBR modes, not volatile, not @-Rn/@Rn+); checks the records in between (refgchk 00408b10, regchgchk, calls via psd_overwrites_register/call_register_effect, r0 constraints as in delete_redundant_extensions, operand size of other uses of Rn); then store->ea1 = cpyea(ext->ea1) (stores Rm directly), renames later uses of Rn to Rm (rename_register_until_redefined) and deletes the extension
004044b0	rename_register_until_redefined	char rename_register_until_redefined(psd *rec, unsigned char from_reg, unsigned char to_reg)	if rec does not change from_reg (regchgchk): replaces base from_reg by to_reg in ea1 and ea2 where refgchk says the operand refers to it, returns 0. If rec changes from_reg: g_op_dest_operand[op]==2 -> renames in ea1 only; returns 1 (register redefined here, stop). Body returns CONCAT31(..,0/1); callers test only the low byte: 00403cc0, 00403fd0 (one call discards it), 00404750, 00404bd0
004045a0	no_use_after_register_clobbered	char no_use_after_register_clobbered(code_node *node, psd *start, unsigned char used_reg, unsigned char clobbered_reg)	walks from start; at each record that changes clobbered_reg (regchgchk) or is a call that affects it (call_register_effect != 0), looks at all following records of the block for a reference to used_reg (refgchk on ea1/ea2); returns 1 when none is found. Ghidra bool (1 byte). Callers 00403cc0, 00403fd0
00404690	defer_post_increments	void defer_post_increments(code_node *node)	called by load_next_code_node on a loaded block. For each MOV x,Rn (ea2 register) with psd.misc & 0x20 whose next record also has misc & 0x20: if x is memory tries defer_memory_post_increment; otherwise (or if that fails) next = MOVI -> defer_movi_add_after_copy, next = ADD -> defer_add_after_copy. misc 0x20 comes from the .sua (read_sua_pseudo_instruction keeps it for MOVI, read_sua_record_body keeps misc & 0xa0); the patterns handled are those of a post-increment (t = p; p += c; use t), so the flag is likely the code generator's post-increment mark (inference)
00404750	defer_add_after_copy	void defer_add_after_copy(code_node *node, psd *copy, int index)	copy = MOV Rm,Rn (index = its slot in node), next = ADD (misc 0x20). Finds the overwrite of Rn (find_register_overwrite) and the last record using Rn before Rm is referenced or changed; then renames Rn->Rm in the following records (rename_register_until_redefined) while shifting them up one slot (dc_cpycd 004140d0), puts the saved ADD after the last use and deletes the MOV: "MOV Rm,Rn; ADD #c,Rm; use Rn" -> "use Rm; ADD #c,Rm". Same r0 restrictions as delete_redundant_extensions; uses move_extension_and_shift_followers when an EXTS/EXTU of Rm is met
00404bd0	defer_movi_add_after_copy	void defer_movi_add_after_copy(code_node *node, psd *copy, int index)	as defer_add_after_copy for the three-record form MOV Rm,Rn; MOVI #c,Rk; ADD/SUB Rk,Rm (op 0x60 or 0x63 with misc 0x20; Rk = its ea1 base): saves the MOVI and the ADD/SUB in two local psd copies (initialised from g_empty_psd), renames Rn->Rm in the following records while shifting them up two slots, re-inserts MOVI and ADD/SUB after the last use and deletes the MOV. Uses 004038f0 (cnode: node holding a record) at the node boundary
004052e0	move_extension_and_shift_followers	psd *move_extension_and_shift_followers(code_node *node, psd *ext, psd *slot, int ext_index, int slot_index)	copies the EXTS/EXTU record ext into the free slot (dc_cpycd), then, if a later record refers to the extension's source before one refers to its destination, copies the records after ext down into the following slots up to that record; returns the next free slot. ext_index/slot_index = slot numbers (0..14) in their nodes. Callers defer_add_after_copy, defer_movi_add_after_copy
00405460	psd_overwrites_register	psd *psd_overwrites_register(psd *rec, unsigned char reg)	called on a record that changes reg; returns rec when the write is a pure overwrite, NULL when the old value is also read: NULL for CASEJMP, reg in an @-Rn/@Rn+ operand, a CALL to a runtime routine (label < 0xb7, tmp != reg) that reads reg (00408da0), read-modify-write ops on the destination per g_op_dest_operand (ADD..SUBV, AND/OR/XOR, SHAD, SHLD, XTRCT, 0xb8-0xbe, 0xcc, 0xd6, 0xd8; class-1 ops except 0xb3/0xb4), MOV_LOC to r0, op 0x2e, op 0x31 with an @Rn destination. Callers 00403fd0, 00404750, 00404bd0, 00405600, 00405a80
00405600	find_register_overwrite	psd *find_register_overwrite(code_node *node, psd *start, unsigned char reg, char call_mode, char *in_block)	walks from start (cnext): returns the first record that changes reg if it is a pure overwrite (psd_overwrites_register), or a CALL/JSR/BSR/BSRF that clobbers reg (call_register_effect == 1); returns NULL at a TRAPA, a non-overwriting change, a call that needs reg (-1), or the end of the block, where *in_block (optional, preset 1) is set 0. call_mode is passed on to call_register_effect. Callers 00403cc0, 00404750, 00404bd0, 00410f10, 00411610
004056d0	call_register_effect	char call_register_effect(psd *rec, unsigned char reg, int mode)	for CALL/JSR/BSR/BSRF/TRAPA (other ops return 0): 1 = the call clobbers reg (r0-r3, 0x10-0x13, 0x20, 0x22; with mode != 0 only if regchgchk agrees; a runtime routine CALL, label < 0xb7, that sets or reads reg per 00408400/00408da0), -1 (0xff) = the call needs reg / nothing may move across (argument registers 4-7 and the request+0x149 counted ranges from 0x14 and 0x24, 0x67/0x68, 100/0x65 unless request+0x36, registers in the callee mask request+0x150 after 00409b30(label), TRAPA with r0), 0 = preserved. Callers test ==1 / ==-1 / !=0: 00403fd0, 004045a0, 00404750, 00404bd0, 00405600, 004111b0, 00411930, 004120d0
004059d0	register_referenced_between	unsigned char register_referenced_between(code_node *node, psd *from, psd *to, unsigned char reg)	finds from's node (004038f0 cnode), walks the records after from up to to: returns nonzero if one refers to reg in ea1/ea2 (refgchk); at to itself only a non-immediate ea1 counts. Callers 00404750, 00404bd0, 00410f10, 00411610 (test ==0 / !=0)
00405a80	defer_memory_post_increment	char defer_memory_post_increment(code_node *node, psd *load, int index)	load = MOV mem,Rn (misc 0x20, index = its slot). Matches "MOV mem,Rn; ADD #c,Rn (or MOVI #c,Rk; ADD/SUB Rk,Rn); MOV Rn,mem (same size, address not using Rn); ADD #-c,Rn (or the opposite ADD/SUB Rk,Rn)", each misc 0x20, immediates without labels. Collects the address registers (00419060 into g_rec_regs_*), scans for the last use of Rn before a CALL, CASEJMP, barrier (004197b0), redefinition of an address register or of Rk; then moves the following records up over the increment, re-inserts MOVI/ADD/store after that use (0041a950 record copies) and deletes the leftover slot (delcode), dropping the compensating ADD. Returns 1 when transformed, 0 otherwise (CONCAT31); only caller 00404690 tests the low byte
004062b0	read_sua_record_body	unsigned int read_sua_record_body(FILE *in, psd *rec, unsigned char op)	caller 0040d470 (passes g_sua_input) for record classes 2-0xd. Stores in into g_sua_read_file and switches on g_sua_op_format[op]: reads 16/4/2/6/5/12/2 bytes into rec fields (+8..+0x17, +0xc.., +0x10, +4); class 8 = machine instruction (filno/linno, expno, flg & 0xe3, misc & 0xa0, then 0/1/2 operands via read_sua_operand); class 9 = read_sua_pseudo_instruction. Returns the byte count of the last read, 0xffffffff on error; fatal 0x131d/0x131e on a bad format
00406720	read_sua_bytes	unsigned int read_sua_bytes(char *buf, unsigned int count)	FUN_0041bff0(g_sua_read_file, buf, count) (fread wrapper); fatal 0xce6 when it returns -1. Callers: the .sua body readers in this slice (004062b0, 00406760, 00407220, 004075e0, 004077a0)
00406760	read_sua_pseudo_instruction	unsigned int read_sua_pseudo_instruction(psd *rec)	format class 9 of read_sua_record_body: reads the 8-byte common part (filno/linno to +0xc, expno to +8), then per op 0x22..0x31: RETURN/CALL/JUMP/JUMPT/JUMPF (read_sua_label_operand; CALL keeps misc & 0x80, tmp = a byte read), MOV_LOC (frame access: base 0x6c, EAIDREG or EADISP by disp, sptravel), MOVA_LC/MOVA_PC/MOVI/MOVA_FC/0x2c (immediate ea1 + register ea2, label refs via read_sua_label_refs; MOVI keeps misc & 0x20), 0x2e (reg,reg), 0x30/0x31 (@Rn+ / @Rn with register 0x60); allocates the ea records with alloc_zeroed(0xc); fatal 0x131f on other ops
00407220	read_sua_operand	unsigned int read_sua_operand(psd *rec, int which)	allocates an ea (alloc_zeroed 0xc) as rec->ea1 (which 1) or rec->ea2 (which 2), reads the type byte (low 5 bits + 0x80 flag) and the operand: register kinds (base byte; EACREGD +0x61, EASREGD +100), EADISP (base + 2-byte disp), EAINDEX (index/base nibbles), EAIDPC (disp, base 0x6b), EADSPGBR (4-byte disp, base 0x62, labels), EAIDXGBR (base 0x62), EAIMM (psd_operand_size_bytes bytes, sign extended by set_ea_disp_sign_extended, cut to a byte for AND/OR/XOR/TST/TRAPA, then labels via read_sua_label_refs). Fatal 0x1320 on an unknown kind
004075e0	read_sua_label_operand	unsigned int read_sua_label_operand(psd *rec)	reads a 2-byte label number, makes rec->ea1 an EAIMM ea with one label_ref (labno1 = that label). Caller read_sua_pseudo_instruction for RETURN/CALL/JUMP/JUMPT/JUMPF
00407690	psd_operand_size_bytes	int psd_operand_size_bytes(psd *rec)	flg & 3: 0 -> 1, 1 -> 2, 2 -> 4; fatal 0x1321 otherwise. Callers 00407220, 0040d9c0, 00415410, 00417700
004076f0	set_ea_disp_sign_extended	void set_ea_disp_sign_extended(short *value, ea *op, int size)	op->disp = the 1-, 2- or 4-byte little-endian value at value, sign extended; fatal 0x1322 for other sizes. Callers 00406760, 00407220
004077a0	read_sua_label_refs	void read_sua_label_refs(int count, ea *op)	reads count 2-byte label numbers and appends them to op->labels: a new label_ref (alloc_zeroed 8) takes labno1; if the last one has labno2 == 0 the next number fills labno2 (label differences); fatal 0x1323 on a short read
00407890	alloc_zeroed	void *alloc_zeroed(unsigned int size)	size-class allocator: size must be 1..0x400 and a multiple of 4; finds or adds the class in the g_alloc_class_tables list (blocks of 32 classes, malloc 0x108 via 0041e370), takes memory with alloc_from_chunks and zero-fills it; fatal 0xbcd on failure. Freed by 00407c30(ptr, size). Callers: the .sua readers, 00409d30, 0040b560, 004179a0, 00418e50
00407a20	try_alloc_zeroed	void *try_alloc_zeroed(unsigned int size)	same as alloc_zeroed but returns NULL without a fatal error. Callers 00401190 (0x28 flow_block, 8 flow_edge), 004015b0, 0040d8a0
00407b80	alloc_from_chunks	void *alloc_from_chunks(alloc_chunk **head, int size)	creates the first chunk (00407c00, malloc 0x414) if *head is NULL; per chunk: bump-allocates if cursor + size <= end, else pops its free list (free_count--); when none fits pushes a new chunk at the head. Callers alloc_zeroed, try_alloc_zeroed. head takes alloc_chunk ** from types_proposal.h; without the proposal use void **
00407c00	pool_new_chunk	alloc_chunk *pool_new_chunk(void)	Allocates a 0x414-byte pool_chunk (FUN_0041e370(0x414)): +0 next=0, +4 bump=chunk+0x14, +8 end=chunk+0x414, +0xc free list=0, +0x10 free count=0. RETURN: Ghidra's sig says void (undefined) but the only caller FUN_00407b80 uses EAX (iVar1 = FUN_00407c00(); *param_1 = iVar1) - lead must give it a pointer return or the rebuild breaks. Would return pool_chunk * (types_proposal.h).
00407c30	pool_free	void pool_free(void *ptr, int size)	Free a pooled block: walks the size-class directory g_pool_size_classes (DAT_00425318, 0x108-byte pool_class_block, 32 classes of 8 bytes) for the class whose size == size and passes that class's chunk-list head to pool_free_in_chunk_list; fatal 0x12e8 if no class. Counterpart of FUN_00407890/FUN_00407a20(size) (allocate). Callers pass 0x178 (code_node, free_node_list), 0x18 (psd), 8 (label_block_ref) etc.
00407cc0	pool_free_in_chunk_list	void pool_free_in_chunk_list(alloc_chunk **chunk_list, void *ptr, int size)	Finds the pool_chunk whose data range [end-0x400,end) holds ptr (fatal 0x12ea if none), fatal 0x12eb on double free (ptr already on the chunk's free list), pushes ptr on the free list (+0xc), increments the free count (+0x10); when the count reaches 0x400/size the chunk is unlinked and released with FUN_0041e3f0. chunk_list would take pool_chunk ** (types_proposal.h). Only caller pool_free.
00407d80	delete_psd_record	void delete_psd_record(psd *rec)	orig: delcode ("delcode start! current code pointer==", "delcode end! delete code pointer=="). Leaves LINE/SWBGN/SWEND/BBGN/BEND/0x10/0x11 records alone; for LABEL..FLABEL/CTBL/CENT clears expno and ea1/ea2 without freeing (ea1 holds the label number); otherwise frees ea1/ea2 with FUN_0040f6e0. Then op=0, flg=0, misc=0, tmp=0xff, sptravel=0, expno=0. 36 callers across all passes.
00407e70	release_label_refs_of_record	void release_label_refs_of_record(psd *rec, int mode)	orig: declab ("declab start!"). If rec's ea1 has a label list whose first labno1 != 0 and the op qualifies (mode 0: any op; mode 1: JUMP 0x24 only; mode 2: JUMP/JUMPT/JUMPF 0x24-0x26), calls decrement_label_ref_count for labno1 and (if nonzero) labno2 of every label_ref. Callers pass mode 0/1/2.
00407f00	decrement_label_ref_count	void decrement_label_ref_count(short labno)	Takes |labno|; for labno > 0xb6 looks it up in g_symbol_hash_table (DAT_00429d30, bucket labno % 0x3fd, chain +0x14, key +6) and decrements the symbol's reference count (+0x24) when its type (&0x1f) is 2 or 5, or 3/4 with the referenced flag (+1 & 0x20). Debug: "labno==", "labtype==", "decriment labno==", "reference count==" (printed through g_current_symbol). Numbers <= 0xb6 are runtime-routine symbols with no record. Callers: release_label_refs_of_record, expand_flagged_record_into_setup_nodes, FUN_004152f0, FUN_00401190, FUN_00401930, FUN_00401ce0.
00407fe0	increment_label_ref_count	void increment_label_ref_count(short labno)	orig: inclad ("inclad start! labno==", "incriment labno=="). Looks up the symbol record (sets g_current_symbol, DAT_0042ad4c) and, for types 2..5, increments the reference count (+0x24) and sets the referenced flag (+1 |= 0x20). Callers FUN_00401a10, FUN_00401fb0, rewrite_branch_target_chains, FUN_00413ce0.
004080d0	is_record_volatile	unsigned int is_record_volatile(psd *rec)	orig: opvolchk ("opvolchk start!", "opvolchk end! rc=="). Returns (rec->flg & 0x80) != 0. Callers pass psd records (delete_redundant_loads, delete_redundant_memory_loads, delete_store_load_pairs, ...).
00408120	record_changes_register	unsigned char record_changes_register(psd *rec, unsigned char reg)	orig: regchgchk ("regchgchk start!", "check register number==", "regchgchk end! rc=="). 0 for CTBL/CENT/LINE/BBGN/BEND/0x10/labels. Ops flagged in g_op_is_macro (DAT_00425520) go to macro_record_changes_register. Otherwise: an @-Rn/@Rn+ operand on reg (operand_uses_register) -> 1; a register-direct destination (operand index from g_op_dest_operand, DAT_00425320) that is reg -> 1; LDC/LDS/0xb5/0xdd/0xdf destinations of control/system EA kinds; MUL changes 0x65 (MACL), DT 0x61 (T), RTE 0x6b/0x61, BSR/JSR 0x66 (PR), every branch 0x90-0x9e 0x6b (PC). 22 callers incl. record_changes_operand.
00408400	macro_record_changes_register	char macro_record_changes_register(psd *rec, unsigned char reg)	orig: mcrrgchk ("mcrrgchk start!", "mcrrgchk end! rc=="). The macro/pseudo-op case of regchgchk: CASEJMP (r0/r1), ENTER (r0/r15), EXIT/RETURN (registers vs request+0x150 mask), CALL (runtime routine number <= 0xb6 -> per-routine table g_runtime_call_changes_r0 DAT_00425897 and fixed cases; otherwise the call's tmp register, PR 0x66, PC 0x6b), JUMP/JUMPT/JUMPF, 0x27-0x30 by the register masks of their operands (g_register_mask_table DAT_00425ff8). Callers record_changes_register, FUN_004056d0, FUN_004100a0, FUN_004162f0, FUN_004197b0.
00408b10	operand_uses_register	char operand_uses_register(psd *rec, unsigned char reg, char which)	orig: refgchk ("refgchk start!", "refgchk end! rc=="). which 1 = ea1, 2 = ea2 (else fatal 0x127a). Macro ops go to macro_record_references_register. Returns 1 if the operand's registers include reg: base (EA 1..6, 8, 9), index (9, 0xc), PC 0x6b for EA 10 (@(disp,PC)), GBR 0x62 for EA 0xb/0xc; 0 for #imm (7) and abs (0xd); op 0xcc with which==1 and reg 0x10/0x20/0x30 -> 1. Uses g_register_mask_table. 19 callers.
00408da0	macro_record_references_register	char macro_record_references_register(psd *rec, unsigned char reg)	orig: mcrrfchk ("mcrrfchk end! rc=="). Reference counterpart of macro_record_changes_register: CASEJMP r0/r1, ENTER r0/r15, EXIT/RETURN (request+0x149/+0x150 register settings), CALL (runtime routine tables g_runtime_call_reads_r0 DAT_0042571f / g_runtime_call_reads_r1 DAT_004257df, r4..r7 for routines 0x49/0x4a), MOVI 0x2a (imm outside -0x80..0x7f reads PC), others by operand register masks. Callers operand_uses_register, FUN_00405460, FUN_004056d0, FUN_004100a0, FUN_004162f0, FUN_004197b0.
004094d0	record_changes_operand	unsigned char record_changes_operand(ea *operand, psd *rec)	orig: memchgchk ("memchgchk start!", "memchgchk end! rc=="). 1 if rec writes the operand (MOV/AND/OR/XOR/0xb0 whose ea2 equals operand by operands_equal) or changes a register the operand uses (base for EA 1,2,5,6,8,10,0xb,0xf,0x10; base and index for 9, 0xc) via record_changes_register. Callers delete_redundant_memory_loads, delete_store_load_pairs, FUN_0040c760, FUN_00411be0.
004095e0	find_next_psd_record	psd *find_next_psd_record(code_node *node, psd *rec)	orig: cnext ("cnext start! psdtbl==%08lx, nodetbl==", "cnext end! psdtbl==", "cnext end not find !"). Finds rec in node's chain (+0xc) and returns the next record that is not empty/LINE/BBGN/BEND, crossing into later nodes of the block; 0 if none. 36 callers.
00409760	find_previous_psd_record	psd *find_previous_psd_record(code_node *node, psd *rec)	orig: prefind ("prefind start! nodetbl=%08lx, psdtbl=", "prefind end! psdtbl=", "prefind end! nodetbl="). Walks node's chain up to rec and returns the last record before it that is not empty/LINE/BBGN/BEND (0 if none). Callers run_node_optimization_passes, rewrite_branch_target_chains, FUN_00403b60, FUN_00415690, ...
00409820	find_last_node_of_block	code_node *find_last_node_of_block(code_node *node)	Follows node->next (+0xc) to the last node. RETURN: Ghidra's sig says void but the result is in EAX and the caller merge_adjacent_nodes_and_clear_label_refs uses it (iVar3 = FUN_00409820(..); *(iVar3+0xc) = ..) - lead must keep a pointer return.
00409840	operands_equal	char operands_equal(ea *a, ea *b)	orig: opeacmp ("opeacmp start!", "eatbl 1", "eatbl 2", "opeacmp end! rc=="). 1 if both null, or same type (ignoring bit 0x20), not @-Rn/@Rn+, same base, index, disp and identical label_ref lists (labno1/labno2 pairwise); dumps both operands with FUN_00417870 under flag 4. 14 callers.
00409980	record_has_memory_source	char record_has_memory_source(psd *rec)	false for CASEJMP/CTBL/CENT/LINE/BBGN/BEND/0x10/labels and MOVA (0x44) / MOVA_LC (0x28); true if ea1 is a memory EA (kinds 2..4 or 8..0xc); otherwise true only for op 0x2c. Ghidra returns bool (1 byte). Callers FUN_0040c760, FUN_004162f0, FUN_004197b0.
004099f0	unlink_block_from_target_label_refs	void unlink_block_from_target_label_refs(code_node *block)	Looks up the symbol of block->target_labno (+6) and clears every entry of its referencing-block list (symbol +0x20, label_block_ref {next, block}) that points to block. Only caller FUN_004152f0, right after a record that branched to that label was sanitized away and its count decremented.
00409a50	clear_block_flags_and_labels	void clear_block_flags_and_labels(code_node *block)	If block != 0: labno (+4) = 0, flags (+0) = 0, target_labno (+6) = 0, psd_count (+1) = 0. Only caller FUN_004152f0 (after unlink_block_from_target_label_refs).
00409a70	get_record_source_labno	short get_record_source_labno(psd *rec)	Returns ea1->labels->labno1 in the low 16 bits (the code only does XOR AX,AX / MOV AX,..; the high half of EAX is left over) for a non-directive record, 0 for null/empty/CASEJMP/CTBL/CENT/LINE/labels/0x10/SWBGN/SWEND or no label. Only caller FUN_004152f0 (casts to short). | return narrowed: callers use the low half (labno = (short))
00409ad0	is_movi_feeding_stack_add	int is_movi_feeding_stack_add(code_node *node, psd *rec)	1 if rec is MOVI (0x2a) of a plain immediate (ea1 without labels) and the next record (find_next_psd_record) is ADD (0x60) or SUB (0x63) with destination r15 and a register-direct source equal to the MOVI's destination register (MOVI #n,Rm ; ADD Rm,R15). Callers FUN_00402770, FUN_004028f0, FUN_00403300, FUN_004111b0, FUN_00411930, FUN_004175b0.
00409b30	find_label_symbol	symbol *find_label_symbol(short labno)	0 for labno <= 0xb6 (runtime-routine numbers have no record), else walks g_symbol_hash_table bucket labno % 0x3fd (chain +0x14, key +6). Returns symbol_record * (types_proposal.h). Callers find_label_symbol_of_label_only_block, get_symbol_attr_bit5_or_forced, get_symbol_attr_low_bits, FUN_00402de0, FUN_00403300, FUN_004056d0, FUN_0040d470, FUN_004100a0, FUN_00415690, FUN_00417080.
00409b70	find_preceding_nonempty_block	code_node *find_preceding_nonempty_block(code_node *block)	Walks g_current_node_list (next_block +8) backwards from block: returns the nearest preceding block for which find_first_branch_record_in_node_chain is non-null (that callee returns non-null for any block holding a real record: its pbVar4 is assigned for every non-blank record before the transfer test), 0 at the list head. A block not yet linked (being loaded) gets g_last_block (DAT_00429bc4) as predecessor. Callers load_next_code_node, rewrite_branch_target_chains, FUN_00414f40, delete_redundant_conditional_branch.
00409be0	find_label_symbol_of_label_only_block	symbol *find_label_symbol_of_label_only_block(code_node *block)	Scans the block's records; returns 0 as soon as one is not empty/LINE/BBGN/BEND/LABEL/CLABEL/DLABEL, otherwise the symbol record (find_label_symbol) of the last LABEL/CLABEL/DLABEL. Returns symbol_record *. Used by load_next_code_node / rewrite_branch_target_chains to set the symbol's forwarding label (+0x12 [savelab]).
00409c50	get_symbol_attr_bit5_or_forced	int get_symbol_attr_bit5_or_forced(short labno)	Returns 1 when request byte +0x154 == 3, or when its bit 0 is set and labno <= 0xb6; otherwise 1 iff the symbol (find_label_symbol, stored in g_current_symbol) has attribute bit 0x20 (+2). In emit_literal_pool_entries_for_record a 0 result leads to a literal-pool search/insert (FUN_00418cb0) for the label; meaning of the attribute not proven, so the name is mechanical. Callers emit_literal_pool_entries_for_record, FUN_00419000.
00409ca0	get_symbol_attr_low_bits	unsigned int get_symbol_attr_low_bits(short labno)	Returns symbol attribute byte (+2) & 3 (0 if no record); stores the record in g_current_symbol. Callers compare the full EAX (CONCAT31 with extraout) against 0/1 together with aux flag bits 0x1800 (emit_literal_pool_entries_for_record, measure_serialized_record_size, FUN_00419030). RETURN: the machine code returns the whole EBX (xor ebx,ebx; mov bl,[sym+2]; and ebx,3; mov eax,ebx) and the callers compare the whole EAX, so the result is an int: as unsigned char the callers' CONCAT31(extraout_var, ...) read uninitialised upper bytes in the rebuild.
00409cd0	find_next_nonempty_block	code_node *find_next_nonempty_block(code_node *block)	Starting at block->next_block, skips blocks that have no labno, no target_labno and only empty/LINE/BBGN/BEND records; returns the first other block (or 0). RETURN: Ghidra's sig says void but EAX holds the block and the caller FUN_00417080 uses it (iVar6 = FUN_00409cd0(..)) - lead must keep a pointer return.
00409d30	load_symbol_aux_record_stream	void load_symbol_aux_record_stream(char *path, request *req)	Keep name. Opens path (.asa, or sym.f) rb into g_asa_input; calloc(request+0xac, 0x2c) symbol records (g_code_record_array / g_symbol_record_base), calloc(request+0x110, 0x44) aux records; clears the 0x3fd-bucket g_symbol_hash_table. Tags 1..0xb: symbol record (type, +1 tag bits &0xc0, 8 bytes -> +6 number, +0x18, +8; hashed; +0x1c sequence; type>4: name +0xc; type>6: attribute byte +2, byte +3). Tag 0xc: function symbol + aux record (field order in types_proposal.h), then copies name/aux index/attributes into the existing symbol of the same number (find_symbol_record, fatal 0x131b). Tag 0xd: end, reads g_symbol_record_count; tag 0xe: trailer (2+2+0x20 bytes). request would take the request record (no struct yet). Note: local_5 (second byte of the 2-byte read into local_6) is read uninitialised by Ghidra's view, it is the second byte of that read.
0040a630	read_asa_bytes	void read_asa_bytes(char *buf, unsigned int size)	FUN_0041bff0(g_asa_input, buf, size); fatal 0xce6 on -1. Callers load_symbol_aux_record_stream, read_asa_counted_string.
0040a670	read_asa_counted_string	char *read_asa_counted_string(void)	Reads a length byte then that many bytes into a 0x100-byte string pool block (g_string_pool_block / g_string_pool_cursor / g_string_pool_end; new block from FUN_0041e370(0x100) when full), NUL-terminates, returns the string (0 for length 0). Used for symbol names (+0xc).
0040a730	find_symbol_record	symbol *find_symbol_record(short number)	Hash lookup in g_symbol_hash_table (bucket number % 0x3fd, chain +0x14, key +6) without the 0xb6 cut of find_label_symbol; returns symbol_record * or 0. RETURN: Ghidra's sig says void but the loader uses EAX (iVar8 = FUN_0040a730(..); fatal 0x131b if 0) - lead must keep a pointer return.
0040a760	create_symbol_record	symbol *create_symbol_record(char type, char flags, short number)	Allocates a 0x2c-byte symbol record from overflow blocks g_extra_symbol_blocks (DAT_00425c9c; 0x588-byte blocks = 8-byte header {short count, short total (first block only), next} + 32 records, zeroed), sets type (+0), flags (+1), number (+6), appends it at the tail of its hash chain, bumps count/total; returns it (symbol_record *). Callers FUN_0040f4e0, FUN_00413ce0 (new labels made by the optimizer).
0040a860	expand_tail_calls_into_epilogue_jumps	void expand_tail_calls_into_epilogue_jumps(void)	(was expand_flagged_record_into_setup_nodes) NAME VAGUE/MISLEADING; proposed rename: expand_tail_calls_into_epilogue_jumps. For every JSR/BSR/CALL record with misc & 0x80 (tail call) in g_current_node_list: allocates compute_setup_sequence_node_count() nodes of 0x178 bytes, fills them with build_setup_sequence_node_records (frame pop, register restores, then JMP/BRA/JUMP to the callee), deletes the records after the call up to RETURN/EXIT/JUMP (and that record, decrementing its label), deletes the call, splices the new nodes after the call's node; finally drop_pr_save_restore_if_no_calls. Skips JSR @R1 when the frame is >= 0x80 (r1 is needed for the frame size).
0040aa60	count_tail_call_epilogue_nodes	int count_tail_call_epilogue_nodes(void)	(was compute_setup_sequence_node_count) NAME VAGUE; proposed rename: count_tail_call_epilogue_nodes. Counts the records the epilogue needs for the current function's aux record (g_aux_record_table[g_current_aux_index]): 1 jump + 1/2 for the frame pop (aux+0 + aux+0x24 nonzero / >= 0x80) + one per restore (aux+8 bits 0/1, aux+0x17 bits 0/1, PR unless aux flags 0x8000, bits of the aux+4 and aux+6 masks); returns ceil(count / 15) nodes.
0040ab00	build_tail_call_epilogue_records	char build_tail_call_epilogue_records(code_node *node, psd *call)	(was build_setup_sequence_node_records) NAME VAGUE; proposed rename: build_tail_call_epilogue_records. Fills node's records: ADD #frame,R15 (or MOVI #frame,R1; ADD R1,R15 when >= 0x80; frame = aux+0 + aux+0x24), LDS.L @R15+ of regs 0x68/0x67 (aux+8 bits 1/0), MACL 0x65 / MACH 0x64 (aux+0x17 bits 0/1), PR 0x66 unless aux flags 0x8000, op 0xb0 @R15+ to regs 0x10+i (aux+6 mask), MOV.L @R15+,Rn (aux+4 mask), then CALL->JUMP, BSR->BRA, JSR->JMP with the call's operand (FUN_00414410 copy). Low byte of result: 1 for CALL/BSR (block gets the target label), 0 for JSR (block marked no-fallthrough); only caller expand_flagged_record_into_setup_nodes tests the low byte. Returns a byte (1, 0 or a register number & 0xff); low byte: the only caller, expand_tail_calls_into_epilogue_jumps, tests (char).
0040b0b0	fill_psd_record	void fill_psd_record(psd *rec, unsigned char op, char flg, char misc, char tmp, int sptravel, int expno, short filno, unsigned short linno, ea *ea1, ea *ea2)	Stores every field of a psd record. Only caller build_setup_sequence_node_records (it uses the leftover EAX only as the high bytes of its own result).
0040b100	new_ea_operand	ea *new_ea_operand(unsigned char type, char base, char index, int disp, label_ref *labels)	Allocates a 0xc-byte ea (FUN_0040d8a0(0xc)) and sets type, base, index, disp, labels. RETURN: Ghidra's sig says void but EAX holds the new ea and build_setup_sequence_node_records passes it as ea1/ea2 (uVar3 = FUN_0040b100(..)) - lead must keep a pointer return.
0040b130	drop_pr_save_restore_if_no_calls	void drop_pr_save_restore_if_no_calls(void)	If the current function saves PR (aux flags 0x8000 clear), its FLABEL is in the list, and no JSR/BSR/CALL/TRAPA(0x9e)/BSRF(0x99) remains after tail-call expansion: sets aux flags |= 0x8000 and deletes LDS.L @R15+,PR (0x8d, ea1 EA 4 base r15, ea2 EA 6 reg 0x66) and STS.L PR,@-R15 (0x9d, ea1 EA 6 reg 0x66, ea2 EA 3 base r15). Only caller expand_flagged_record_into_setup_nodes.
0040b290	shcpep_main	void shcpep_main(int argc, char **argv)	Keep name. Loads the request (argv[1]), symbol/aux stream, opens .sua/.sub/.ofb/.asb/.lit, run_prep_pass_and_emit_backend_files, closes, writes g_symbol_record_count to request+0xac, stores the request, exits 1.
0040b560	run_prep_pass_and_emit_backend_files	void run_prep_pass_and_emit_backend_files(void)	Keep name. Reads the .sua stream, calls optimize_current_node_list per function in a program section, copies the rest of .sua verbatim to .sub when g_copy_rest_verbatim, then writes every symbol record of type 7..0xc (and the aux record of functions) to .asb.
0040b860	optimize_current_node_list	void optimize_current_node_list(void)	Keep name. Loads one function's blocks (load_next_code_node_list until g_section_end), runs the passes, emits the records.
0040b970	free_node_list	void free_node_list(code_node *node)	Keep name and signature. Frees the operands of records up to the first transfer in each node, then pool_free(node, 0x178).
0040ba40	report_fatal_message	void report_fatal_message(short filno, short linno, short msgno)	Keep name. FUN_00410e90(filno, linno, msgno, 0); other callers of FUN_00410e90 pass a record's filno/linno as the first two.
0040ba60	merge_fallthrough_blocks_and_drop_unused_labels	void merge_fallthrough_blocks_and_drop_unused_labels(void)	(was merge_adjacent_nodes_and_clear_label_refs) NAME SLIGHTLY WRONG; proposed rename: merge_fallthrough_blocks_and_drop_unused_labels. When g_section_end: clears a block's labno if its symbol (type 2, 5, or referenced 3/4) has reference count 0 and its label psd (+0x28) is the block's first record. Merges a block into the previous one when that one falls through (flags & 1 clear), has no target label and this block has no label: appends the node chain (find_last_node_of_block), ORs flags, adds psd_count and the short at +2, takes target_labno and next_block. It merges blocks (not nodes) and clears block labels (not label_refs).
0040bb90	run_node_optimization_passes	void run_node_optimization_passes(code_node *block)	Keep name. Runs the per-block peephole passes (delete_redundant_loads, delete_redundant_memory_loads, delete_store_load_pairs and unnamed ones), then CMP/EQ or TST after AND (FUN_00403200) and JUMPT/JUMPF after CMP/EQ or TST (FUN_00403b60, when request+0x18) using find_previous_psd_record; g_line_kind5 tracks whether the last LINE record's kind byte (+0x10) was 5.
0040bcd0	delete_redundant_loads	void delete_redundant_loads(code_node *block)	Keep name. orig: delload ("delload start! node pointer==").
0040bfb0	delete_redundant_memory_loads	void delete_redundant_memory_loads(code_node *block)	Keep name. orig: delmemld ("delmemld start! node pointer==").
0040c370	delete_store_load_pairs	void delete_store_load_pairs(code_node *node)	kept name. orig: delstld ("delstld start! node pointer==%08lx", "delstld end!"). For each store MOV/0xb0/MOV_LOC Rn->mem (flg&3==2, not volatile), walks forward with cnext (FUN_004095e0) to a later load of the same ea (opeacmp FUN_00409840): deletes it (FUN_00407d80 delcode) when it reloads Rn into Rn, else rewrites its source to a copy of Rn (FUN_00414410 cpyea); stops at CALL/JSR/BSR/BSRF/TRAPA/SLEEP/CASEJMP/op 0x10/TAS or a redefinition
0040c760	delete_dead_stores	void delete_dead_stores(code_node *node)	orig: delstore ("delstore start! node pointer==%08lx", "delstore end!"). A store to memory (ea2 kind @Rn or 8..12, not volatile 0x80) followed by another store to the same ea with the same size (flg&3) and no intervening read, address-register change or barrier (CALL/JSR/BSR/BSRF/TRAPA/SLEEP/CASEJMP/op 0x10) -> deletes the first store (FUN_00407d80)
0040ca70	load_next_code_node_list	code_node *load_next_code_node_list(void)	kept name. Ghidra returns byte* (it is &node->flags). Resets g_block_complete/g_block_code_count/g_block_being_loaded, chains load_next_code_node() results through ->next until the block ends; loads one more node when the block ends in a transfer with <0xf0 records and no target; returns g_last_loaded_block. (The label hash walk in the middle is dead code.)
0040cb60	load_next_code_node	code_node * load_next_code_node(void)	kept. Allocates the 0x178 node via alloc_zeroed_flushing_blocks, copies .sua records (FUN_004140d0 dc_cpycd) into psd slots, clear_psd_record + track_stack_pointer_travel per record, label/branch bookkeeping
0040d040	advance_sua_record_stream	void advance_sua_record_stream(void)	kept. Reads the next record into g_current_input_record (read_sua_record, or the pushed-back g_pushed_back_record), sets block/list/section end flags; on FLABEL sets g_stream_func_aux_index and prints the aux register remap ranges (start expno / end expno / before reg / after reg) under stage flag 0x100; calls apply_function_register_remap; at the first code record of a function whose aux +0x28 is r4..r7 (and expno != 0) replaces it with MOV.L Rk,R0 and pushes the real record back
0040d470	read_sua_record	char read_sua_record(psd *rec)	Reads one .sua record from g_sua_input: op byte (FUN_0041bff0 fread), body by the per-op class table g_sua_record_class (DAT_00426320) via FUN_004062b0. Class 1: 2-byte label, counted (count_record_label_references) and copied straight to g_sub_output; class 2: sets g_copy_rest_of_input; class 5: pins the symbol (refcount 0x7fff); class 9 saves filno/linno (LINE), class 8 (FLABEL) takes them; class 11 ends the function. Returns 0xff at EOF, -1 on read error, low byte 0 otherwise. Only caller advance_sua_record_stream tests the low byte ((char)==-1)
0040d7a0	count_record_label_references	void count_record_label_references(psd *rec)	For EXPORT/INPORT/LABEL..FLABEL calls count_label_reference(labno in the low half of ea1); otherwise for each label_ref of ea1 counts labno1 and labno2 (if nonzero). Callers: load_next_code_node (CALL/MOVA_PC/MOVI/MOVA_FC and final branches), advance_sua_record_stream (FLABEL), read_sua_record
0040d840	count_label_reference	void count_label_reference(int labno)	|labno| (except -0x8000); for labno > 0xb6 (not a builtin runtime symbol) finds the symbol in g_label_hash_table (fatal 0x1267 if missing), ++sym+0x24 (reference count), sym+1 |= 0x20
0040d8a0	alloc_zeroed_flushing_blocks	int *alloc_zeroed_flushing_blocks(unsigned int size)	Allocates size bytes from the pool allocator FUN_00407a20 and zero-fills; on failure flushes the oldest block of g_current_node_list to the outputs (flush_block_to_output), removes it from its target label's referencing-block list (sym+0x20, 8-byte entries {next, code_node *}, freed with FUN_00407c30(.,8)), free_node_list, and retries. Callers: load_next_code_node (0x178 node), advance_sua_record_stream (0x18 psd, 0xc ea), FUN_00414410 cpyea (0xc). Return kept int* (void * would be natural, but callers index the result as int*)
0040d9c0	track_stack_pointer_travel	void track_stack_pointer_travel(code_node *node, psd *rec)	Maintains g_sp_travel (psd.sptravel): @r15+ source / @-r15 destination adjust by the operand size (FUN_00407690); labels reload it from rec->sptravel; CALL of a runtime symbol (labno<0xb7) adds g_runtime_call_sp_adjust[labno]; MOV_LOC/MOVA_LC store it into rec->sptravel; ADD/SUB #imm,r15 (or via the preceding MOVI found by FUN_00409760). Fatal 0xc84 on overflow vs aux+0; raises aux[g_node_func_aux_index]+0xc (max stack depth). node is only passed to FUN_00409760. Callers load_next_code_node, flush_block_to_output, emit_backend_record_streams
0040dc10	clear_psd_record	void clear_psd_record(psd *rec)	If op != 0: zeroes flg/misc/sptravel/expno, tmp=0xff; for CASEJMP/LINE/labels/CTBL/CENT/op 0x10/PROGRAM clears +0xc..+0x17 raw, otherwise frees ea1/ea2 with free_ea; sets op = 0 (OP_DUMMY). Called before a record slot is overwritten (load_next_code_node, advance_sua_record_stream, FUN_004140d0)
0040dd20	write_ofb_record	void write_ofb_record(FILE *out, psd *rec, int location, int pool_size)	kept. Stores out in g_ofb_record_out and dispatches by op to the write_ofb_* writers. location = low byte of g_location_counter, pool_size = low byte of emit_literal_pool_entries_for_record's result (callers emit_backend_record_streams, flush_block_to_output, emit_literal_reference_records) | WIDTH: the stock code copies the whole 4-byte stack slot of location (every caller pushes the full location counter) and the low 2 bytes of the pool size (callers push the sign-extended short); Ghidra had typed both as bytes
0040def0	write_ofb_mov_loc_record	void write_ofb_mov_loc_record(psd *rec)	op 0x27 MOV_LOC: 12 bytes {op, size, flg&0xe3, misc&0xc0 | 0x20 tmp!=0 | 0x10 reg==0 | 8 reg in 0x10..0x1f, disp of the memory operand (4), sptravel (4)}
0040e000	write_ofb_mova_lc_record	void write_ofb_mova_lc_record(psd *rec)	op 0x28 MOVA_LC: 11 bytes {op, size, flg&0xe3 | 0x10 if ea2 reg==0, ea1 disp (4), sptravel (4)}
0040e0b0	write_ofb_immediate_record	void write_ofb_immediate_record(psd *rec)	ops 0x2a MOVI and 0x2c: 11 bytes {op, size, flags (MOVI flg&0xe3; 0x2c flg&0x40 | 0x20 tmp), ea1 disp (4), label count (4)} then the nonzero labno1/labno2 of ea1's label_refs as 2-byte words (buffer flushed near 0xfe)
0040e250	write_ofb_label_operand_record	void write_ofb_label_operand_record(psd *rec, int location)	ops CALL/JUMPT/JUMPF/MOVA_PC/MOVA_FC: {op, size} [+ misc byte for JUMPT/JUMPF], then 12 bytes {location, 3 unset, ea1 disp (4), label count (4)}, then the label words | WIDTH: the stock code copies the whole 4-byte stack slot of location (every caller pushes the full location counter) and the low 2 bytes of the pool size (callers push the sign-extended short); Ghidra had typed both as bytes
0040e460	write_ofb_jump_record	void write_ofb_jump_record(psd *rec, int location, short pool_size)	ops RETURN/JUMP: 14 bytes {op, size, location, 2 unset, 1 stack byte (Ghidra in_stack_0000000b, the high byte of the location argument slot), ea1 disp (4) at +6, label count (4) at +10}, the label words, then 2 bytes {pool_size, unset} | WIDTH: the stock code copies the whole 4-byte stack slot of location (every caller pushes the full location counter) and the low 2 bytes of the pool size (callers push the sign-extended short); Ghidra had typed both as bytes
0040e650	write_ofb_label_record	void write_ofb_label_record(psd *rec)	LABEL/CLABEL/DLABEL/FLABEL: 3 bytes {op, labno (2)}
0040e6a0	write_ofb_casejmp_record	void write_ofb_casejmp_record(psd *rec, int location)	op 0x11 CASEJMP: 18 bytes {op, size, location, 3 unset, raw psd bytes +0xc..+0x17} | WIDTH: the stock code copies the whole 4-byte stack slot of location (every caller pushes the full location counter) and the low 2 bytes of the pool size (callers push the sign-extended short); Ghidra had typed both as bytes
0040e770	write_ofb_ctbl_record	void write_ofb_ctbl_record(psd *rec, int location)	op 0x14 CTBL: 9 bytes {op, entry count*4 as 4 bytes (from the short at +0xc), location, 3 unset} | WIDTH: the stock code copies the whole 4-byte stack slot of location (every caller pushes the full location counter) and the low 2 bytes of the pool size (callers push the sign-extended short); Ghidra had typed both as bytes
0040e800	write_ofb_transfer_record	void write_ofb_transfer_record(psd *rec, int location, short pool_size)	ops RTE/BRA/JMP/RTS: 9 bytes {op, size, location, 2 unset, stack byte (in_stack_0000000b), pool_size, unset, flg&0x40} | WIDTH: the stock code copies the whole 4-byte stack slot of location (every caller pushes the full location counter) and the low 2 bytes of the pool size (callers push the sign-extended short); Ghidra had typed both as bytes
0040e890	write_ofb_enter_record	void write_ofb_enter_record(psd *rec)	op 0x20 ENTER: 2 bytes {op, size}
0040e8e0	write_ofb_exit_record	void write_ofb_exit_record(psd *rec, int location, short pool_size)	op 0x21 EXIT: 8 bytes {op, size, location, 2 unset, stack byte (in_stack_0000000b), pool_size, unset} | WIDTH: the stock code copies the whole 4-byte stack slot of location (every caller pushes the full location counter) and the low 2 bytes of the pool size (callers push the sign-extended short); Ghidra had typed both as bytes
0040e960	write_ofb_end_record	void write_ofb_end_record(psd *rec, int location)	op 0x10 (the end record of flow_block flag 8): 9 bytes {op, location, 3 unset, raw psd +0x14..+0x17} | WIDTH: the stock code copies the whole 4-byte stack slot of location (every caller pushes the full location counter) and the low 2 bytes of the pool size (callers push the sign-extended short); Ghidra had typed both as bytes
0040e9e0	write_ofb_op2e_record	void write_ofb_op2e_record(psd *rec)	op 0x2e (OP_NON_2E): 3 bytes {op, size, flg&0xe3}
0040ea50	flush_block_to_output	void flush_block_to_output(code_node *block)	The per-record emit loop of emit_backend_record_streams for the nodes of one block: sanitize_record_for_serialization, track_stack_pointer_travel, emit_literal_pool_entries_for_record + emit_literal_reference_records, write_ofb_record, write_sub_record (+ a LINE record before FLABEL), flush_pending_label_record. Clears its SWBGN/SWEND entries in g_switch_brackets, runs FUN_00415630 first, sets g_block_flushed_early. Only caller alloc_zeroed_flushing_blocks (out-of-memory path)
0040ecc0	emit_backend_record_streams	void emit_backend_record_streams(void)	kept
0040ef00	define_label_at_location_counter	void define_label_at_location_counter(psd *rec)	(was flush_pending_label_record) kept name (more exact: define_label_at_location_counter). Finds the label's symbol (labno at +0x10), sets sym+8 = g_location_counter, writes it to .asb by kind: 1-4 write_asb_symbol_record, 5 also write_asb_symbol_name, 6 write_asb_tag6_record, fatal 0x1266 otherwise; then clears the symbol's kind and sym+0x28
0040efe0	write_asb_symbol_record	void write_asb_symbol_record(void)	9 bytes to g_asb_output from g_cur_symbol: {kind|flags, labno (2), section +0x18 (2), value +8 (4)}. Callers flush_pending_label_record, run_prep_pass_and_emit_backend_files
0040f070	string_length	int string_length(char *s)	strlen, NULL -> 0. Ghidra's sig says undefined (void) but EAX holds the count and write_asb_symbol_name uses the result: it must return int (the rebuild source already has int)
0040f090	write_asb_symbol_name	void write_asb_symbol_name(void)	writes a length byte and the name (g_cur_symbol+0xc) to g_asb_output
0040f120	write_asb_tag6_record	void write_asb_tag6_record(void)	writes the single byte 6 to g_asb_output (after the code in run_prep_pass_and_emit_backend_files, and for kind-6 symbols)
0040f160	write_asb_function_aux_record	void write_asb_function_aux_record(void)	tag-0xc symbol (g_cur_symbol): 22 bytes {kind|flags, labno, aux +0 (4), +0xc (4), +0x24 (4), +6 (2), +4 (2), +0x17, +8, range count +0x14}, then each register remap range (10 bytes: before reg, after reg, start expno, end expno), then the +0xa flag block (0x8000, 0x4000, 0x1800 kind with the +0x10 value, 0x2000 with +0x16); frees the range list (FUN_00407c30(.,0x10)). Caller run_prep_pass_and_emit_backend_files
0040f400	write_asb_label_count_record	void write_asb_label_count_record(void)	tag 0xd + g_last_labno (2 bytes): the terminator record that load_symbol_aux_record_stream reads (case 0xd, same 2 bytes)
0040f450	write_asb_trailer_record	void write_asb_trailer_record(void)	tag 0xe + g_asa_trailer_a (2) + g_asa_trailer_b (2) + 0x20 bytes g_asa_trailer_bytes: re-emits the .asa tag-0xe record read by load_symbol_aux_record_stream
0040f4e0	emit_branch_around_literal_pool	void emit_branch_around_literal_pool(psd *rec, short pool_size, int sptravel)	(was emit_literal_reference_records) NAME LOOKS WRONG, suggest emit_branch_around_literal_pool: makes a new label (FUN_00414060 dc_mklab), writes BRA (0x92) to it (.ofb + .sub), advances g_location_counter by its size + pool_size, then a LABEL record with sptravel = param_3 (symbol created by FUN_0040a760, section = *g_current_section) and flush_pending_label_record. rec only supplies expno/filno/linno
0040f6e0	free_ea	void free_ea(ea *operand)	frees operand->labels (FUN_00407c30(.,8) each) then the ea (FUN_00407c30(.,0xc)). Callers clear_psd_record, FUN_00407d80 delcode
0040f720	apply_function_register_remap	void apply_function_register_remap(psd *rec)	If the current function's aux (g_stream_func_aux_index, aux+0x18 list) has register remap ranges: when expno changes (or on FLABEL) rebuilds g_reg_remap_table (identity 0..0x6c, then before->after for ranges with start<=expno<=end); for code records calls shift_record_registers and deletes a resulting MOV Rn,Rn (FUN_00407d80) unless FUN_004080d0 objects. Caller advance_sua_record_stream. The r14->r0 remap site of notes/shcpep.md
0040f810	shift_record_registers	void shift_record_registers(psd *rec)	orig debug text " ***** before/after register shift (ea1/ea2) *****" (tempreg/basereg/indexreg). Remaps rec->tmp and ea1/ea2 base/index through g_reg_remap_table (shift_ea_registers); sets misc |= 0x10 when a changed register is outside r4..r7 and the request's 0x14.. / 0x24.. banks (count at request +0x149)
0040fac0	shift_ea_registers	void shift_ea_registers(ea *operand)	operand->base = g_reg_remap_table[base]; operand->index = g_reg_remap_table[index]
0040fae0	find_section_record	request_section *find_section_record(request *req, short section_no)	walks the list at request+0x24 (next at +0x1c, section number short at +0) for section_no; fatal 0x12ed if absent. Caller load_next_code_node on PROGRAM (0xc) records -> g_current_section (+8 is that section's location counter)
0040fb20	compute_record_register_use_def	char compute_record_register_use_def(psd *rec, unsigned int *uses, unsigned int *defs)	2-word register masks (bits from g_reg_bit_mask): defs = FUN_004197b0's written set, uses = referenced & ~written, plus base registers of @-Rn/@Rn+ operands, plus add_implicit_register_uses. op 0x10/SLEEP: all ones, returns 1; ENTER/EXIT/RETURN -> FUN_00410630; CALL/BSR/JSR/BSRF/TRAPA -> compute_call_register_use_def (TRAPA returns 1). Returns bool (1 byte): FUN_00402580 uses it, FUN_00401340/00402770/004028f0/00410cb0 ignore it
0040fe10	add_implicit_register_uses	void add_implicit_register_uses(psd *rec, unsigned int *uses)	adds registers an op reads implicitly: destinations of read-modify-write ops (XTRCT, SHAD, 0x58, 0x60..0x65, 0x80..0x82, ...), single-operand shift sources (0x49..0x4f, 0x59..0x5f, ...), special registers (g_reg_bit_mask elements 97/104/107/127) for TAS/GBR logic/branches/CASEJMP, partial MOV destinations (FUN_00408b10), op 0x2e (elements 48/52/56/60/104), op 0x31 @Rn base. Only caller compute_record_register_use_def
004100a0	compute_call_register_use_def	void compute_call_register_use_def(psd *rec, unsigned int *uses, unsigned int *defs)	CALL/BSR/JSR/BSRF/TRAPA: result register rec->tmp as a def; runtime helpers (labno<0xb7) per-register masks from FUN_00408400/FUN_00408da0, special labnos 0xb1..0xb6, 0x49/0x4a; otherwise callee-saved policy from the symbol attrs (+2 &8, &0xc, &0x10) and the request +0x150 mask (r8..r14, 0x1c..0x1f), request +0x36 gating elements 100/101; always r15 and elements 102/103/104/107/127. Only caller compute_record_register_use_def
00410630	collect_enter_exit_register_masks	void collect_enter_exit_register_masks(psd *rec, unsigned int *uses, unsigned int *defs)	Only caller FUN_0040fb20 (per-record use/def masks) for ops 0x20 ENTER / 0x21 EXIT / 0x22 RETURN, passing (rec, uses[2], defs[2]); FUN_0040fb20 elsewhere forms ~def & use, so param_2 = uses, param_3 = defs (2 words each: word0 regs 0..0x5f, word1 0x60..0x7f via g_reg_mask_table). ENTER: r15 used and defined, defs[1] |= mask[0x7f], uses |= the saved-register bitmaps of the current function's aux record (g_aux_record_table + g_current_function_aux_index*0x44: +4/+6 shorts, +0x17/+8 bits -> masks 0x64/0x65/0x67/0x68). EXIT/RETURN: defs |= r1 when the frame size (+0 + +0x24) > 0x7f, defs |= saved regs, uses |= request+0x150 registers that are not saved; RETURN with more than one saved item (FUN_00416170 count > 1) only adds r1 and mask[0x6b].
00410ad0	compare_psd_records	char compare_psd_records(psd *a, psd *b)	Only caller match_common_record_run (00410cb0), which tests the low byte and returns the full value to its own callers, so the 4-byte return stays. Returns 1 if either is NULL, op/flg/misc/sptravel differ, or the per-op payload differs (0x10, CASEJMP, CTBL/CENT, LABEL..FLABEL, LINE compared field by field; others: both operands via common_code_ea_equal 00413bb0); 2 instead of 1 when the records are JUMP/JUMPT/JUMPF differing only in operands or psd.tmp; 0 when identical. | return narrowed: callers use the low byte (match_common_record_run returns it on; match_leading_records tests (char))
00410cb0	match_common_record_run	char match_common_record_run(code_node *node_a, psd *rec_a, code_node *node_b, psd *rec_b, psd **stop)	Callers FUN_00401fb0, FUN_004024f0 (flow-graph passes; they test (char)ret == 1 / 2 and read the masks). NULL rec_a/rec_b = first record of the node (skipping DUMMY/LINE/BBGN/BEND via cnext 004095e0). Walks both record sequences in lockstep while compare_psd_records == 0, accumulating upward-exposed uses and defs (FUN_0040fb20; JUMPT/JUMPF add mask[0x61], the T bit); stores the first non-matching pair in stop[0]/stop[1] and the masks in g_rec_use_mask_lo/hi and g_rec_def_mask_lo/hi; returns the last compare_psd_records result (1 = different or end, 2 = branches differing only in target). Returns low byte 0 at once if node_a, node_b or stop is NULL, or if the first pair compares 1. | return narrowed: callers use the low byte (match_leading_records)
00410e90	report_compiler_message	void report_compiler_message(short filno, unsigned int linno, short msgno, char *text)	About 40 callers (report_fatal_message, load_symbol_aux_record_stream, write_sub_*, sanitize_record_for_serialization with msg 0x12ec, allocation failures with msg 0xbcd ...). Looks filno up in the request's file list (g_loaded_request+0xec: {next, short id @+4, char *name @+8}) and prints through FUN_0041deb0(name, linno & 0xffff, msgno, text). msgno >= 3000: FUN_0041dcf0 (closes and deletes temp files), then exit through FUN_0041e560(9), or 11 when msgno >= 4000.
00410f10	fold_address_add_into_following_load	void fold_address_add_into_following_load(code_node *node)	run_node_optimization_passes, 6th pass. For each non-volatile ADD (0x60) #imm,Rn or Rm,Rn (n != r15; register source only if Rm or Rn is R0) scans forward for a MOV (0x40, or op 0xb0 when the ADD source is a register) loading from @Rn or @(0,Rn). If Rn is dead after the load (the load writes Rn, or the next change of Rn found by FUN_00405600 has no read before it, FUN_004059d0), the load's source becomes @(disp,Rn) (EADISP 8; only when disp fits the size: byte < 0x10, word < 0x20 and even, long < 0x40 and a multiple of 4; byte/word need dest R0) or @(R0,Rm) (EAINDEX 9), and the ADD is deleted (delcode 00407d80). The scan stops at any change or reference of Rn/Rm (regchgchk 00408120, refgchk 00408b10) or a JSR/BSR/CALL/TRAPA/BSRF.
004111b0	reuse_loaded_constants_and_copies	void reuse_loaded_constants_and_copies(code_node *node)	run_node_optimization_passes, 8th (last per-block) pass. Three patterns, each scanning forward until the register is changed (regchgchk) or clobbered by a call (FUN_004056d0): (1) MOVI (0x2a) or op 0x2c #imm,Rn (n != r15): a later same-op load of an equal immediate (opeacmp 00409840) into a register is deleted when it targets Rn, otherwise it becomes MOV Rn,Rm (0x40, or 0xb0 for 0x2c; source replaced by a copy of Rn's operand, cpyea 00414410); stack-adjust constants (FUN_00409ad0) are skipped. (2) MOV Rm,Rn: a later MOV Rm,Rx is deleted when x == n, else its source becomes Rn (respecting R0-only source modes). (3) ops 0xb3/0xb4/0xd2 on a register: a later identical one is deleted.
00411610	retarget_result_to_copy_destination	void retarget_result_to_copy_destination(code_node *node)	run_node_optimization_passes, 7th pass. For a record writing Rn (MOV_LOC 0x27, MOVI, MOV, 0xb0, EXTS, EXTU; not a MOV into R0 from @(R0,..), GBR or nonzero-disp sources) finds a later register copy MOV Rn,Rm (0x40/0xb0, or EXTS/EXTU of the same size) with no use or change of Rn in between, Rn dead after the copy (next change via FUN_00405600 with no read before it, FUN_004059d0), and Rm not referenced between the two. The first record then writes Rm directly (or is deleted if it was MOV Rm,Rn) and the copy is deleted.
00411860	rewrite_repeated_movi_per_register	void rewrite_repeated_movi_per_register(code_node *node)	run_node_optimization_passes, 5th pass. For the first MOVI (0x2a) to each register (r15 and all registers >= 0x60 excluded up front via g_reg_mask_table) calls rewrite_next_movi_of_register (00411930). A MOVI to a register already handled ends the scan of that node (inner-loop break).
00411930	rewrite_next_movi_of_register	void rewrite_next_movi_of_register(code_node *node, psd *movi)	Callers rewrite_repeated_movi_per_register and itself (recursion along the chain). Finds the next MOVI to the same register and handles it first (recursively). Then, if the register was not changed (regchgchk) or call-clobbered (FUN_004056d0) in between, the later MOVI is not a stack-adjust constant (FUN_00409ad0), and it is not a label-free constant that is the last record, calls rewrite_movi_from_previous_value(movi, next).
00411a10	rewrite_movi_from_previous_value	void rewrite_movi_from_previous_value(psd *prev_movi, psd *movi)	Only caller rewrite_next_movi_of_register. Both records are MOVI ('*') with immediates of the same kind and labels (immediates_match_except_value). If the new value needs a pool load (has labels or lies outside -128..127) and new - old fits in 8 bits, movi becomes ADD #(new-old),Rn (op 0x60, flg 2, labels freed). Otherwise, if old has no labels and new = old shifted by 2/8/16 (find_shift_op_between_values), movi becomes SHLL2/SHLL8/SHLL16/SHLR2/SHLR8/SHLR16 Rn (ea1 freed, ea2 moved into ea1).
00411b20	find_shift_op_between_values	char find_shift_op_between_values(unsigned int old_value, int new_value)	Only caller rewrite_movi_from_previous_value (switches on the char result). Compares new_value with old<<2, old<<8, old<<16, old>>2, old>>8, old>>16 and returns the matching op from g_shift_op_for_value_ratio {0x4b SHLL2, 0x4c SHLL8, 0x4d SHLL16, 0x5b SHLR2, 0x5c SHLR8, 0x5d SHLR16}, or 0 if none.
00411b90	immediates_match_except_value	int immediates_match_except_value(ea *a, ea *b)	Only caller rewrite_movi_from_previous_value. If both are EAIMM (7), temporarily zeroes both disp fields and returns opeacmp (00409840: same kind, registers and label references), then restores the values; 0 otherwise.
00411be0	load_compare_operand_into_r0	void load_compare_operand_into_r0(code_node *node)	run_node_optimization_passes, 3rd pass. Pattern: MOV mem,Rc (non-volatile load from @Rn, @(disp,..), @(R0,..), PC or GBR modes, memchgchk 004094d0 clear), optional EXTU Rc,Rc' of the same size, MOV Rc',R0, CMP/EQ #imm,R0 or TST #imm,R0, then JUMP/JUMPT/JUMPF. The load (or the EXTU) is made to write R0 directly. The copy is deleted if the branch's psd.tmp equals Rc; otherwise it becomes MOV R0,Rc and is moved after the compare (records swapped with dc_cpycd 004140d0 through a 0x18-byte temp from FUN_0040d8a0 that is never freed).
00411e30	fold_register_move_into_unary_op	void fold_register_move_into_unary_op(code_node *node)	run_node_optimization_passes, 4th pass. For adjacent records MOV Rk,Rm followed by EXTU/EXTS/NOT/NEG Rm,Rm, the unary op's source becomes Rk (e.g. EXTU Rk,Rm) and the MOV is deleted.
00411ed0	merge_repeated_and_or_immediates	void merge_repeated_and_or_immediates(code_node *node)	run_node_optimization_passes, 2nd pass. orig: imandor (traces "imandor start! nodeptr==", "imandor end!"). For a non-volatile AND/OR (0x80/0x81) #imm,dst, a later same op with #imm on an equal destination (opeacmp) is folded in (imm &= or |= the later value) and deleted. The scan stops at CALL/JSR/BSR/BSRF/TRAPA/SLEEP/0x10 or at any record whose use/def masks (FUN_004197b0) conflict with the first record's.
004120d0	form_predecrement_postincrement_addressing	void form_predecrement_postincrement_addressing(code_node *node)	run_node_optimization_passes, 1st pass. orig: prdecea (traces "prdecea start! nodeptr==", "prdecea end!"). ADD #-1/-2/-4,Rn followed (with no use or def of Rn in between) by MOV Rx,@Rn or @(0,Rn) of that size becomes MOV Rx,@-Rn (EAPRDEC 3) with the ADD deleted. MOV @Rn,Rx followed by ADD #size,Rn becomes MOV @Rn+,Rx (EAPOINC 4) with the ADD deleted. The size comes from g_access_size_bytes[psd.flg & 3].
00412460	dump_node_list_debug	void dump_node_list_debug(code_node *list)	Existing name kept. Prints every block, node and psd using the opcode name table at 00426c68 and calls the per-op dumpers below.
00412610	dump_psd_operands	int dump_psd_operands(psd *rec)	Only caller dump_node_list_debug (default case). Dumps ea1 as "EA 1 TABLE" and ea2 as table 1 or 2 via dump_ea_operand; always returns 0.
00412650	dump_ea_operand	int dump_ea_operand(ea *op, int number)	Only caller dump_psd_operands. Prints "EA %d TABLE", "EA type->EANON".."EAABS", eabase, eaindex, eamisc, eadisp, then dump_ea_label_list if op->labels is set; returns the last printf result.
00412780	dump_ea_label_list	void dump_ea_label_list(ea *op)	Only caller dump_ea_operand. Prints "LABTBL NO %d", "labtbl->labno1", "labno2" for each label_ref in op->labels.
004127d0	dump_casejmp_record	void dump_casejmp_record(psd *rec)	Called by dump_node_list_debug for OP_CASEJMP. Prints cas->psdfirst (+0c short), default_lab (+0e short), casmin (+10 int), caslab max-min (+14 int).
00412820	dump_case_table_record	void dump_case_table_record(psd *rec)	Called by dump_node_list_debug for OP_CTBL/OP_CENT. Prints ctb->psdcaseno (+0c), psdswexit (+0e), psdlabno (+10), psddmy1 (+12) as shorts and psddmy2 (+14 int).
00412880	dump_line_record	void dump_line_record(psd *rec)	Called by dump_node_list_debug for OP_LINE. Prints lin->psdfilno (+0c short), psdlinno (+0e ushort), psdstate (+10 char), psddmy1 (+11 char), psddmy2 (+12 short), psddmy3 (+14 int).
00412900	dump_label_record	void dump_label_record(psd *rec)	Called by dump_node_list_debug for OP_LABEL..OP_FLABEL. Prints lab->psdlabno (+10 short), psdfilno (+0c), psdlinno (+0e), psddmy1 (+12 short), psddmy2 (+14 int).
00412970	delete_unreachable_record	void delete_unreachable_record(psd *rec)	(was sanitize_record_for_serialization) THE EXISTING NAME sanitize_record_for_serialization IS MISLEADING. Callers emit_backend_record_streams, FUN_0040ea50 and sanitize_node_records_before_branch_rewrite, once per record in order. Classifies rec->op through g_op_reachability_class (0 = invalid, reported as msg 0x12ec; 1 = directive; 2 = LABEL/CLABEL/DLABEL/FLABEL; 3 = EXIT/RETURN/JUMP/RTE/BRA/JMP/RTS/BRAF; 4 = other). A class-3 record sets g_in_unreachable_code; after that every record except directives is cleared (operands freed, fields zeroed) until a label resets the flag. In other words it removes dead code after an unconditional transfer.
00412a10	rewrite_branch_target_chains	void rewrite_branch_target_chains(psd *rec)	Existing name kept. orig: br_brchg (traces "br_brchg start!", "br_brchg cp==", "labelno==%d, savelab==%d"). For a JUMP/RETURN/JUMPT/JUMPF whose target label has a savelab (label_sym +0x12), follows the savelab chain and retargets the branch (and g_current_block's target_labno), adjusts reference counts and the label's block list, and re-runs merge_common_block_tails. For JUMP/RETURN it also retargets earlier JUMP/JUMPT/JUMPF blocks that went to labels directly preceding this branch (a JUMP becomes a RETURN when this branch is a RETURN).
00413090	delete_dead_labels_from_node_list	void delete_dead_labels_from_node_list(void)	Existing name kept. orig: dellab ("dellab end! labno==%d"). For each block's start label (looked up in g_label_hash) with a zero reference count (when DAT_0042ad40 == 1 and the label kind is 2..5), deletes the LABEL record (after FUN_00414f40 and delete_redundant_conditional_branch) and clears the block's labno.
004131d0	merge_common_block_tails	void merge_common_block_tails(psd *rec)	orig: d_comcd (traces "d_comcd start!", "d_comcd end!"). Callers load_next_code_node, rewrite_branch_target_chains, sanitize_node_records_before_branch_rewrite. For a LABEL (0x18), JUMP ('$') or RETURN ('"') record calls find_block_with_common_tail (dc_lbchk). On a match, FUN_00413ce0 builds new node(s) holding the common tail (g_common_tail_a/b, g_common_tail_count) and the new block is linked into the block list (mode 1: after the fall-through block; mode 2: after the current block, with g_last_block updated). The label's block list (label_sym +0x20) is updated and FUN_00415410 fills in the new node. This is the cross-jump pass (XJUMP_OFF in SH5/rebuild/shcpep/src/_pep_rules.c).
00413490	find_block_with_common_tail	short find_block_with_common_tail(code_node **block_a, code_node **block_b, code_node **label_block, psd *rec)	orig: dc_lbchk (traces "dc_lbchk end! rc==%d", "make LISTTBL blkptr==%08lx"). Only caller merge_common_block_tails, which uses the low 16 bits as the mode, so the 4-byte return stays. For a JUMP/RETURN ending g_current_block: mode 1 if the target label's block is entered by fall-through from a block with a matching tail (count_common_tail_records(..,1)); mode 2 if another block in the label's branch list (label_sym +0x20) jumps to the same label with a matching tail (count_common_tail_records(..,2)); otherwise the current block is appended to that list. For a LABEL: stores the LABEL psd in label_sym +0x28 and compares each listed jumping block with the fall-through predecessor (mode 1). Outputs the two blocks and the label's block (label psd - 0x10); returns 0 when nothing matches. | return narrowed: callers use the low half (merge_common_block_tails: mode = (short))
00413850	count_common_tail_records	int count_common_tail_records(code_node *block_a, code_node *block_b, psd **tail_a, psd **tail_b, short mode)	orig: dc_cmp (traces "dc_cmp start!", "rp==%08lx, r1==%08lx", "dc_cmp end! common code number==%ld"). Only caller find_block_with_common_tail, which stores the results in g_common_tail_count/a/b. block_a must end in JUMP/RETURN with a label operand. Mode 1: block_b must not end in JUMP/RETURN (it falls through) and the comparison starts at its last record. Mode 2: block_b also ends in JUMP/RETURN. Walks both blocks backwards (prefind 00409760) while the records are identical (same per-op payload rules as compare_psd_records, operands via common_code_ea_equal) and do not reference the branch's psd.tmp register (refgchk). Returns the count and the earliest matching record of each block.
00413bb0	common_code_ea_equal	short common_code_ea_equal(ea *a, ea *b)	orig: dc_eacmp (traces "dc_eacmp start!", "dc_eacmp end! rc==%d"). Callers compare_psd_records and count_common_tail_records test the low 16 bits (== 0 / == 1), so the 4-byte return stays. Returns 1 if both are NULL, or if type/base/index/disp are equal and the label_ref lists match element by element (labno1/labno2); else 0. Unlike opeacmp it compares the whole type byte and accepts @-Rn/@Rn+. | return narrowed: callers use the low half ((short) in compare_psd_records, count_common_tail_records)
00413ce0	make_common_code_block	code_node *make_common_code_block(code_node *block_a, code_node *block_b, psd *common_a, psd *common_b, short mode)	Only caller 004131d0 (d_comcd, common-code/cross-jump merge) passes g_common_start_a/b and the mode from 00413490. Allocates ((mode-1+g_common_code_count)/15)+1 nodes (0x178 each, linked by +0c next), gets a new label from make_new_label_number (fatal 0xbc8 if none), creates its label entry (0040a760(2,0x20,labno)), puts a LABEL record in psd[0] (sptravel = g_cur_sptravel), then copies the common records of block_a into the new block with copy_psd_record (skipping SWBGN/SWEND) while deleting them from both blocks (00407d80 delcode). mode 1: block_a's final branch (find_block_final_record) now goes to the new label (RETURN becomes JUMP), block_a->target_labno = new label. mode 2: the final JUMP/RETURN is copied too; block_a's branch is deleted and block_b's branch retargeted to the new label. Returns the new block, or 0 when neither block is in g_current_node_list. Debug strings "make node number = %d", "node number", "code counter".
00414060	make_new_label_number	int make_new_label_number(void)	orig: dc_mklab ("dc_mklab start! g_labno = %ld" / "dc_mklab end! labno = %ld"). Returns ++g_last_labno, or 0 when it would reach 0x8000 or g_label_alloc_disabled == 1. Callers: make_common_code_block, emit_literal_reference_records.
004140d0	copy_psd_record	void copy_psd_record(psd *src, psd *dst)	orig: dc_cpycd ("dc_cpycd start! inp=%08lx outp=", input/output psdtbl dumps). Copies op/flg/misc/tmp/sptravel/expno; for CASEJMP, CTBL/CENT, LINE, op 0x10, PROGRAM and the label ops (0x18-0x1b) copies filno..ea2 raw; otherwise copies filno/linno and deep-copies ea1/ea2 with copy_ea (freeing dst's old operands via 0040f6e0 when dst held an ordinary record). An empty src clears dst (0040dc10). Callers include load_next_code_node, advance_sua_record_stream, make_common_code_block, move_record_into_branch_slot.
00414410	copy_ea	ea *copy_ea(ea *src)	orig: cpyea ("cpyea start! eaptr=%08lx", "input eatbl"/"output eatbl", "cpyea end! eap=%08lx"). Allocates a 0xc ea (0040d8a0), copies type/base/index/misc/disp and the label list via copy_label_ref_list. Returns 0 for a null src.
004144b0	copy_label_ref_list	label_ref *copy_label_ref_list(label_ref *src)	orig: cpylab ("cpylab start! lp==%08lx", "input labtbl"/"output labtbl", "cpylab end! newlp==%08lx"). Allocates 8-byte label_refs and copies labno1/labno2 of every element of the list; returns the new head or 0.
00414560	find_block_final_record	psd *find_block_final_record(code_node *block)	(was find_first_branch_record_in_node_chain) orig: dc_bcode ("dc_bcode start! bp=%08lx", "dc_bcode end! np=%08lx scp=%08lx"). EXISTING NAME find_first_branch_record_in_node_chain IS WRONG: inside a node the scan stops at a branch (JUMP/JUMPT/JUMPF, EXIT, RETURN, BF/BT/BRA, JMP, RTS/BT_S/BF_S, BRAF, RTE) but then goes on with the next node (+0c) to the end of the chain (disasm 004145e2 -> 00414583), remembering every record that is not DUMMY/BBGN/BEND/LINE. It returns the block's LAST real record (its final branch when it has one; the end trace always prints np=0). Callers check the op afterwards (rewrite_branch_targets_for_node_list, 00409b70, make_common_code_block, delete_branch_to_next_label ...).
00414610	move_target_block_after_jump	void move_target_block_after_jump(psd *rec)	orig: str_chg ("str_chg start!", "make LISTTBL node pointer", "LISTTBL chained node pointer", "clear node pointer"). Called from load_next_code_node with LABEL / JUMP / RETURN records. LABEL: stores rec as the label entry's defining record (+0x28). JUMP/RETURN to a not-yet-defined label: records the current block (g_current_block) in the label's jump-source list (+0x20). Then, if the current block starts with a LABEL that an earlier block jumps to, and check_block_move_branches / check_label_movable agree, deletes that jump (00407e70 + 00407d80, target_labno = 0) and relinks the next_block chain so the current block directly follows the jumping block (the blocks in between move after it), runs delete_branch_to_next_label on the following LABEL and updates g_prev_block / g_current_block.
00414a30	check_block_move_branches	short check_block_move_branches(code_node *block, code_node *last_block, code_node *jump_source)	orig: sc_brchk ("sc_brchk start!", "sc_brchk end! rc = %d"). Returns 1 in the low short (the caller move_target_block_after_jump tests (short)) when jump_source->target_labno == block->labno, block and last_block both have target labels and end in a labelled JUMP (find_block_label_jump), the three jump targets differ, jump_source's target is block's own psd[0] LABEL, and check_label_movable agrees; else 0. 4-byte return kept (Ghidra leaves garbage in the high half). | return narrowed: callers use the low half (move_target_block_after_jump: (short))
00414b40	check_label_movable	short check_label_movable(short labno)	orig: labchk ("labchk start! labno = %d", "labtype = %d", "labchk end! rc=%d"). Looks the label up in g_label_hash (leaves it in g_label_lookup) and always returns 1: the check is a stub in this release. Callers: move_target_block_after_jump, check_block_move_branches.
00414bf0	find_block_label_jump	psd *find_block_label_jump(code_node *block)	orig: brsrchk ("brsrchk end! cp==%08lx", "brsrchk end! return 0"). Scans the block's nodes for an unconditional JUMP with a label operand and returns it; returns 0 at any other branch, or at SWBGN (g_brsrchk_switch_marker = 1) / SWEND (= -1).
00414d40	delete_switch_markers_in_block	void delete_switch_markers_in_block(code_node *block)	Only caller delete_switch_markers_from_cursor. Walks the block's records up to its first branch: SWBGN/SWEND go to delete_switch_marker_pair; after a SWEND it sets g_after_switch_end, and from then on every label record (0x18-0x1b) also goes to delete_switch_marker_pair (which deletes a complete SWBGN/SWEND pair).
00414de0	delete_switch_marker_pair	void delete_switch_marker_pair(psd *rec)	orig: sw_delete ("sw_delete start!", "SWBGN & SWEND delete!", "sw_delete end!"). Keeps a stack of {SWBGN, SWEND} record pairs (g_switch_marker_pairs, depth g_switch_marker_depth): SWBGN pushes, SWEND pops and stores itself; any other record (not CASEJMP) with a complete pair at the current depth sets both markers' op to 0. With g_switch_track_only set it records 0 instead of the records (nothing gets deleted).
00414f00	block_has_non_marker_records	char block_has_non_marker_records(code_node *block)	Returns 1 when any node of the block holds a record other than DUMMY/LINE/SWBGN/SWEND, else 0. Ghidra returns CONCAT31(garbage,1); the only caller move_target_block_after_jump tests the low byte.
00414f40	delete_branch_to_next_label	void delete_branch_to_next_label(psd *label_rec)	orig: nxtbrdel ("nxtbrdel start! code pointer = %08lx", "delete code (%08lx) exit number"). label_rec is a block's psd[0] LABEL (block = label_rec - 0x10). Finds the preceding block holding code (00409b70 + block_has_code_records); if its final record (find_block_final_record) is JUMP/JUMPT/JUMPF/RETURN to this label, removes that block from the label's jump-source list (JUMP), drops the label references (00407e70) and deletes the branch, clears target_labno; then delete_trailing_branches_to_label. Callers: load_next_code_node, rewrite_branch_target_chains, delete_dead_labels_from_node_list, move_target_block_after_jump, 004152f0.
004150c0	delete_trailing_branches_to_label	void delete_trailing_branches_to_label(code_node *block, psd *label_rec)	Only caller delete_branch_to_next_label. Loop: steps back from block to the nearest block with code (block_has_code_records) and, while that block's final record is JUMP/JUMPT/JUMPF/RETURN to label_rec's label, deletes it (same steps as nxtbrdel), so "bt L; bra L; L:" loses both branches.
00415230	block_has_code_records	char block_has_code_records(code_node *block)	Returns 1 when the block holds a record other than DUMMY/SWBGN/SWEND/LINE/LABEL/CLABEL/DLABEL. Ghidra returns CONCAT31(garbage,1); every caller tests the low byte: load_next_code_node, delete_branch_to_next_label, delete_trailing_branches_to_label, delete_redundant_conditional_branch.
00415280	rewrite_branch_targets_for_node_list	void rewrite_branch_targets_for_node_list(void)	Existing name kept: for every block with a target_labno whose final record (find_block_final_record) is JUMP/JUMPT/JUMPF/RETURN it sets g_whole_list_pass = 1, g_prev_block, g_current_block and calls rewrite_branch_target_chains. First whole-list pass in optimize_current_node_list.
004152f0	clean_records_and_merge_common_code	void clean_records_and_merge_common_code(void)	(was sanitize_node_records_before_branch_rewrite) EXISTING NAME IS MISLEADING: optimize_current_node_list calls it AFTER rewrite_branch_targets_for_node_list. It runs delete_switch_markers_from_cursor, then for every record up to each node's first branch: sanitize_record_for_serialization (dropping a label whose record vanished: 00409a70/00407f00/004099f0/00409a50), and for each LABEL the common-code merge 004131d0 (d_comcd) and delete_branch_to_next_label; finally sanitizes a copy of the 0x18-byte record at 00429bd0 as a LABEL. Suggest clean_records_and_merge_common_code. Signature unchanged.
00415410	compute_block_sptravel_delta	int compute_block_sptravel_delta(code_node *block, int sptravel)	Only caller 004131d0 (d_comcd), which stores the result in the merged block's psd[0].sptravel (+0x14). Walks the block (each node up to a branch) summing stack effects: @r15+ / @-r15 operands (00407690 = operand size), CALL to a runtime routine (labno < 0xb7) adds g_runtime_call_sptravel[labno], ADD/SUB #imm,r15 (directly or through the MOVI found by 00409760); LABEL resets the sum to 0. Returns |sptravel - sum|. The sum starts as the block pointer but the block always starts with a LABEL that zeroes it.
00415630	delete_switch_markers_from_cursor	void delete_switch_markers_from_cursor(void)	Advances g_switch_scan_block (to g_current_node_list when 0, else ->next_block) and runs delete_switch_markers_in_block on it; when g_switch_track_only is 0 it continues over all following blocks. Callers: 0040ea50 (emission, with g_switch_track_only = 1), move_target_block_after_jump, 004152f0.
00415690	invert_cond_branch_over_jump	void invert_cond_branch_over_jump(psd *label_rec)	(was delete_redundant_conditional_branch) orig: d_condbr ("d_condbr start!", "delete code (%08lx) exit number"). EXISTING NAME IS MISLEADING: for "bcond L; <unlabelled block ending in JUMP/RETURN M>; L:" it inverts the conditional branch (JUMPT <-> JUMPF), retargets it to M, moves the target label, unlinks the jump block from M's jump-source list and deletes the unconditional jump. Suggest invert_cond_branch_over_jump. Callers: load_next_code_node, delete_dead_labels_from_node_list.
00415860	fill_branch_delay_slots	void fill_branch_delay_slots(code_node *list)	(was rewrite_branch_test_records_with_masks) EXISTING NAME rewrite_branch_test_records_with_masks IS WRONG: this is the delay-slot filling pass (optimize_current_node_list calls it just before emit_backend_record_streams; notes/shcpep.md: NOPing it changes the .sub). For each branch-type record (EXIT/RETURN/CALL/JUMP/JUMPT/JUMPF/RTE/BRA/BSR/JMP/JSR/RTS/BSRF/BRAF) it finds the previous movable record (find_previous_branch_rewrite_anchor), sets the branch's register use/def masks (g_branch_uses_lo/hi, g_branch_defs_lo/hi from g_reg_masks: target/call register, PR for calls, T for conditional branches and RTE, the epilogue's registers via add_epilogue_register_masks for EXIT/RETURN), steps over the T-setting compare before a JUMPT/JUMPF (accumulate_compare_test_record_masks) and calls validate_branch_rewrite_masks; a JUMPT/JUMPF with nothing movable before it goes to rewrite_delay_move_branch_sequence (fill from the target). JUMPT/JUMPF only when request +0x18 is set; EXIT/RETURN only when classify_branch_rewrite_mode != 0.
00415ec0	add_epilogue_register_masks	void add_epilogue_register_masks(void)	Only caller fill_branch_delay_slots (EXIT, and RETURN with mode < 2). From the current function's aux record (g_aux_record_table + g_current_function_index*0x44): a non-zero frame (+0 plus +0x24) adds r15 and memory to the branch uses/defs (>= 0x80 also r1); unless aux +0xb & 0x80 adds PR; aux +0x17 bit 0, +8 bit 0, +8 bit 1 add r15 plus registers 0x65/0x67/0x68: the registers the epilogue restores, which the slot record must not touch.
00416110	classify_branch_rewrite_mode	short classify_branch_rewrite_mode(psd *rec)	Name acceptable; more precise: classify_return_slot_mode. For EXIT, or RETURN with fewer than 2 saved registers (count_function_saved_registers): 0 when aux +0xa & 0x3800; 1 when no saved registers and (no aux 0x8000 flag or a zero frame); else 0. Otherwise returns the saved-register count. fill_branch_delay_slots skips the slot when 0 and adds epilogue masks when < 2.
00416170	count_function_saved_registers	short count_function_saved_registers(void)	Counts set bits in the current function's aux record (g_current_function_index*0x44): +4 (16 bits), +0x17 (2 bits), +6 (16 bits), +8 (2 bits), the registers the prologue/epilogue save and restore. Callers: classify_branch_rewrite_mode, 00410630 (tests > 1).
00416200	find_previous_slot_candidate	psd *find_previous_slot_candidate(code_node *node, psd *rec)	(was find_previous_branch_rewrite_anchor) Name vague; more precise: find_previous_slot_candidate. From rec steps backwards (00409760) over non-instructions (ADD #0 without label, CASEJMP, LINE, DUMMY, CTBL/CENT, SWBGN/SWEND, ENTER, label ops) until node->psd[0]; returns the first real instruction, or 0 when it is a call (JSR/BSR/CALL/BSRF) or still a non-instruction. Used by fill_branch_delay_slots and validate_branch_rewrite_masks.
004162f0	select_delay_slot_record	char select_delay_slot_record(code_node *node, psd *cand)	(was validate_branch_rewrite_masks) EXISTING NAME IS MISLEADING (it chooses and marks the slot record, it does not just validate); suggest select_delay_slot_record. Walks backwards from cand (via find_previous_branch_rewrite_anchor): computes each record's register uses (g_cand_uses_lo/hi) and defs (g_cand_defs_lo/hi) incl. memory/T/GBR/r15, stops when 00419500 says so; when delay_slot_masks_disjoint holds (and the SLOT_NO_STACK rule of _pep_rules.c does not reject a frame access) it marks the record flg |= 0x40 (goes into the next branch's slot) and the following JUMPT/JUMPF misc |= 0x80 (delayed form) and returns 1; otherwise it ORs the record's masks into the branch masks and tries the previous record. Returns 0 when none qualifies. Caller fill_branch_delay_slots.
00416d00	delay_slot_masks_disjoint	char delay_slot_masks_disjoint(void)	Returns 1 when the candidate's defs do not meet the branch window's uses and the candidate's uses do not meet its defs (g_cand_defs_lo & g_branch_uses_lo, g_cand_defs_hi & g_branch_uses_hi, g_cand_uses_lo & g_branch_defs_lo, g_cand_uses_hi & g_branch_defs_hi all zero), else 0. Callers validate_branch_rewrite_masks and rewrite_delay_move_branch_sequence use only the byte.
00416d40	accumulate_compare_test_record_masks	char accumulate_compare_test_record_masks(psd *rec)	Existing name kept. For a T-setting record (CMP/EQ..CMP/STR 0x50-0x57, TST, DT, ops 0xc0/0xc1/0xc7) adds T to the branch uses/defs plus the record's register operands (GBR and memory for TST #imm,@(R0,GBR)) and returns 1; else 0. Caller fill_branch_delay_slots tests the byte.
00417080	fill_cond_branch_slot_from_target	void fill_cond_branch_slot_from_target(code_node *node, psd *branch)	(was rewrite_delay_move_branch_sequence) orig: delaymov ("delaymov start!", "delaymov end!"). Existing name vague; suggest fill_cond_branch_slot_from_target. For a JUMPT/JUMPF to label L whose fall-through block has no label and is followed by L's block (or by an unlabelled block that jumps to a second once-referenced label): if L is referenced once, takes the first movable record after L (find_slot_candidate_after_label), checks it against the branch masks (delay_slot_masks_disjoint; SLOT_NO_STACK hook in the rebuild) and against every record of the fall-through block(s) (none may be CASEJMP/CALL/JSR/BSR/BSRF), then move_record_into_branch_slot and adjust_label_sptravel_for_moved_record. Ghidra's sig has no return value (the rebuild declares int).
004174f0	move_record_into_branch_slot	void move_record_into_branch_slot(psd *cand, code_node *node, psd *branch)	orig: mvcode ("mvcode start!", "mvcode end!"). In node's last node finds branch; the record after it (or a newly allocated node when the branch is at index >= 14) must be empty: copies the branch there, copies cand into the branch's old place and deletes cand from the target block (00407d80); marks the moved record flg |= 0x40 and the branch misc |= 0x80 (the marks validate_branch_rewrite_masks uses). Caller rewrite_delay_move_branch_sequence.
004175b0	find_slot_candidate_after_label	psd *find_slot_candidate_after_label(code_node *block, psd *label_rec)	Only caller rewrite_delay_move_branch_sequence (label_rec = the label entry's defining record, +0x28). Returns the first real record after label_rec (skipping ADD #0, DUMMY, LINE, CTBL/CENT, SWBGN/SWEND), or 0 when it is a branch/call/RTE/CASEJMP/ENTER/op 0xa0/0x30/0x31, a MOVI that 00409ad0 rejects, or an unlabelled MOVI that ends the block.
00417700	adjust_label_sptravel_for_moved_record	void adjust_label_sptravel_for_moved_record(psd *rec, code_node *target_block, code_node *second_block)	Only caller rewrite_delay_move_branch_sequence, after the move. Computes rec's stack effect (@r15+ / @-r15 operand size via 00407690, ADD #imm,r15) and adds it to psd[0].sptravel of target_block and second_block when their psd[0] is LABEL/CLABEL/DLABEL.
00417870	dump_memory_hex	int dump_memory_hex(unsigned char *addr, char *title, int size)	Debug hex dump: prints the address and title, then size bytes in rows of 16 via dump_hex_line; prints the "<<<...*00000000 ADDRESS..." message for a null address. Callers pass records with titles such as "dc_cpycd : input psdtbl dmp" and sizes 0x18/0xc/8 (copy_psd_record, copy_ea, copy_label_ref_list, 00403200, 00409840, 00413bb0). Returns the last row's result (0).
004178f0	dump_hex_line	int dump_hex_line(int count, unsigned char *bytes)	One row of dump_memory_hex: count bytes as "%02x", padding to 0x12 columns, then the printable characters (others as a placeholder). Returns 0.
004179a0	decide_literal_pool_placement	unsigned int decide_literal_pool_placement(psd *rec, FILE *lit_out)	(was emit_literal_pool_entries_for_record) Existing name kept, but it is imprecise: the function emits no pool entries. It is the literal-pool placement rule. It collects the literals each record needs into three hash tables (g_word_literal_table 00429570, g_long_literal_table 00429780, g_frame_offset_literal_table 00429990) and adds their sizes to g_pool_pending_literal_bytes (2 or 4 each). It adds the record's code size (compute_record_code_size) to g_pool_code_bytes. At branch records (RTS 0x96, RTE 0x8e, BRA 0x92, JMP 0x94, JUMP 0x24, EXIT 0x21, RETURN 0x22) it writes a 1-byte decision (1 = place the pool after this branch) to the .lit stream: flush when code+pool > limit-0x30, limit 0x1fe with word literals pending, else 0x3fc. It forces a flush past 0x1ce/0x3cc in straight code. Returns (pool bytes + 2) in the low 16 bits, or 0; callers (emit_backend_record_streams, FUN_0040ea50) use (short). Suggested name: decide_literal_pool_placement. lit_out = g_lit_output at both call sites.
00418cb0	find_pool_literal	int find_pool_literal(literal_table *table, unsigned int value, label_ref *labels)	Hashes value + every labno1/labno2 of labels mod 0x7f. Walks the bucket chain (table+0xc+4*hash, chained by entry+4) and calls pool_literal_matches. Returns 1 if an equal literal is already pending, else 0. Callers pass 0x429570/0x429780/0x429990 (the literal tables). table would be literal_table * (types_proposal.h).
00418d10	pool_literal_matches	int pool_literal_matches(literal_entry *entry, int value, label_ref *labels)	1 if entry->value (+8) == value and entry's label list (+0xc) holds the same labno1/labno2 set as labels (each one matched once via a 20-flag scratch array), else 0. Only caller is find_pool_literal. entry would be literal_entry *.
00418e50	add_pool_literal	void add_pool_literal(literal_table *table, unsigned int value, label_ref *labels)	Allocates a 0x10-byte entry (FUN_00407890(0x10)) with value at +8 and a copy of the label list (8-byte nodes) at +0xc. Links it into hash bucket (value + labnos) % 0x7f (chain +4) and onto the table's insertion list (head +0, tail +4), and increments count +8. Callers: emit_literal_pool_entries_for_record, second pass.
00418f30	clear_pool_literal_table	void clear_pool_literal_table(literal_table *table)	Frees every entry (FUN_00407c30(e,0x10)) and its label nodes (8 bytes each), zeroes the 0x7f buckets, then head/tail/count. Reports internal error 0x12f2 if the freed count != table->count (+8). Called at every pool flush.
00418fc0	write_final_literal_pool_flag	void write_final_literal_pool_flag(FILE *lit_out)	Writes one byte 1 (= place pool) to the .lit stream; error 0xce7 on failure. Called once by shcpep_main just before closing g_lit_output.
00419000	is_word_symbol_literal	int is_word_symbol_literal(int value, label_ref *labels)	1 if labels is a single symbol (labno2 == 0) for which FUN_00409c50 returns nonzero (the "address fits a word literal" test; emit_literal_pool puts those in the word table). value is unused. Caller: emit_literal_pool_entries_for_record, MOVA_PC/MOVI cases.
00419030	get_marked_symbol_kind	int get_marked_symbol_kind(label_ref *labels)	If labels is one node with labno2 == -0x8000, returns FUN_00409ca0(labno1) (symbol attribute bits & 3), else 0. Callers compare the full value (==1: no pool literal needed; ==0: long literal). Ghidra's sig says undefined (void), but the disassembly returns EAX and callers use it, so int is proposed: LEAD DECIDE.
00419060	accumulate_operand_register_masks	void accumulate_operand_register_masks(psd *rec, int which)	which 1 = ea1, 2 = ea2. ORs the registers the operand reads or writes into g_record_regs_touched_lo/hi (00429c40/44) and those it modifies (pre-decrement, post-increment, or a direct register the record changes per FUN_00408120 "regchgchk") into g_record_regs_written_lo/hi (0042ad58/5c), via g_register_mask_table (00425ff8, registers >= 0x60 go to the _hi word). EA kinds 10/11/12 add the PC/GBR bits. Bad EA kind: internal error 0x127b. Callers: compute_record_register_masks, validate_branch_rewrite_masks, FUN_00405a80.
00419500	is_register_scan_barrier	char is_register_scan_barrier(psd *rec)	1 for LDC (0x8c) to control register 0x61 or 0x63, and for TRAPA (0x9e) / SLEEP (0x9f), else 0. Register scans stop here. Callers test the low byte only: validate_branch_rewrite_masks (loop exit) and compute_record_register_masks.
00419540	accumulate_t_bit_masks	void accumulate_t_bit_masks(psd *rec)	Adds T (register 0x61, mask 0042617c) to the touched mask, and to the written mask for T-setting ops: SHAL/SHLL/ROTx/CMP/ADDC/... (0x48..0x79 minus the non-T list), CASEJMP, TST/TAS/DT/CLRT/RTE/SETT, 0xc0/0xc1/0xc7. Ops that only read T (JUMPT/JUMPF, MOVT, BF/BT, BT/S, BF/S, TRAPA) add touched only. Only caller: accumulate_special_register_masks.
00419720	accumulate_special_register_masks	void accumulate_special_register_masks(psd *rec)	MUL/MULS/MULU (0x6f-0x71) add MACL (reg 0x65); MAC (0x72) and CLRMAC (0x9b) add MACH (0x64) and MACL, each to both touched and written. Every other op goes to accumulate_t_bit_masks. Callers: compute_record_register_masks, validate_branch_rewrite_masks.
004197b0	compute_record_register_masks	char compute_record_register_masks(psd *rec)	Clears the four g_record_regs_* masks, then fills them for one record. Per-op cases: ENTER/EXIT/CALL/JUMP*/MOV_LOC/MOVA*/0x2c/0x2e/CMP/TST/DT/JSR/BSR/RTS..., including PR (0x66), r15 and MACH/MACL clobbered by calls when request->macsave (+0x36) == 0. Then it handles the operands (accumulate_operand_register_masks) and accumulate_special_register_masks. Returns 1 for NULL/OP_NON_10/SLEEP and for scan barriers (is_register_scan_barrier), and 0 for directives (op < 0x10, 0x14..0x1f) and ADD #0. Callers test the low byte (rewrite_delay_move_branch_sequence, FUN_0040fb20, FUN_00411ed0, FUN_004120d0, FUN_00405a80).
0041a950	move_psd_record	void move_psd_record(psd *src, psd *dst)	Frees dst's operands (FUN_0040f6e0) unless dst is a label/CTBL/CENT/LINE/CASEJMP/OP_NON_10/PROGRAM directive. Copies op/flg/misc/tmp/sptravel/expno and the op-dependent tail (+0xc..+0x17) from src to dst, transferring operand ownership. Then clears src to an empty record (op 0, tmp 0xff). Only caller: FUN_00405a80.
0041ac60	compute_record_code_size	short compute_record_code_size(psd *rec)	(was measure_serialized_record_size) EXISTING NAME IS WRONG: this is the SH target code size in bytes of the record, not its .sub size. Base value from g_op_code_size_table (00427c80, short per op: MOV=2, BRA/RTS=4 with delay slot, CALL=6, JUMPT=10, CASEJMP=58). Adjusted for CTBL (count*4), OP_NON_10 data (even length + 2), ENTER/EXIT/RETURN (2 bytes per saved register from count_saved_registers, frame adjust 2 or 4), MOV_LOC (g_mov_loc_size_table by displacement range) and flag 0x40 (-2). Low 16 bits = size; callers use (short) (load_next_code_node sums it, emit_backend_record_streams, emit_literal_pool_entries_for_record). Suggested name: compute_record_code_size. | return narrowed: callers use the low half (sizes added as short, written as bytes)
0041b150	count_saved_registers	short count_saved_registers(short aux_index)	Counts the set bits of the aux record's two 16-bit register masks (+4, +6) of g_aux_record_table[aux_index] (0x44-byte records), adjusted by flags +0xa (0x4000/0x1800), +0x17 bits 1/2 and +8 bits 1/2 (extra saved specials). Low 16 bits used ((short)) by callers: compute_record_code_size (2 bytes per push), frame_offset_to_sp_displacement (4 bytes each), emit_literal_pool_entries_for_record (RETURN case, < 2). The count is a 16-bit counter and every caller reads its low half ((short)).
0041b1e0	frame_offset_to_sp_displacement	int frame_offset_to_sp_displacement(int frame_offset, int sp_travel)	Returns aux.frame_size (+0 of g_aux_record_table[g_current_aux_index]) + sp_travel + frame_offset, plus 4*count_saved_registers (+4 if aux+0xb bit 0x80 clear) for frame_offset >= 0, or just +4 for a negative offset. Callers pass ea->disp and psd.sptravel of MOV_LOC/MOVA_LC records (compute_record_code_size, emit_literal_pool_entries_for_record).
0041b250	write_sub_record	void write_sub_record(FILE *out, psd *rec)	Resets g_sub_filno=1, g_sub_linno=0 and g_sub_report_extra_arg=0, then writes the op byte and dispatches on g_sub_record_format_table[op][0] (00427ec0): 1 write_sub_machine_op_record, 2 casejmp, 3 ctbl, 4 cent, 5 label, 6 line, 7 nothing, 8 write_sub_instruction_record, 9 op10, 10 section. op > 0xf1 or format 0: error 0x1318; bad format: 0x1319.
0041b3b0	write_sub_casejmp_record	void write_sub_casejmp_record(FILE *out, psd *rec)	Format 2 (OP_CASEJMP only): expno (+8, 4), filno (+0xc, 2), linno (+0xe, 2), +0x10 (4), +0x14 (4) via write_sub_bytes.
0041b410	write_sub_cent_record	void write_sub_cent_record(FILE *out, psd *rec)	Format 4 (OP_CENT only): 2 bytes at +0x10.
0041b430	write_sub_ctbl_record	void write_sub_ctbl_record(FILE *out, psd *rec)	Format 3 (OP_CTBL only): the shorts at +0xc (entry count; compute_record_code_size uses it *4) and +0xe.
0041b460	write_sub_label_record	void write_sub_label_record(FILE *out, psd *rec)	Format 5 (LABEL/CLABEL/DLABEL/FLABEL): the label number (+0x10, 2 bytes) and sptravel (+4, 4 bytes).
0041b490	write_sub_line_record	void write_sub_line_record(FILE *out, psd *rec)	Format 6 (OP_LINE only): sets g_sub_filno/g_sub_linno from filno/linno, then writes filno (2), linno (2) and 1 byte at +0x10.
0041b4e0	write_sub_machine_op_record	void write_sub_machine_op_record(FILE *out, psd *rec)	Format 1 (every SH machine op, MOV..0xf1): sets g_sub_filno/linno and writes filno, linno, expno, flg, misc and the operand count. The count must equal g_sub_record_format_table[op][1], else error 0x1310. Then each operand via write_sub_operand(out, ea, flg & 3).
0041b5f0	write_sub_operand	void write_sub_operand(FILE *out, ea *op, char size)	Existing name and signature kept.
0041b8e0	count_label_ref_markers	short count_label_ref_markers(label_ref *labels)	Counts labno1/labno2 fields equal to -0x8000 (0x8000) in the list. write_sub_operand requires exactly one on a labelled @(disp,GBR) operand (else error 0x1311).
0041b910	write_sub_label_list	void write_sub_label_list(FILE *out, label_ref *labels)	Writes a 4-byte count of the nonzero labno1/labno2 values (stopping at the first 0), then each one as 2 bytes. Called after every operand value in write_sub_operand.
0041b9b0	write_sub_instruction_record	void write_sub_instruction_record(FILE *out, psd *rec)	Existing name and signature kept. Format 8: the pseudo instructions ENTER/EXIT/RETURN/CALL/JUMP/JUMPT/JUMPF/MOV_LOC/MOVA_LC/MOVA_PC/MOVI/MOVA_FC/0x2c/0x2e/0x30/0x31.
0041bf20	write_sub_op10_record	void write_sub_op10_record(FILE *out, psd *rec)	Format 9 (OP_NON_10 only): sets g_sub_filno/linno and writes filno, linno, +0x10 (4) and +0x14 (4). +0x14 is the length that compute_record_code_size rounds up to even + 2.
0041bf80	write_sub_section_record	void write_sub_section_record(FILE *out, psd *rec)	Format 10 (PROGRAM/CONST/DATA/BSS): the 2-byte section number at +0xc. This is the id that find_request_section (0040fae0) looks up in request->sections.
0041bfa0	write_sub_bytes	void write_sub_bytes(FILE *out, char *buf, unsigned int n)	write_file_bytes(out, buf, n). On -1 it reports 0xce7 (cannot output) through FUN_00410e90(g_sub_filno, g_sub_linno, ...). An extra 5th argument g_sub_report_extra_arg is pushed (FUN_00410e90 takes 4). Used by every write_sub_* helper.
0041bff0	read_file_bytes	unsigned int read_file_bytes(FILE *in, char *buf, unsigned int n)	fread(buf,1,n,in) (via __fread_lk). Returns -1 for a NULL file/buffer or n < 1. When nothing was read: 0 at a clean EOF (_flag 0x10 without 0x20), else -1. Used by the request loader, the request trailer copy and others.
0041c050	write_file_bytes	unsigned int write_file_bytes(FILE *out, char *buf, unsigned int n)	fwrite(buf, n, 1, out) (FUN_0041e8d0). Returns n, or -1 on failure, a NULL file/buffer or n < 1. Shared by every stage writer: request store, .lit decision bytes, message records.
0041c0a0	store_request_record_file	short store_request_record_file(int stage, char *path)	Existing name. stage is unused (shcpep_main passes 3). Opens path "wb" and writes the short g_request_fixed_size, the raw fixed part (write_request_fixed_part), the variable part (write_request_variable_part) and the saved trailer (copy_request_trailer_from_temp) if any. Then frees g_request_record_path. Errors 0xce4/0xce5 -> stock_exit(9). The return value's low 16 bits are 0 (upper half = stock_free's EAX); shcpep_main tests (short)==-1. request would be request *. Returns XOR AX,AX (0) after the final free; low half: shcpep_main tests (short) == -1, handle_fault_signal ignores it.
0041c180	check_request_write_result	void check_request_write_result(int result)	result == -1 -> report_message_by_code(request->source_name, 0, 0xce7 cannot output) and stock_exit(9). Used after every request-store write.
0041c1b0	write_request_fixed_part	void write_request_fixed_part(request *req, FILE *out)	Writes the first g_request_fixed_size bytes of the request verbatim (pointer fields included; the loader overwrites them).
0041c1e0	write_request_variable_part	void write_request_variable_part(request *req, FILE *out)	Writes the string count 0x1e (30), then the 30 counted strings (fields +0x00, +0x38, +0x3c, +0x50..+0xa8, +0x114, +0x140, +0x11c, +0x120), then the lists +0x24, +0x40, +0x48, +0x4c, +0xec, +0xb8, +0xbc, +0xc0, the +0x144 block and the string +0x15c. Mirror of read_request_variable_part. request would be request *.
0041c460	write_request_string	void write_request_string(char **field, FILE *out)	Writes short (strlen+1) and the bytes including the NUL, or a short 0 for NULL.
0041c4f0	write_request_section_list	void write_request_section_list(request_section **list, FILE *out)	Writes the count of the 0x20-byte section records (chained by +0x1c) at request+0x24, then each record raw (0x20 bytes) followed by its name (+4) of length +2 plus 1.
0041c590	write_request_string_list_040	void write_request_string_list_040(request_string **list, FILE *out)	Writes count + counted strings of a {next, char *} list. Called for request+0x40 (read back by read_request_string_list_040, 8-byte nodes). Same code as write_request_string_list_048.
0041c630	write_request_string_list_048	void write_request_string_list_048(request_string12 **list, FILE *out)	Same code as write_request_string_list_040, called for request+0x48 (12-byte nodes on load).
0041c6d0	write_request_sized_string_list	void write_request_sized_string_list(request_sized_string **list, FILE *out)	List at request+0x4c, nodes {next, char *str, short len-1}: count, then each string as short (len+1) plus bytes.
0041c770	write_request_source_file_list	void write_request_source_file_list(request_source_file **list, FILE *out)	List at request+0xec, nodes {next, short filno, short len, char *name}: count, then 4 bytes (filno, strlen+1) and the name. report_message_by_code and FUN_00410e90 map file names to and from numbers through this list.
0041c820	write_request_11byte_entry_list	void write_request_11byte_entry_list(request_entry **list, FILE *out)	Lists at request+0xb8 and +0xbc, 16-byte nodes: count, then 11 bytes per node (+4..+7, +0xc, +0xe, +0xf, +8..+0xb). Mirror of read_request_11byte_entry_list. Meaning of the entries unknown.
0041c8e0	write_request_12byte_entry_list	void write_request_12byte_entry_list(request_entry **list, FILE *out)	List at request+0xc0, 16-byte nodes: count, then 12 bytes per node (+8..+0xb, +4..+7, +0xc..+0xf). Mirror of read_request_12byte_entry_list.
0041c9b0	write_request_cpp_block	void write_request_cpp_block(request_cpp_block **block, FILE *out)	Block at request+0x144: writes the short g_request_cpp_block_size and, if nonzero, the raw block, the string count 5 and the 5 counted strings at block+4..+0x14. Mirror of read_request_cpp_block.
0041ca80	copy_request_trailer_from_temp	void copy_request_trailer_from_temp(FILE *out)	Rewinds g_request_trailer_file and copies it byte by byte to out (the request file being stored). Clears the pointer and calls close_and_delete_temp_files. Caller: store_request_record_file when a trailer was saved.
0041cb10	load_request_record_file	request *load_request_record_file(short stage, char *path)	Existing name. Opens path "rb" and reads the short fixed size into g_request_fixed_size. Allocates the request (stock_malloc), reads the fixed part and the variable part, picks the SHC_/SHCPP_ env names from request+0x144 and saves the trailer for this stage. Sets g_loaded_request and request->stage (+0x118) = stage. Errors 0xce4/0xbcd/0xce5, and 0xceb when g_request_version_mismatch. Copies path to g_request_record_path. Returns the request (would be request *).
0041ccb0	check_request_read_result	void check_request_read_result(int result)	result 0 or -1 -> report_message_by_code(NULL, 0, 0xce6 cannot input) and stock_exit(9). Used after every request-load read.
0041cce0	read_request_fixed_part	void read_request_fixed_part(request *req, FILE *in)	Reads g_request_fixed_size bytes into the request.
0041cd10	read_request_variable_part	void read_request_variable_part(request *req, FILE *in)	Reads the string count, then the 30 counted strings into the same fields write_request_variable_part writes. If request+0x144 (C++ block) is 0, compares +0x11c with "SH SERIES C Compiler Ver. 5.0(Release26)" and +0x120 with the Hitachi copyright and sets g_request_version_mismatch on a difference. A count != 0x1e: error 0x12c1, stock_exit(11). Then reads the lists +0x24, +0x40, +0x48, +0x4c, +0xec, +0xb8, +0xbc, +0xc0, the +0x144 block and string +0x15c.
0041d060	read_request_string	void read_request_string(char **field, FILE *in)	Reads a short length; if nonzero, stock_malloc(len) and reads the bytes into *field, else *field = NULL. 0xbcd on allocation failure.
0041d0f0	read_request_section_list	void read_request_section_list(request_section **list, FILE *in)	Reads a count of 0x20-byte section records (each stock_malloc(0x20)), each followed by its name (length +2, plus 1). Sets +4 = name, clears +0x18 and next (+0x1c), and appends in order. Read back into request+0x24.
0041d210	read_request_string_list_040	void read_request_string_list_040(request_string **list, FILE *in)	Count + counted strings into 8-byte nodes {next, char *}. A zero length is error 0x12c2 (stock_exit 11). For request+0x40.
0041d350	read_request_string_list_048	void read_request_string_list_048(request_string12 **list, FILE *in)	Same as read_request_string_list_040 with 12-byte nodes (+8 left unset) and error 0x12c3. For request+0x48.
0041d490	read_request_sized_string_list	void read_request_sized_string_list(request_sized_string **list, FILE *in)	12-byte nodes {next, char *str, short len-1}; a zero length is error 0x12c3. For request+0x4c.
0041d5d0	read_request_source_file_list	void read_request_source_file_list(request_source_file **list, FILE *in)	12-byte nodes {next, short filno, short name_len, char *name}, read as 4 bytes (filno, len) then the name. A zero length is error 0x12c4. For request+0xec.
0041d720	read_request_11byte_entry_list	void read_request_11byte_entry_list(request_entry **list, FILE *in)	Reads a count of 11-byte entries into 16-byte nodes (stock_malloc(0x10)): bytes 0-3 -> +4..+7, 4-6 -> +0xc, +0xe, +0xf, 7-10 -> +8..+0xb. Appends in order. For request+0xb8 and +0xbc.
0041d820	read_request_12byte_entry_list	void read_request_12byte_entry_list(request_entry **list, FILE *in)	Reads a count of 12-byte entries into 16-byte nodes: bytes 0-3 -> +8..+0xb, 4-7 -> +4..+7, 8-11 -> +0xc..+0xf. For request+0xc0.
0041d930	read_request_cpp_block	void read_request_cpp_block(request_cpp_block **block, FILE *in)	Reads a short size; if nonzero, sets g_request_cpp_block_size, stock_malloc(size), reads the raw block and a count, then 5 counted strings into block+4..+0x14, and stores the block pointer. Nonzero at request+0x144 means C++ (SHCPP_* env names, no version check).
0041da20	save_request_trailer_to_temp	void save_request_trailer_to_temp(FILE *in, short stage)	If bytes follow the request in the file and stage != 5, opens a temp file (open_temp_file) as g_request_trailer_file and copies the rest of the file into it, else sets that to NULL. Caller: load_request_record_file. copy_request_trailer_from_temp writes it back on store.
0041dab0	configure_signal_handlers	void configure_signal_handlers(int mode)	Existing name. mode != 1 installs handlers for SIGINT(2), SIGBREAK(0x15), SIGILL(4), SIGABRT(0x16) and SIGSEGV(0xb). Source shcpsig.c.
0041db10	handle_interrupt_signal	void handle_interrupt_signal(int sig)	CREATE: not a function in the analysis (only configure_signal_handlers pushes its address). The SIGINT handler: close_and_delete_temp_files, then exit(13). As shcasm 004329a0.
0041db20	handle_fault_signal	void handle_fault_signal(int sig)	CREATE: not a function in the analysis (only configure_signal_handlers pushes its address). The handler of SIGBREAK/SIGILL/SIGABRT/SIGSEGV (0x15, 4, 0x16, 0xb): close_and_delete_temp_files; for a C++ request (g_loaded_request->cpp_block) of stage 0 with errors and message_flags bit 0 clear it stores the request back (store_request_record_file(0, g_request_record_path)) and exits 7; else exit(15). As shcasm 004329b0.
0041db80	emit_progress_banner	void emit_progress_banner(short stage)	Existing name. fputs(g_progress_banner_table[stage]) + newline to stderr (00428510) and fflush. Source shcptitl.c.
0041dbc0	open_temp_file	FILE *open_temp_file(void)	Returns NULL if 8 temp files are already open. Otherwise builds make_temp_file_name() + ".tmp", opens it "wb+" (0xce4 on failure) and records {path, FILE*} in g_temp_files[g_temp_file_count++]. Returns the FILE*. Ghidra's int is a pointer. Source shcptmp.c.
0041dcf0	close_and_delete_temp_files	void close_and_delete_temp_files(void)	For each g_temp_files entry: fclose (0xce5), delete the file (FUN_00423aa0, 0xce8 cannot delete), free the path. Then g_temp_file_count = 0. Also called on fatal exits.
0041dd90	make_temp_file_name	char *make_temp_file_name(void)	Directory from get_env_directory(g_tmp_env_name) ("" if unset; 0xcf9 if too long). Then sprintf("%s%d.%d", dir, abs(GetCurrentProcessId()), g_temp_name_counter++) into a stock_malloc'd buffer sized from tmpnam and the pid digit count. Returns g_temp_name_buffer.
0041deb0	report_message_by_code	short report_message_by_code(char *file_name, int line, int msgno, char *text)	Name taken from shcasm's 00434550. Looks file_name up in request->source_files (+0xec) for its number. Appends a record (short msgno, int line, short 0, short filno, byte len, text <= 255) to the message file request+0x60 ("ab"). This happens when msgno/1000 > 0, request+0x124 & 8, or request+0x14a == 1. Write failures go to report_message_file_error_and_exit. Counts: msgno/1000 0 -> +0x160, 1|5 -> warning_count +0xc8, 2|6 -> error_count +0xcc. Nothing if no request is loaded. Callers ignore the return value (low 16 bits are 0). Source shcpmsc2.c. It returns 0 in AX (the high half is whatever EAX held), the low half; no caller reads the result.
0041e120	report_message_file_error_and_exit	void report_message_file_error_and_exit(int msgno)	Prints "\n  <source>(0) : <msgno> " to stdout (004284f0) plus "Internal error" for 4xxx or the 33xx "(F) Cannot open/close/input/output internal file" text (table at 004283c8). Then close_and_delete_temp_files and stock_exit(0x29 or 0x2b). Only caller: report_message_by_code.
0041e200	get_env_directory	char *get_env_directory(char *var_name, int *ok)	getenv(var_name) copied into the static buffer g_env_directory (at most 0x74 chars) with a trailing '\\' added if missing. Returns NULL if the variable is unset (*ok = 1) or too long (*ok = 0). An empty value returns "". Caller: make_temp_file_name (var = SHC_TMP or SHCPP_TMP).
0041e2c0	select_env_variable_names	void select_env_variable_names(int is_cplusplus)	Sets g_inc_env_name/g_tmp_env_name/g_lib_env_name* to "SHC_INC"/"SHC_TMP"/"SHC_LIB" (0) or "SHCPP_INC"/"SHCPP_TMP"/"SHCPP_LIB". Caller: load_request_record_file with request+0x144 != 0.
0041e330	_printf	int _printf(char *format, ...)	Library printf (Ghidra FID_conflict:_wprintf, VS98 _printf): __stbuf/_output/__ftbuf on stdout 004284f0. Used by every debug trace.
0041e370	stock_malloc	void *stock_malloc(unsigned int size)	CRT malloc: stock_nh_malloc(size, _newmode 004287a8). Ghidra's sig says undefined (void), but it returns stock_nh_malloc's EAX and every caller uses the pointer: LEAD DECIDE (void *).
0041e390	stock_nh_malloc	void *stock_nh_malloc(unsigned int size, int call_new_handler)	CRT _nh_malloc: NULL if size > 0xffffffe0, size 0 becomes 1. Loops stock_heap_alloc, calling the new handler (FUN_0041fdf0) while call_new_handler and the handler succeeds. Ghidra's int is the pointer.
0041e3d0	stock_heap_alloc	void *stock_heap_alloc(unsigned int size)	CRT _heap_alloc: HeapAlloc(_crtheap 0042af50, 0, size). Ghidra's sig says undefined, but the value is returned in EAX and stock_nh_malloc uses it: LEAD DECIDE (void *).
0041e3f0	stock_free	void stock_free(void *p)	CRT free: HeapFree(_crtheap, 0, p) if p. store_request_record_file returns this call's EAX & 0xffff0000 (low half 0, the only part callers test), so void is safe.
0041e410	_fclose	int _fclose(FILE *file)	Library fclose (FID match). Keep the library name.
0041e480	stock_calloc	void *stock_calloc(int count, int size)	CRT calloc: HeapAlloc(_crtheap, HEAP_ZERO_MEMORY, count*size) with the new-handler retry loop. Callers: load_symbol_aux_record_stream (0x2c and 0x44 record arrays).
0041e4e0	__fsopen	FILE *__fsopen(char *file_name, char *mode, int share_flag)	Library _fsopen (FID match). Keep the library name.
0041e510	open_shared_file	FILE *open_shared_file(char *path, char *mode)	Existing name. __fsopen(path, mode, 0x40 = _SH_DENYNO). Ghidra's sig says undefined, but it returns __fsopen's FILE* in EAX and every caller uses it: LEAD DECIDE (FILE *).
0041e530	stock_cinit	void stock_cinit(void)	CRT _cinit: calls _FPinit (0042bf68) if set, then _initterm over the C initializers (00425008..00425010) and C++ initializers (00425000..00425004) via FUN_0041e620.
0041e560	stock_exit	void stock_exit(unsigned int exit_code)	CRT exit: FUN_0041e5a0(code, 0, 0) = _doexit. Used for every fatal stop (9, 11, ...) and by shcpep_main's normal exit(1).
0041e5a0	stock_doexit	void stock_doexit(int exit_code, int quick, int retcaller)	CRT doexit (crt0dat.c, static). Sets _C_Exit_Done=1 and _exitflag=(char)retcaller; if !quick runs the onexit table __onexitend-4 down to __onexitbegin, then _initterm(__xp_a,__xp_z); always _initterm(__xt_a,__xt_z); ExitProcess(code) unless retcaller. Caller ___exit passes (code,1,0). Compiled in rebuild src -> stock_ prefix.
0041e620	stock_initterm	void stock_initterm(undefined4 *pfbegin, undefined4 *pfend)	CRT _initterm(_PVFV *pfbegin, _PVFV *pfend) (crt0dat.c, static): calls each non-null function pointer in [begin,end). Called by doexit with __xp_a/__xp_z and __xt_a/__xt_z. Params are pointer-to-function-pointer (no allowed type), so no signature. Compiled -> stock_ prefix. Parameter names from the CRT source; the export's widths and types.
0041e750	__amsg_exit	void __amsg_exit(int rterrnum)	Kept (FID: crt0dat.c). Parameter names from the CRT source; the export's widths and types.
0041e8d0	__fwrite_lk	unsigned int __fwrite_lk(char *buf, unsigned int size, unsigned int count, FILE *stream)	CRT fwrite body (fwrite.c; single-thread libc, so this IS fwrite; same body as _fwrite_lk, named to match the existing __fread_lk). Copies into _ptr/_cnt, __flsbuf for single chars while the rest is smaller than the buffer, __flush then _write for whole buffers, sets _IOERR (0x20). Caller FUN_0041c050. Not compiled: _crt_shim.c defines FUN_0041e8d0 as fwrite(); rename that shim definition (C name __fwrite_lk -> symbol ___fwrite_lk, no libc collision).
0041eab0	_signal	int _signal(int sig, void *handler)	Kept (library name; excluded, replaced by _crt_shim.c _signal). SIG: two parameters (every caller pushes the signal number and the handler; Ghidra's one-parameter form made the rebuild register garbage). As shcasm 00435cd0.
0041ec60	siglookup	unsigned int siglookup(int signum)	Kept (FID: signal.c static). Parameter names from the CRT source; the export's widths and types.
0041ed70	stock_flsall	int stock_flsall(int flushflag)	CRT flsall (fflush.c, static): walks __piob[0..511] (0x800 bytes), _fflush on in-use streams (_flag & 0x83); FLUSHALL (1) returns the count, FFLUSHNULL (0) only write streams and returns -1 on any error. Compiled -> stock_ prefix.
0041f060	init_namebuf	void init_namebuf(int flag)	Kept (FID: tmpnam.c static). Parameter names from the CRT source; the export's widths and types.
0041f0f0	genfname	int genfname(byte *fname)	Kept (FID: tmpnam.c static). Parameter names from the CRT source; the export's widths and types.
0041f300	__output	int __output(FILE *stream, unsigned char *format, int *argptr)	CRT _output (output.c): the printf engine. __lookuptable state machine (states at 0x00424010, char class at 0x423ff0+ch), flags ' ' '#' '+' '-' '0', I64/h/l/w, %c %C %s %S %Z %d %i %u %o %x %X %p %n %e %f %g (through _cfltcvt_tab), write_char/write_multi_char/write_string, get_int_arg/get_int64_arg/get_short_arg, _wctomb, __aulldiv/__aullrem, __nullstring "(null)". argptr is the va_list (Ghidra undefined4 *). Not compiled (src/_crt_excluded); the host CRT's printf family replaces it.
0041fdb0	stock_get_int_arg	int stock_get_int_arg(int *pargptr)	CRT get_int_arg (output.c, static): reads an int from the va_list and advances it by 4. Only caller _output. Compiled -> stock_ prefix.
0041fdc0	stock_get_int64_arg		CRT get_int64_arg (output.c, static): reads an __int64 from the va_list and advances by 8 (_output, I64 modifier). Returns 8 bytes (undefined8), no allowed type, so no signature. Compiled -> stock_ prefix.
0041fde0	stock_get_short_arg	unsigned short stock_get_short_arg(int *pargptr)	CRT get_short_arg (output.c, static): reads a short (the wchar_t for %C) and advances the va_list by 4; _output passes the result to _wctomb. Compiled -> stock_ prefix.
0041fdf0	stock_callnewh	int stock_callnewh(unsigned int size)	CRT _callnewh (handler.cpp): if _pnhHeap (0x00429458) is set, calls it with size and returns 1 when it returns nonzero, else 0. Caller realloc (0x00423950) retry loop. Compiled -> stock_ prefix.
0041fe20	stock_heap_init	void stock_heap_init(void)	CRT _heap_init (heapinit.c): _crtheap = HeapCreate(HEAP_NO_SERIALIZE (1), 0x1000, 0). First call in entry (mainCRTStartup), before _ioinit; no small-block heap, no result check (older single-thread form). Compiled -> stock_ prefix.
004202b6	stock_NLG_Notify	void stock_NLG_Notify(void)	CRT _NLG_Notify (exsup.asm, non-local-goto debugger hook): stores EAX, [EBP+8] and EBP into _NLG_Destination +4/+8/+0xc (0x004287b4/b8/bc). Sits right after __local_unwind2. Compiled -> stock_ prefix.
00420460	stock_setenvp	void stock_setenvp(void)	CRT _setenvp (stdenvp.c): counts _aenvptr strings not starting with '=', mallocs _environ (count+1)*4, copies each string, _amsg_exit(_RT_SPACEENV = 9) on failure, frees _aenvptr, NULL-terminates. Called by entry after __setargv. Compiled -> stock_ prefix.
004205e0	parse_cmdline	void parse_cmdline(byte *cmdstart, undefined4 *argv, byte *args, int *numargs, int *numchars)	Kept (FID: stdargv.c static). Parameter names from the CRT source; the export's widths and types.
004207c0	stock_crtGetEnvironmentStringsA	char *stock_crtGetEnvironmentStringsA(void)	CRT __crtGetEnvironmentStringsA (aw_env.c): static f_use (0x00428850) picks GetEnvironmentStringsW + WideCharToMultiByte (1) or a copy of GetEnvironmentStrings (2); returns a malloc'd block, frees the OS block. entry stores the result in _aenvptr. Compiled -> stock_ prefix.
00420960	stock_setmbcp	int stock_setmbcp(int codepage)	CRT _setmbcp (mbctype.c): getSystemCP; unchanged -> 0; 0 -> setSBCS; known code page -> _mbctype from __rgcode_page_info (0x00428980, 0x30-byte entries) ranges ORed with __rgctypeflag; else GetCPInfo LeadByte ranges (_M1 4, _M2 8); sets __mbcodepage, __mblcid (_CPtoLCID), __mbulinfo[3]; GetCPInfo failure -> -1 unless fSystemSet (then setSBCS). Compiled -> stock_ prefix.
00420b40	getSystemCP	int getSystemCP(int codepage)	Kept (FID: mbctype.c static). Parameter names from the CRT source; the export's widths and types.
00420b90	_CPtoLCID	int _CPtoLCID(int codepage)	Kept (FID: mbctype.c static). Parameter names from the CRT source; the export's widths and types.
00420c20	stock_initmbctable	void stock_initmbctable(void)	CRT __initmbctable (mbctype.c): _setmbcp(_MB_CP_ANSI = -3). Called by entry after _ioinit. Compiled -> stock_ prefix.
00420c30	stock_ioinit	void stock_ioinit(void)	CRT _ioinit (ioinit.c): mallocs the first __pioinfo block (32 x 8-byte ioinfo: osfhnd -1, osfile 0, pipech 10; _amsg_exit(_RT_LOWIOINIT = 0x1b) on failure), inherits handles from STARTUPINFO cbReserved2/lpReserved2 (max 2048), sets fh 0..2 from GetStdHandle/GetFileType (FOPEN|FTEXT 0x81, FDEV 0x40, FPIPE 8), SetHandleCount(_nhandle). Called by entry. Compiled -> stock_ prefix.
00420ec9	__seh_longjmp_unwind		CRT _seh_longjmp_unwind@4 (SEH longjmp support): EBP = jmp_buf[0], then _local_unwind2(jmp_buf Registration (+0x18), jmp_buf TryLevel (+0x1c)); ret 4 (stdcall). The jmp_buf is typed int with offset arithmetic, so no signature. Not compiled (src/_crt_excluded).
00420f30	stock_NMSG_WRITE	void stock_NMSG_WRITE(int rterrnum)	CRT _NMSG_WRITE (crt0msg.c): finds rterrnum in rterrs (0x00428ce0, 8-byte {num, text} entries to 0x00428d68); __error_mode == _OUT_TO_STDERR or (_OUT_TO_DEFAULT and __app_type == console) -> WriteFile to the stderr handle; else (not _RT_CRNL 0xfc) builds "Runtime Error!\n\nProgram: " + GetModuleFileNameA (or "<program name unknown>", cut to 60 chars with "...") + "\n\n" + text and calls __crtMessageBoxA(text, "Microsoft Visual C++ Runtime Library", 0x12010). Compiled -> stock_ prefix.
00421210	stock_read	int stock_read(unsigned int fh, char *buf, unsigned int cnt)	CRT _read (read.c; single-thread, = _read_lk body): fh < _nhandle and FOPEN, pipe lookahead (pipech), ReadFile; ERROR_ACCESS_DENIED -> EBADF, ERROR_BROKEN_PIPE (0x6d) -> 0, else _dosmaperr; text mode CRLF -> LF and ^Z (0x1a) with _lseek(fh,-1,1). Caller _sopen (^Z check). Compiled -> stock_ prefix.
00421480	__flsbuf	unsigned int __flsbuf(unsigned int ch, FILE *stream)	CRT _flsbuf (_flsbuf.c): needs _IOWRT/_IORW (0x82) and not _IOSTRG (0x40); switches a _IOREAD stream at EOF to writing; __getbuf unless stdout/stderr (0x004284f0/0x00428510 = _iob[1]/_iob[2]) is a tty (_isatty); _write of the buffer or the single char, _lseek(fh,0,2) for FAPPEND (0x20); _IOERR on short writes; returns ch & 0xff or -1. Callers __fwrite_lk, write_char. Not compiled (src/_crt_excluded).
004215d0	stock_write	int stock_write(unsigned int fh, char *buf, unsigned int cnt)	CRT _write (write.c; single-thread, = _write_lk body): FAPPEND -> _lseek(fh,0,2); binary: WriteFile; text (FTEXT 0x80): LF -> CRLF through a 0x400-byte local buffer; ERROR_ACCESS_DENIED (5) -> EBADF; nothing written on a device and buf[0] == ^Z -> 0; else ENOSPC (0x1c). Callers __fwrite_lk, __flsbuf. Compiled -> stock_ prefix.
00421800	stock_dosmaperr	void stock_dosmaperr(unsigned int oserrno)	CRT _dosmaperr (dosmap.c): _doserrno = oserrno; errtable lookup (0x00428dd0, 8-byte {oscode, errno} pairs to 0x00428f38); 19..36 -> EACCES (13), 188..202 -> ENOEXEC (8), else EINVAL (0x16). Compiled -> stock_ prefix.
00421870	stock_lseek	unsigned int stock_lseek(unsigned int fh, int pos, unsigned int mthd)	CRT _lseek (lseek.c, single-thread body): _get_osfhandle, SetFilePointer(h, pos, NULL, mthd), GetLastError -> _dosmaperr, clears FEOFLAG (0x02). Compiled -> stock_ prefix.
00421930	stock_commit	int stock_commit(unsigned int fh)	CRT _commit (commit.c): FlushFileBuffers(_get_osfhandle(fh)); failure -> errno EBADF, _doserrno = GetLastError(). Compiled -> stock_ prefix.
004219a0	stock_fcloseall	int stock_fcloseall(void)	CRT _fcloseall (closeall.c): for i = 3.._nstream-1, _fclose in-use streams (counting successes) and free __piob[i] once i >= _IOB_ENTRIES (20; byte offset 0x50). Compiled -> stock_ prefix.
00421aa0	stock_sopen	unsigned int stock_sopen(char *path, unsigned int oflag, int shflag, unsigned int pmode)	CRT _sopen (open.c; the varargs pmode is the 4th stack word): oflag -> CreateFileA access, share (_SH_DENYRW 0x10 .. _SH_DENYNO 0x40), disposition, attributes; _O_TEXT/_O_BINARY vs _fmode; _alloc_osfhnd, __set_osfhnd, GetFileType; _O_RDWR text ^Z trim via _lseek/_read/__chsize; errno EINVAL (0x16), EMFILE (0x18). Compiled -> stock_ prefix.
00421ec0	xtoa	void xtoa(unsigned int val, char *buf, unsigned int radix, int is_neg)	Kept (FID: xtoa.c static). Parameter names from the CRT source; the export's widths and types.
00421f50	stock_strtoxl	unsigned int stock_strtoxl(byte *nptr, undefined4 *endptr, unsigned int ibase, unsigned int flags)	CRT strtoxl (strtol.c, static): skips isspace (_pctype, or _isctype when __mb_cur_max > 1), sign, base 0/16 "0x" prefix, digits via isdigit / isalpha + toupper, overflow -> ERANGE (0x22) with LONG_MAX/LONG_MIN/ULONG_MAX by flags (FL_UNSIGNED 1, FL_NEG 2, FL_OVERFLOW 4, FL_READDIGIT 8). Caller _strtoul. No signature: endptr is a char ** (Ghidra undefined4 *). Compiled -> stock_ prefix. Parameter names from the CRT source; the export's widths and types.
004221c0	stock_mbsrchr	char *stock_mbsrchr(unsigned char *str, unsigned int ch)	CRT _mbsrchr (mbsrchr.c): __mbcodepage == 0 -> strrchr; else a DBCS walk using the _mbctype lead-byte flag (_M1 4). Caller genfname uses the result (FUN_004221c0(name, '.')). LEAD: the export's sig line says 'undefined' (no return value) but rebuild src already declares char *; this signature follows the rebuild. Compiled -> stock_ prefix.
00422230	stock_rmtmp	int stock_rmtmp(void)	CRT _rmtmp (rmtmp.c): _fclose every in-use stream in __piob[0.._nstream) whose _tmpnum (FILE +0x1c, Ghidra _tmpfname) is set; returns the count. Compiled -> stock_ prefix.
004223f0	stock_isatty	unsigned char stock_isatty(unsigned int fh)	CRT _isatty (isatty.c): fh >= _nhandle -> 0, else _osfile(fh) & FDEV (0x40). Byte return as Ghidra has it; caller __flsbuf. Compiled -> stock_ prefix.
004225b0	stock_alloc_osfhnd	int stock_alloc_osfhnd(void)	CRT _alloc_osfhnd (osfinfo.c): first ioinfo without FOPEN in the __pioinfo blocks (sets osfhnd -1), or mallocs a new 32-entry block (_nhandle += 32); returns fh or -1. Caller _sopen. Compiled -> stock_ prefix.
00422670	__set_osfhnd	int __set_osfhnd(int fh, long value)	Kept (FID: osfinfo.c). Parameter names from the CRT source; the export's widths and types.
00422720	stock_free_osfhnd	int stock_free_osfhnd(unsigned int fh)	CRT _free_osfhnd (osfinfo.c): if FOPEN with a handle: console app (__app_type == 1) -> SetStdHandle(STD_INPUT/OUTPUT/ERROR_HANDLE, NULL) for fh 0..2; osfhnd = -1, return 0; else EBADF, -1. Compiled -> stock_ prefix.
004227b0	stock_get_osfhandle	int stock_get_osfhandle(unsigned int fh)	CRT _get_osfhandle (osfinfo.c): _osfhnd(fh) if fh < _nhandle and FOPEN, else errno EBADF and -1. Callers _lseek, _commit. Compiled -> stock_ prefix.
004228a0	stock_strncpy	char *stock_strncpy(char *dest, char *source, int count)	CRT strncpy (C form): copies at most count chars, pads with NULs, returns dest. Caller _NMSG_WRITE ("..." when shortening the program name). Compiled -> stock_ prefix.
00422920	stock_strlen	char *stock_strlen(unsigned int *str)	CRT strlen (strlen.asm): byte loop to dword alignment, then the 0x7efefeff / 0x81010100 zero-byte test. Param typed uint * by Ghidra (word stepping); the signature keeps the export's types and names the parameter. Compiled -> stock_ prefix. Parameter names from the CRT source; the export's widths and types.
00422e50	stock_crtCompareStringA	int stock_crtCompareStringA(unsigned int locale, unsigned int flags, unsigned char *str1, unsigned int cnt1, unsigned char *str2, unsigned int cnt2, unsigned int code_page)	CRT __crtCompareStringA (a_cmp.c): static f_use (0x0042922c) probes CompareStringA then CompareStringW; strncnt for positive counts; USE_A -> CompareStringA; USE_W -> code_page defaults to __lc_codepage, empty-string results via GetCPInfo LeadByte, two MultiByteToWideChar + CompareStringW, buffers freed. 4-byte return (Ghidra size_t). Compiled -> stock_ prefix.
00423170	stock_crtsetenv	int stock_crtsetenv(unsigned char *option, int primary)	CRT __crtsetenv (setenv.c): "NAME=value" split by _mbschr '='; copy_environ when _environ == __initenv; creates _environ/_wenviron or calls __wtomb_environ; findenv; inserts/replaces/removes with realloc; when primary, SetEnvironmentVariableA(name, value or NULL). Compiled -> stock_ prefix.
004233c0	findenv	int findenv(uchar *name, unsigned int len)	Kept (FID: setenv.c static). Parameter names from the CRT source; the export's widths and types.
00423420	copy_environ	undefined4 *copy_environ(int *oldenviron)	Kept (FID: setenv.c static). Parameter names from the CRT source; the export's widths and types.
004234a0	stock_fptrap	void stock_fptrap(void)	CRT _fptrap (fp8.c): _amsg_exit(_RT_FLOAT = 2) ("floating point not loaded"). No direct callers: it is the default target of the _cfltcvt_tab pointers that _output calls for %e/%f/%g. Compiled -> stock_ prefix.
004234b0	stock_strncat	char *stock_strncat(char *front, char *back, int count)	CRT strncat (C form): appends at most count chars of back to front, NUL-terminates, returns front. Compiled -> stock_ prefix.
004234f0	stock_setmode	int stock_setmode(unsigned int fh, int mode)	CRT _setmode (setmode.c, single-thread body): _O_BINARY (0x8000) clears FTEXT, _O_TEXT (0x4000) sets it, else EINVAL; returns the old mode (0x4000/0x8000); bad fh -> EBADF. Compiled -> stock_ prefix.
00423570	__chkstk	void __chkstk(void)	CRT _chkstk / _alloca_probe (chkstk.asm): size in EAX, probes the stack one 0x1000 page at a time, moves ESP and jumps back to the return address. Not compiled: _crt_shim.c defines FUN_00423570 as a no-op (the VC6 compiler probes its own frames); rename that shim definition (C name __chkstk -> symbol ___chkstk, no collision with the compiler's __chkstk).
00423950	stock_realloc	void *stock_realloc(void *block, unsigned int size)	CRT realloc (realloc.c, no small-block heap): NULL block -> malloc (0x0041e370); size 0 -> free (0x0041e3f0), NULL; else HeapReAlloc(_crtheap, 0, block, size) for size <= _HEAP_MAXREQ (0xffffffe0), retried through _callnewh while _newmode is set. Caller __crtsetenv. Compiled -> stock_ prefix.
00423a50	stock_strchr	char *stock_strchr(char *str, char ch)	CRT strchr (C form): first position equal to ch (the terminator included), else NULL. Caller _mbschr when __mbcodepage == 0. Compiled -> stock_ prefix.
00423a70	stock_remove	int stock_remove(char *path)	CRT remove (unlink.c): DeleteFileA; failure -> _dosmaperr(GetLastError()), -1; else 0. Caller _unlink. Compiled -> stock_ prefix.
00423aa0	stock_unlink	int stock_unlink(char *path)	CRT _unlink (unlink.c): return remove(path). Caller FUN_0041dcf0 uses the result. LEAD: the export's sig line says 'undefined' (no return value) but rebuild src already returns undefined4; this signature follows the rebuild. Compiled -> stock_ prefix.
